-- MySQL dump 10.13  Distrib 8.0.40, for Win64 (x86_64)
--
-- Host: localhost    Database: toolpilot_wpf_dev
-- ------------------------------------------------------
-- Server version	8.0.40

/*!40101 SET @OLD_CHARACTER_SET_CLIENT=@@CHARACTER_SET_CLIENT */;
/*!40101 SET @OLD_CHARACTER_SET_RESULTS=@@CHARACTER_SET_RESULTS */;
/*!40101 SET @OLD_COLLATION_CONNECTION=@@COLLATION_CONNECTION */;
/*!50503 SET NAMES utf8 */;
/*!40103 SET @OLD_TIME_ZONE=@@TIME_ZONE */;
/*!40103 SET TIME_ZONE='+00:00' */;
/*!40014 SET @OLD_UNIQUE_CHECKS=@@UNIQUE_CHECKS, UNIQUE_CHECKS=0 */;
/*!40014 SET @OLD_FOREIGN_KEY_CHECKS=@@FOREIGN_KEY_CHECKS, FOREIGN_KEY_CHECKS=0 */;
/*!40101 SET @OLD_SQL_MODE=@@SQL_MODE, SQL_MODE='NO_AUTO_VALUE_ON_ZERO' */;
/*!40111 SET @OLD_SQL_NOTES=@@SQL_NOTES, SQL_NOTES=0 */;

--
-- Table structure for table `company_settings`
--

DROP TABLE IF EXISTS `company_settings`;
/*!40101 SET @saved_cs_client     = @@character_set_client */;
/*!50503 SET character_set_client = utf8mb4 */;
CREATE TABLE `company_settings` (
  `settings_id` int NOT NULL AUTO_INCREMENT,
  `settings_name` varchar(45) DEFAULT NULL,
  `settings_value` varchar(255) DEFAULT NULL,
  PRIMARY KEY (`settings_id`)
) ENGINE=InnoDB AUTO_INCREMENT=26 DEFAULT CHARSET=utf8mb4 COLLATE=utf8mb4_0900_ai_ci;
/*!40101 SET character_set_client = @saved_cs_client */;

--
-- Dumping data for table `company_settings`
--

LOCK TABLES `company_settings` WRITE;
/*!40000 ALTER TABLE `company_settings` DISABLE KEYS */;
INSERT INTO `company_settings` VALUES (1,'company_name',NULL),(2,'company_adress',NULL),(3,'company_city',NULL),(4,'company_postcode',NULL),(5,'company_phone',NULL),(6,'company_mail',NULL),(7,'global_decimal',NULL),(8,'global_stockerror_mail',NULL),(9,'global_order_mail',NULL),(10,'global_currency',NULL),(11,'global_history_path',NULL),(12,'global_letterpaper_path',NULL),(13,'margin_bottom',NULL),(14,'margin_top',NULL),(15,'margin_left',NULL),(16,'margin_right',NULL),(17,'global_orderdoc_path',NULL),(18,'company_mail_password',NULL),(19,'company_mail_port',NULL),(20,'company_mail_host',NULL),(21,'master_password',NULL),(22,'global_image_path',NULL),(23,'global_culture_id',NULL),(24,'global_measure_equip_protocol_path',NULL),(25,'max_rents',NULL);
/*!40000 ALTER TABLE `company_settings` ENABLE KEYS */;
UNLOCK TABLES;

--
-- Table structure for table `compartment_item_relations`
--

DROP TABLE IF EXISTS `compartment_item_relations`;
/*!40101 SET @saved_cs_client     = @@character_set_client */;
/*!50503 SET character_set_client = utf8mb4 */;
CREATE TABLE `compartment_item_relations` (
  `location_id` int NOT NULL AUTO_INCREMENT,
  `compartment_id` int DEFAULT NULL,
  `item_id` int DEFAULT NULL,
  `item_quantity` int DEFAULT NULL,
  `item_constructed` tinyint DEFAULT NULL,
  `item_used` tinyint DEFAULT NULL,
  PRIMARY KEY (`location_id`)
) ENGINE=InnoDB AUTO_INCREMENT=1668 DEFAULT CHARSET=utf8mb4 COLLATE=utf8mb4_0900_ai_ci;
/*!40101 SET character_set_client = @saved_cs_client */;

--
-- Dumping data for table `compartment_item_relations`
--

LOCK TABLES `compartment_item_relations` WRITE;
/*!40000 ALTER TABLE `compartment_item_relations` DISABLE KEYS */;
INSERT INTO `compartment_item_relations` VALUES (1058,5413,626,5,0,0),(1059,5414,629,0,0,0),(1062,5417,229,1,0,0),(1066,5418,230,1,0,0),(1068,5671,743,8,0,0),(1069,5419,1225,1,0,0),(1070,5672,763,3,0,0),(1071,5673,762,5,0,0),(1072,5420,1226,1,0,0),(1073,5421,1227,1,0,0),(1074,5674,750,2,0,0),(1075,5675,749,7,0,0),(1076,5676,770,0,0,0),(1077,5677,776,8,0,0),(1078,5678,772,2,0,0),(1079,5679,751,10,0,0),(1080,5680,752,2,0,0),(1081,5681,774,13,0,0),(1082,5682,764,1,0,0),(1083,5683,799,7,0,0),(1084,5684,842,10,0,0),(1086,5686,714,5,0,0),(1087,5687,732,3,0,0),(1088,5688,766,4,0,0),(1089,5689,768,6,0,0),(1090,5690,769,10,0,0),(1091,5691,771,5,0,0),(1092,5692,1228,0,0,0),(1093,5693,1229,8,0,0),(1094,5694,724,4,0,0),(1096,5695,790,6,0,0),(1097,5696,788,8,0,0),(1098,5697,789,8,0,0),(1099,5698,793,11,0,0),(1100,5699,730,17,0,0),(1101,5700,715,9,0,0),(1102,5701,712,8,0,0),(1103,5702,717,6,0,0),(1104,5703,711,3,0,0),(1105,5704,778,0,0,0),(1106,5705,777,4,0,0),(1107,5706,797,27,0,0),(1108,5707,798,12,0,0),(1109,5422,1231,0,0,0),(1112,5708,1234,2,0,0),(1113,5709,739,2,0,0),(1114,5710,738,1,0,0),(1115,5711,808,7,0,0),(1116,5713,807,4,0,0),(1117,5714,821,4,0,0),(1118,5717,742,5,0,0),(1119,5721,820,0,0,0),(1120,5723,1191,1,0,0),(1123,5426,1157,3,0,0),(1124,5724,819,1,0,0),(1125,5725,1174,18,0,0),(1126,5427,626,1,0,0),(1127,5734,723,10,0,0),(1128,5737,832,2,0,0),(1129,5744,1105,20,0,0),(1130,5747,1107,49,0,0),(1131,5753,1108,13,0,0),(1132,5754,1112,32,0,0),(1136,5789,787,12,0,0),(1137,5806,716,8,0,0),(1138,5808,1178,10,0,0),(1139,5810,1198,11,0,0),(1140,5815,720,5,0,0),(1141,5816,721,13,0,0),(1142,5818,733,1,0,0),(1143,5820,735,13,0,0),(1144,5712,1235,2,0,0),(1145,5423,658,1,0,0),(1146,5424,659,1,0,0),(1147,5425,660,1,0,0),(1148,5428,612,1,0,0),(1149,5994,615,1,0,0),(1150,5995,618,1,0,0),(1151,5429,612,1,0,0),(1153,5430,610,1,0,0),(1154,5715,822,0,0,0),(1155,5716,1236,2,0,0),(1156,5718,1237,0,0,0),(1157,5720,1186,4,0,0),(1158,5729,1150,3,0,0),(1159,5733,748,9,0,0),(1160,5735,775,9,0,0),(1161,5736,843,4,0,0),(1162,5738,828,1,0,0),(1164,5822,726,40,0,0),(1165,5823,1197,3,0,0),(1166,5824,729,12,0,0),(1167,5826,727,5,0,0),(1168,5827,725,6,0,0),(1169,5828,736,0,0,0),(1170,5829,710,1,0,0),(1171,5830,713,12,0,0),(1173,5832,785,9,0,0),(1174,5831,740,1,0,0),(1175,5833,741,3,0,0),(1176,5857,743,2,0,0),(1177,5858,744,9,0,0),(1178,5859,745,10,0,0),(1179,5860,1195,9,0,0),(1180,5862,746,10,0,0),(1181,6178,728,5,0,0),(1182,5863,747,3,0,0),(1183,5864,754,8,0,0),(1184,5865,755,32,0,0),(1185,5866,756,24,0,0),(1186,5867,757,10,0,0),(1187,5868,758,4,0,0),(1188,5869,759,13,0,0),(1189,5870,760,3,0,0),(1190,5871,761,3,0,0),(1191,5873,1169,22,0,0),(1192,5874,792,15,0,0),(1193,5875,791,6,0,0),(1194,5876,1193,1,0,0),(1195,5877,784,0,0,0),(1196,5878,804,0,0,0),(1197,5879,795,2,0,0),(1198,5880,794,4,0,0),(1199,5881,796,2,0,0),(1200,5882,273,7,0,0),(1201,5883,1111,1,0,0),(1202,5887,1131,1,0,0),(1203,5889,1133,4,0,0),(1204,5884,1238,10,0,0),(1206,5905,1136,3,0,0),(1207,5885,1130,6,0,0),(1208,5886,1167,9,0,0),(1209,5431,631,4,0,0),(1210,5888,1165,6,0,0),(1211,5890,1124,0,0,0),(1212,5894,1239,11,0,0),(1213,5895,1240,5,0,0),(1214,5896,1132,10,0,0),(1215,5897,726,10,0,0),(1216,5898,1196,5,0,0),(1217,5899,1140,5,0,0),(1218,5903,1187,1,0,0),(1219,5906,1138,13,0,0),(1220,5907,1135,8,0,0),(1221,5908,1202,2,0,0),(1222,5909,1206,8,0,0),(1223,5904,1134,9,0,0),(1224,5913,1168,8,0,0),(1225,5914,1139,10,0,0),(1226,5915,1153,2,0,0),(1227,5916,1200,9,0,0),(1228,5917,1183,0,0,0),(1229,5918,1189,2,0,0),(1230,5919,833,0,0,0),(1231,5923,1151,11,0,0),(1232,5924,1241,2,0,0),(1233,5925,1205,8,0,0),(1234,5926,1242,2,0,0),(1235,5927,1204,6,0,0),(1236,5928,1211,2,0,0),(1238,5933,1203,10,0,0),(1239,5934,1201,1,0,0),(1240,5935,1208,5,0,0),(1241,5936,1216,4,0,0),(1242,5937,1209,9,0,0),(1243,5953,1207,0,0,0),(1244,5797,284,6,0,0),(1245,5795,282,3,0,0),(1246,5773,285,12,0,0),(1247,5775,287,16,0,0),(1248,5891,1243,10,0,0),(1249,5788,840,5,0,0),(1250,5792,841,4,0,0),(1251,5785,836,0,0,0),(1252,5786,836,2,0,0),(1253,5787,834,0,0,0),(1266,5761,1109,2,0,0),(1269,7151,1320,2,0,1),(1270,7152,625,5,0,1),(1271,7154,605,1,0,1),(1272,7156,641,5,0,1),(1273,7159,1316,0,0,1),(1274,7160,382,1,0,1),(1275,7163,2,2,0,1),(1276,7162,1255,1,0,1),(1277,8562,892,2,0,1),(1278,5900,1213,0,0,0),(1279,5892,1324,4,0,0),(1280,5901,1323,4,0,0),(1281,6388,69,0,0,0),(1282,7769,69,2,0,1),(1283,7766,56,1,0,1),(1284,6915,1256,5,0,0),(1285,8154,1256,4,0,1),(1286,6693,370,2,0,0),(1287,7249,370,1,0,1),(1288,5929,1212,2,0,0),(1289,5853,801,10,0,0),(1290,5854,802,4,0,0),(1291,5855,803,5,0,0),(1292,6362,1337,2,0,0),(1293,7319,1337,6,0,1),(1298,5432,618,4,0,0),(1299,5433,613,3,0,0),(1300,5434,1300,4,0,0),(1301,5435,1302,2,0,0),(1302,5436,599,0,0,0),(1303,8609,598,4,0,0),(1304,5847,812,15,0,0),(1305,5756,1173,19,0,0),(1306,5762,1214,38,0,0),(1307,5910,838,1,0,0),(1308,5845,1339,8,0,0),(1309,5844,831,1,0,0),(1310,5843,783,2,0,0),(1311,5846,811,0,0,0),(1312,5848,813,0,0,0),(1313,5849,823,3,0,0),(1314,5850,824,1,0,0),(1315,5851,825,0,0,0),(1316,5852,800,3,0,0),(1320,8169,1038,0,0,0),(1321,8170,1039,2,0,0),(1322,8313,1038,19,0,0),(1323,8314,1039,2,0,0),(1325,7349,412,1,0,0),(1326,8235,412,0,0,0),(1328,7706,1280,2,0,1),(1329,7594,1348,1,0,1),(1330,6900,1348,1,0,0),(1331,6488,1349,2,0,0),(1332,7591,1349,2,0,1),(1334,8155,1350,1,0,0),(1335,7272,1351,2,0,1),(1336,6316,1351,0,0,0),(1337,7274,1353,4,0,1),(1338,6318,1353,2,0,0),(1342,6308,2,3,0,0),(1343,6309,1328,4,0,0),(1344,6310,3,4,0,0),(1345,7266,3,7,0,1),(1346,6311,1329,5,0,0),(1347,6312,1330,4,0,0),(1348,7268,1330,7,0,1),(1349,6313,4,3,0,0),(1350,6314,5,3,0,0),(1351,6315,6,3,0,0),(1352,6317,7,0,0,0),(1353,6319,1333,0,0,0),(1354,6320,1334,2,0,0),(1355,6321,8,2,0,0),(1356,6322,1356,0,0,0),(1357,6323,1354,2,0,0),(1358,7279,1354,4,0,1),(1359,6324,9,2,0,0),(1360,6325,1355,3,0,0),(1361,6326,1357,1,0,0),(1362,6327,1358,5,0,0),(1363,6328,1359,3,0,0),(1364,6329,10,3,0,0),(1365,6330,11,3,0,0),(1366,6331,1360,2,0,0),(1367,6332,1352,2,0,0),(1368,6333,1361,2,0,0),(1369,6334,1320,4,0,0),(1370,6335,13,1,0,0),(1371,7291,13,6,0,1),(1372,7292,14,7,0,1),(1373,6336,14,0,0,0),(1374,6337,1362,1,0,0),(1375,6338,1363,2,0,0),(1376,6339,1364,2,0,0),(1377,6340,1365,2,0,0),(1378,6341,1366,2,0,0),(1379,6342,1367,1,0,0),(1380,6343,1368,0,0,0),(1381,6344,1369,2,0,0),(1382,7301,1369,3,0,1),(1383,6345,1370,0,0,0),(1384,6346,1371,4,0,0),(1385,7303,1371,5,0,1),(1386,6347,1372,0,0,0),(1387,7304,1372,4,0,1),(1388,6348,1373,3,0,0),(1389,7305,1373,2,0,1),(1390,7294,1363,6,0,1),(1391,6349,1374,1,0,0),(1392,6350,1375,1,0,0),(1393,6351,1376,2,0,0),(1394,6352,1377,2,0,0),(1395,6353,1378,2,0,0),(1396,6354,1379,3,0,0),(1397,6355,1380,1,0,0),(1398,5719,806,2,0,0),(1399,5955,805,4,0,0),(1400,5954,1210,8,0,0),(1401,6356,1381,0,0,0),(1402,6357,1382,3,0,0),(1403,6358,1389,2,0,0),(1404,6359,1383,2,0,0),(1405,6360,1384,2,0,0),(1406,6361,1385,0,0,0),(1407,6363,1386,3,0,0),(1408,6364,1387,2,0,0),(1409,6365,1388,3,0,0),(1410,6366,1395,1,0,0),(1411,6367,1396,2,0,0),(1412,6368,1397,3,0,0),(1413,6384,1351,1,0,0),(1414,6390,1398,1,0,0),(1415,6391,1399,1,0,0),(1416,6378,1400,2,0,0),(1417,6381,1402,1,0,0),(1418,6382,1401,2,0,0),(1419,6380,1403,2,0,0),(1420,6386,1391,5,0,0),(1421,6383,1392,5,0,0),(1422,6374,1394,3,0,0),(1423,6375,101,3,0,0),(1424,5461,1404,1,0,0),(1425,5462,1405,0,0,0),(1426,5463,1406,0,0,0),(1427,5464,1407,0,0,0),(1428,8267,1036,10,0,0),(1429,5465,1408,1,0,0),(1430,5466,1409,2,0,0),(1431,5467,1410,3,0,0),(1432,7334,1410,2,0,1),(1433,5468,1411,0,0,0),(1434,10318,1412,1,0,0),(1435,10319,1413,2,0,0),(1436,10320,1414,1,0,0),(1437,5469,1415,5,0,0),(1438,5470,1416,3,0,0),(1439,5471,1417,1,0,0),(1440,5474,1418,2,0,0),(1441,5475,1420,0,0,0),(1442,5476,1421,2,0,0),(1443,10321,1419,1,0,0),(1444,7200,1419,5,0,1),(1445,10322,1424,1,0,0),(1446,10323,1423,1,0,0),(1447,10324,1422,1,0,0),(1448,7273,7,11,0,0),(1449,7363,1411,2,0,1),(1450,7543,1425,2,0,1),(1451,7199,1407,1,0,1),(1452,7287,1360,4,0,1),(1453,7265,1328,6,0,1),(1454,5751,1426,10,0,0),(1455,5453,1253,1,0,0),(1456,5454,179,2,0,0),(1457,5456,180,4,0,0),(1458,5457,202,5,0,0),(1461,5458,171,1,0,0),(1462,5459,183,3,0,0),(1463,5460,182,2,0,0),(1464,10326,185,3,0,0),(1465,10327,172,1,0,0),(1466,10329,1427,3,0,0),(1467,5477,1431,2,0,0),(1468,5478,1428,2,0,0),(1469,5479,1429,4,0,0),(1470,5480,1430,2,0,0),(1472,7201,1433,5,0,1),(1473,6745,1433,3,0,0),(1474,5481,1434,0,0,0),(1475,5482,1394,0,0,0),(1476,5483,101,0,0,0),(1477,5484,1435,0,0,0),(1478,10330,1436,0,0,0),(1479,10331,1438,1,0,0),(1480,5455,1440,2,0,0),(1481,10325,1439,0,0,0),(1482,10328,1441,1,0,0),(1484,5472,1442,2,0,0),(1485,5473,1443,0,0,0),(1486,6851,1281,0,0,0),(1487,7751,1278,0,0,1),(1488,7429,1279,0,0,1),(1489,7368,1281,1,0,1),(1493,8247,1444,1,0,0),(1494,8233,1335,2,0,0),(1495,7149,1047,10,0,0),(1496,7150,1445,10,0,0),(1497,5893,1446,10,0,0),(1499,6555,540,2,0,0),(1500,6503,158,1,0,0),(1501,6506,155,1,0,0),(1502,6507,133,0,0,0),(1503,6513,264,1,0,0),(1504,6527,330,4,0,0),(1505,6528,331,2,0,0),(1506,6529,1255,2,0,0),(1507,6540,538,6,0,0),(1508,6541,543,50,0,0),(1509,6542,530,5,0,0),(1510,6543,534,0,0,0),(1511,6544,532,40,0,0),(1512,6545,1162,32,0,0),(1513,6546,1069,8,0,0),(1514,6547,589,8,0,0),(1515,6548,588,10,0,0),(1516,6550,539,0,0,0),(1517,6551,560,75,0,0),(1518,6552,557,38,0,0),(1519,6553,558,42,0,0),(1520,6554,537,2,0,0),(1521,6556,369,0,0,0),(1522,6558,364,1,0,0),(1523,6535,1279,10,0,0),(1524,6533,140,0,0,0),(1525,6534,414,1,0,0),(1526,6536,1256,0,0,0),(1527,6538,360,1,0,0),(1528,6537,228,1,0,0),(1529,6560,431,2,0,0),(1530,6561,444,1,0,0),(1531,6562,141,1,0,0),(1532,6563,221,3,0,0),(1533,6567,476,3,0,0),(1534,6568,477,2,0,0),(1535,6569,1315,5,0,0),(1536,6572,1268,0,0,0),(1537,6575,700,1,0,0),(1538,6578,387,0,0,0),(1539,6579,755,0,0,0),(1540,6581,448,2,0,0),(1541,6582,445,2,0,0),(1542,6583,118,2,0,0),(1543,6585,251,2,0,0),(1544,6523,1455,0,0,0),(1547,6604,1194,5,0,0),(1548,8245,1215,2,0,0),(1549,5445,1298,0,0,0),(1550,5438,603,6,0,0),(1551,5439,606,0,0,0),(1552,5437,1459,2,0,0),(1553,7247,1459,0,0,1),(1554,7157,1459,2,0,1),(1557,7155,612,5,0,1),(1558,7158,603,2,0,1),(1559,7170,606,0,0,1),(1561,7183,1311,0,0,1),(1562,5440,1311,0,0,0),(1563,5441,1317,5,0,0),(1565,5442,1310,7,0,0),(1566,7172,1310,0,0,1),(1567,5443,1316,3,0,0),(1568,7173,1170,0,0,1),(1569,5444,1309,0,0,0),(1570,7175,1298,0,0,1),(1571,5446,1299,0,0,0),(1572,7185,1299,0,0,1),(1573,5448,1301,6,0,0),(1574,7215,1301,9,0,1),(1575,5450,1306,1,0,0),(1576,7246,1306,0,0,1),(1577,5447,1286,2,0,0),(1579,7214,1286,1,0,1),(1580,5449,1290,8,0,0),(1581,7186,1290,0,0,1),(1582,5452,660,1,0,0),(1583,10332,141,4,0,0),(1584,10333,1460,0,0,0),(1586,10334,609,1,0,0),(1587,7189,609,3,0,1),(1588,10335,601,3,0,0),(1589,10336,1461,3,0,0),(1591,7260,1461,1,0,1),(1598,5415,1472,2,0,0),(1604,7666,1463,1,0,1),(1605,7550,1473,0,0,1),(1606,7631,1462,0,0,1),(1607,8143,342,2,0,1),(1608,8147,1474,0,0,1),(1635,6287,1483,0,0,0),(1636,6288,1484,4,0,0),(1637,6289,1485,5,0,1),(1638,6290,1486,1,0,1),(1639,6291,1487,4,0,1),(1640,6292,121,4,0,1),(1642,6293,1488,3,0,1),(1643,6294,123,3,0,1),(1644,6295,1489,6,0,1),(1645,6296,1490,4,0,1),(1646,6297,125,0,0,1),(1647,6298,1244,4,0,1),(1648,6299,126,7,0,1),(1649,6300,127,0,0,1),(1650,6301,1491,1,0,1),(1651,5416,226,1,0,0),(1655,5451,1166,3,0,0),(1656,5685,1166,2,0,1),(1657,5722,56,1,0,1),(1659,5727,1116,6,0,1),(1660,6611,1116,4,0,0),(1661,6612,1116,3,0,1),(1662,5726,1116,1,0,1),(1663,5728,1116,1,0,1),(1664,5731,412,2,0,0),(1666,5732,412,1,0,1),(1667,5730,1495,1,0,0);
/*!40000 ALTER TABLE `compartment_item_relations` ENABLE KEYS */;
UNLOCK TABLES;

--
-- Table structure for table `compartment_objects`
--

DROP TABLE IF EXISTS `compartment_objects`;
/*!40101 SET @saved_cs_client     = @@character_set_client */;
/*!50503 SET character_set_client = utf8mb4 */;
CREATE TABLE `compartment_objects` (
  `compartment_id` int NOT NULL AUTO_INCREMENT,
  `compartment_name` varchar(255) DEFAULT NULL,
  `drawer_id` varchar(45) DEFAULT NULL,
  `is_dynamic` tinyint DEFAULT '0',
  `reserved_item_id` int DEFAULT NULL,
  `onlyUsed` tinyint DEFAULT '0',
  `onlyNew` tinyint DEFAULT '0',
  PRIMARY KEY (`compartment_id`)
) ENGINE=InnoDB AUTO_INCREMENT=10337 DEFAULT CHARSET=utf8mb4 COLLATE=utf8mb4_0900_ai_ci;
/*!40101 SET character_set_client = @saved_cs_client */;

--
-- Dumping data for table `compartment_objects`
--

LOCK TABLES `compartment_objects` WRITE;
/*!40000 ALTER TABLE `compartment_objects` DISABLE KEYS */;
INSERT INTO `compartment_objects` VALUES (5413,'A1','48',1,1158,0,0),(5414,'A2','48',1,629,0,0),(5415,'A3','48',1,1472,0,0),(5416,'A4','48',1,226,0,0),(5417,'A5','48',1,229,0,0),(5418,'A6','48',1,230,0,0),(5419,'A7','48',1,1225,0,0),(5420,'A8','48',1,1226,0,0),(5421,'B1','48',1,1227,0,0),(5422,'B2','48',1,1231,0,0),(5423,'B3','48',1,658,0,0),(5424,'B4','48',1,659,0,0),(5425,'B5','48',1,660,0,0),(5426,'B6','48',1,1157,0,0),(5427,'B7','48',1,626,0,0),(5428,'B8','48',1,612,0,0),(5429,'C1','48',1,612,0,0),(5430,'C2','48',1,610,0,0),(5431,'C3','48',1,631,0,0),(5432,'C4','48',1,618,0,0),(5433,'C5','48',1,613,0,0),(5434,'C6','48',1,1300,0,0),(5435,'C7','48',1,1302,0,0),(5436,'C8','48',1,599,0,0),(5437,'D1','48',1,1459,0,0),(5438,'D2','48',1,603,0,0),(5439,'D3','48',1,606,0,0),(5440,'D4','48',1,1311,0,0),(5441,'D5','48',1,1317,0,0),(5442,'D6','48',1,1310,0,0),(5443,'D7','48',1,1316,0,0),(5444,'D8','48',1,1309,0,0),(5445,'E1','48',1,1298,0,0),(5446,'E2','48',1,1299,0,0),(5447,'E3','48',1,1286,0,0),(5448,'E4','48',1,1301,0,0),(5449,'E5','48',1,1290,0,0),(5450,'E6','48',1,1306,0,0),(5451,'E7','48',0,NULL,0,0),(5452,'E8','48',1,660,0,0),(5453,'F1','48',1,1253,0,0),(5454,'F2','48',1,179,0,0),(5455,'F3','48',1,1440,0,0),(5456,'F4','48',1,180,0,0),(5457,'F5','48',1,202,0,0),(5458,'F6','48',1,171,0,0),(5459,'F7','48',1,183,0,0),(5460,'F8','48',1,182,0,0),(5461,'G1','48',1,1404,0,0),(5462,'G2','48',1,1405,0,0),(5463,'G3','48',1,1406,0,0),(5464,'G4','48',1,1407,0,0),(5465,'G5','48',1,1408,0,0),(5466,'G6','48',1,1409,0,0),(5467,'G7','48',1,1410,0,0),(5468,'G8','48',1,1411,0,0),(5469,'H1','48',1,1415,0,0),(5470,'H2','48',1,1416,0,0),(5471,'H3','48',1,1417,0,0),(5472,'H4','48',1,1442,0,0),(5473,'H5','48',1,1443,0,0),(5474,'H6','48',1,1418,0,0),(5475,'H7','48',1,1420,0,0),(5476,'H8','48',1,1421,0,0),(5477,'I1','48',1,1431,0,0),(5478,'I2','48',1,1428,0,0),(5479,'I3','48',1,1429,0,0),(5480,'I4','48',1,1430,0,0),(5481,'I5','48',1,1434,0,0),(5482,'I6','48',1,1394,0,0),(5483,'I7','48',1,101,0,0),(5484,'I8','48',1,1435,0,0),(5663,'A1','50',1,274,0,0),(5664,'A2','50',1,276,0,0),(5665,'A3','50',1,275,0,0),(5666,'A4','50',1,839,0,0),(5667,'A5','50',1,844,0,0),(5668,'A6','50',1,773,0,0),(5669,'A7','50',1,767,0,0),(5670,'A8','50',1,753,0,0),(5671,'A9','50',1,743,0,0),(5672,'A10','50',1,763,0,0),(5673,'B1','50',1,762,0,0),(5674,'B2','50',1,750,0,0),(5675,'B3','50',1,749,0,0),(5676,'B4','50',1,770,0,0),(5677,'B5','50',1,776,0,0),(5678,'B6','50',1,772,0,0),(5679,'B7','50',1,751,0,0),(5680,'B8','50',1,752,0,0),(5681,'B9','50',1,774,0,0),(5682,'B10','50',1,764,0,0),(5683,'C1','50',1,799,0,0),(5684,'C2','50',1,842,0,0),(5685,'C3','50',0,NULL,0,0),(5686,'C4','50',1,714,0,0),(5687,'C5','50',1,732,0,0),(5688,'C6','50',1,766,0,0),(5689,'C7','50',1,768,0,0),(5690,'C8','50',1,769,0,0),(5691,'C9','50',1,771,0,0),(5692,'C10','50',1,1228,0,0),(5693,'D1','50',1,1229,0,0),(5694,'D2','50',1,724,0,0),(5695,'D3','50',1,790,0,0),(5696,'D4','50',1,788,0,0),(5697,'D5','50',1,789,0,0),(5698,'D6','50',1,793,0,0),(5699,'D7','50',1,730,0,0),(5700,'D8','50',1,715,0,0),(5701,'D9','50',1,712,0,0),(5702,'D10','50',1,717,0,0),(5703,'E1','50',1,711,0,0),(5704,'E2','50',1,778,0,0),(5705,'E3','50',1,777,0,0),(5706,'E4','50',1,797,0,0),(5707,'E5','50',1,798,0,0),(5708,'E6','50',1,1234,0,0),(5709,'E7','50',1,739,0,0),(5710,'E8','50',1,738,0,0),(5711,'E9','50',1,808,0,0),(5712,'E10','50',1,1235,0,0),(5713,'F1','50',1,807,0,0),(5714,'F2','50',1,821,0,0),(5715,'F3','50',1,822,0,0),(5716,'F4','50',1,1236,0,0),(5717,'F5','50',1,742,0,0),(5718,'F6','50',1,1237,0,0),(5719,'F7','50',1,806,0,0),(5720,'F8','50',1,1186,0,0),(5721,'F9','50',1,820,0,0),(5722,'F10','50',0,NULL,0,0),(5723,'G1','50',1,1191,0,0),(5724,'G2','50',1,819,0,0),(5725,'G3','50',1,1174,0,0),(5726,'G4','50',0,NULL,0,0),(5727,'G5','50',0,NULL,0,0),(5728,'G6','50',0,NULL,0,0),(5729,'G7','50',1,1150,0,0),(5730,'G8','50',0,NULL,0,0),(5731,'G9','50',0,NULL,0,0),(5732,'G10','50',0,NULL,0,0),(5733,'H1','50',1,748,0,0),(5734,'H2','50',1,723,0,0),(5735,'H3','50',1,775,0,0),(5736,'H4','50',1,843,0,0),(5737,'H5','50',1,832,0,0),(5738,'H6','50',1,828,0,0),(5739,'H7','50',0,NULL,0,0),(5740,'H8','50',0,NULL,0,0),(5741,'H9','50',0,NULL,0,0),(5742,'H10','50',0,NULL,0,0),(5743,'I1','50',0,NULL,0,0),(5744,'I2','50',1,1105,0,0),(5745,'I3','50',0,NULL,0,0),(5746,'I4','50',0,NULL,0,0),(5747,'I5','50',1,1107,0,0),(5748,'I6','50',0,NULL,0,0),(5749,'I7','50',0,NULL,0,0),(5750,'I8','50',0,NULL,0,0),(5751,'I9','50',1,1426,0,0),(5752,'I10','50',0,NULL,0,0),(5753,'J1','50',1,1108,0,0),(5754,'J2','50',1,1112,0,0),(5755,'J3','50',0,NULL,0,0),(5756,'J4','50',1,1173,0,0),(5757,'J5','50',0,NULL,0,0),(5758,'J6','50',0,NULL,0,0),(5759,'J7','50',0,NULL,0,0),(5760,'J8','50',0,NULL,0,0),(5761,'J9','50',1,1109,0,0),(5762,'J10','50',1,1214,0,0),(5763,'K1','50',0,NULL,0,0),(5764,'K2','50',0,NULL,0,0),(5765,'K3','50',0,NULL,0,0),(5766,'K4','50',0,NULL,0,0),(5767,'K5','50',0,NULL,0,0),(5768,'K6','50',0,NULL,0,0),(5769,'K7','50',0,NULL,0,0),(5770,'K8','50',0,NULL,0,0),(5771,'K9','50',0,NULL,0,0),(5772,'K10','50',0,NULL,0,0),(5773,'A1','51',1,285,0,0),(5774,'A2','51',0,NULL,0,0),(5775,'A3','51',1,287,0,0),(5776,'A4','51',0,NULL,0,0),(5777,'A5','51',0,NULL,0,0),(5778,'A6','51',0,NULL,0,0),(5779,'A7','51',0,NULL,0,0),(5780,'A8','51',0,NULL,0,0),(5781,'A9','51',0,NULL,0,0),(5782,'A10','51',0,NULL,0,0),(5783,'B1','51',1,779,0,0),(5784,'B2','51',0,NULL,0,0),(5785,'B3','51',1,836,0,0),(5786,'B4','51',1,836,0,0),(5787,'B5','51',1,834,0,0),(5788,'B6','51',1,840,0,0),(5789,'B7','51',1,787,0,0),(5790,'B8','51',0,NULL,0,0),(5791,'B9','51',0,NULL,0,0),(5792,'B10','51',1,841,0,0),(5793,'C1','51',0,NULL,0,0),(5794,'C2','51',0,NULL,0,0),(5795,'C3','51',1,282,0,0),(5796,'C4','51',0,NULL,0,0),(5797,'C5','51',1,284,0,0),(5798,'C6','51',0,NULL,0,0),(5799,'C7','51',0,NULL,0,0),(5800,'C8','51',0,NULL,0,0),(5801,'C9','51',0,NULL,0,0),(5802,'C10','51',0,NULL,0,0),(5803,'D1','51',0,NULL,0,0),(5804,'D2','51',0,NULL,0,0),(5805,'D3','51',0,NULL,0,0),(5806,'D4','51',1,716,0,0),(5807,'D5','51',0,NULL,0,0),(5808,'D6','51',1,1178,0,0),(5809,'D7','51',0,NULL,0,0),(5810,'D8','51',1,1198,0,0),(5811,'D9','51',0,NULL,0,0),(5812,'D10','51',0,NULL,0,0),(5813,'E1','51',0,NULL,0,0),(5814,'E2','51',0,NULL,0,0),(5815,'E3','51',1,720,0,0),(5816,'E4','51',1,721,0,0),(5817,'E5','51',0,NULL,0,0),(5818,'E6','51',1,733,0,0),(5819,'E7','51',0,NULL,0,0),(5820,'E8','51',1,735,0,0),(5822,'E10','51',1,726,0,0),(5823,'F1','51',1,1197,0,0),(5824,'F2','51',1,729,0,0),(5825,'F3','51',0,NULL,0,0),(5826,'F4','51',1,727,0,0),(5827,'F5','51',1,725,0,0),(5828,'F6','51',1,736,0,0),(5829,'F7','51',1,710,0,0),(5830,'F8','51',1,713,0,0),(5831,'F9','51',1,740,0,0),(5832,'F10','51',1,785,0,0),(5833,'G1','51',1,741,0,0),(5834,'G2','51',0,NULL,0,0),(5835,'G3','51',0,NULL,0,0),(5836,'G4','51',0,NULL,0,0),(5837,'G5','51',0,NULL,0,0),(5838,'G6','51',0,NULL,0,0),(5839,'G7','51',0,NULL,0,0),(5840,'G8','51',0,NULL,0,0),(5841,'G9','51',0,NULL,0,0),(5842,'G10','51',0,NULL,0,0),(5843,'H1','51',1,783,0,0),(5844,'H2','51',1,831,0,0),(5845,'H3','51',1,1339,0,0),(5846,'H4','51',1,811,0,0),(5847,'H5','51',1,812,0,0),(5848,'H6','51',1,813,0,0),(5849,'H7','51',1,823,0,0),(5850,'H8','51',1,824,0,0),(5851,'H9','51',1,825,0,0),(5852,'H10','51',1,800,0,0),(5853,'I1','51',1,801,0,0),(5854,'I2','51',1,802,0,0),(5855,'I3','51',1,803,0,0),(5856,'I4','51',0,NULL,0,0),(5857,'I5','51',1,743,0,0),(5858,'I6','51',1,744,0,0),(5859,'I7','51',1,745,0,0),(5860,'I8','51',1,1195,0,0),(5861,'I9','51',0,NULL,0,0),(5862,'I10','51',1,746,0,0),(5863,'J1','51',1,747,0,0),(5864,'J2','51',1,754,0,0),(5865,'J3','51',1,755,0,0),(5866,'J4','51',1,756,0,0),(5867,'J5','51',1,757,0,0),(5868,'J6','51',1,758,0,0),(5869,'J7','51',1,759,0,0),(5870,'J8','51',1,760,0,0),(5871,'J9','51',1,761,0,0),(5872,'J10','51',0,NULL,0,0),(5873,'K1','51',1,1169,0,0),(5874,'K2','51',1,792,0,0),(5875,'K3','51',1,791,0,0),(5876,'K4','51',1,1193,0,0),(5877,'K5','51',1,784,0,0),(5878,'K6','51',1,804,0,0),(5879,'K7','51',1,795,0,0),(5880,'K8','51',1,794,0,0),(5881,'K9','51',1,796,0,0),(5882,'K10','51',1,273,0,0),(5883,'A1','52',1,1111,0,0),(5884,'A2','52',1,1238,0,0),(5885,'A3','52',1,1130,0,0),(5886,'A4','52',1,1167,0,0),(5887,'A5','52',1,1131,0,0),(5888,'A6','52',1,1165,0,0),(5889,'A7','52',1,1133,0,0),(5890,'A8','52',1,1124,0,0),(5891,'A9','52',1,1243,0,0),(5892,'A10','52',1,1324,0,0),(5893,'B1','52',1,1446,0,0),(5894,'B2','52',1,1239,0,0),(5895,'B3','52',1,1240,0,0),(5896,'B4','52',1,1132,0,0),(5897,'B5','52',1,726,0,0),(5898,'B6','52',1,1196,0,0),(5899,'B7','52',1,1140,0,0),(5900,'B8','52',1,1213,0,0),(5901,'B9','52',1,1323,0,0),(5902,'B10','52',0,NULL,0,0),(5903,'C1','52',1,1187,0,0),(5904,'C2','52',1,1134,0,0),(5905,'C3','52',1,1136,0,0),(5906,'C4','52',1,1138,0,0),(5907,'C5','52',1,1135,0,0),(5908,'C6','52',1,1202,0,0),(5909,'C7','52',1,1206,0,0),(5910,'C8','52',1,838,0,0),(5911,'C9','52',0,NULL,0,0),(5912,'C10','52',0,NULL,0,0),(5913,'D1','52',1,1168,0,0),(5914,'D2','52',1,1139,0,0),(5915,'D3','52',1,1153,0,0),(5916,'D4','52',1,1200,0,0),(5917,'D5','52',1,1183,0,0),(5918,'D6','52',1,1189,0,0),(5919,'D7','52',1,833,0,0),(5920,'D8','52',0,NULL,0,0),(5921,'D9','52',0,NULL,0,0),(5922,'D10','52',0,NULL,0,0),(5923,'E1','52',1,1151,0,0),(5924,'E2','52',1,1241,0,0),(5925,'E3','52',1,1205,0,0),(5926,'E4','52',1,1242,0,0),(5927,'E5','52',1,1204,0,0),(5928,'E6','52',1,1211,0,0),(5929,'E7','52',1,1212,0,0),(5930,'E8','52',0,NULL,0,0),(5931,'E9','52',0,NULL,0,0),(5932,'E10','52',0,NULL,0,0),(5933,'F1','52',1,1203,0,0),(5934,'F2','52',1,1201,0,0),(5935,'F3','52',1,1208,0,0),(5936,'F4','52',1,1216,0,0),(5937,'F5','52',1,1209,0,0),(5938,'F6','52',0,NULL,0,0),(5939,'F7','52',0,NULL,0,0),(5940,'F8','52',0,NULL,0,0),(5941,'F9','52',0,NULL,0,0),(5942,'F10','52',0,NULL,0,0),(5943,'G1','52',0,NULL,0,0),(5944,'G2','52',0,NULL,0,0),(5945,'G3','52',0,NULL,0,0),(5946,'G4','52',0,NULL,0,0),(5947,'G5','52',0,NULL,0,0),(5948,'G6','52',0,NULL,0,0),(5949,'G7','52',0,NULL,0,0),(5950,'G8','52',0,NULL,0,0),(5951,'G9','52',0,NULL,0,0),(5952,'G10','52',0,NULL,0,0),(5953,'H1','52',1,1207,0,0),(5954,'H2','52',1,1210,0,0),(5955,'H3','52',1,805,0,0),(5956,'H4','52',0,NULL,0,0),(5957,'H5','52',0,NULL,0,0),(5958,'H6','52',0,NULL,0,0),(5959,'H7','52',0,NULL,0,0),(5960,'H8','52',0,NULL,0,0),(5961,'H9','52',0,NULL,0,0),(5962,'H10','52',0,NULL,0,0),(5963,'I1','52',0,NULL,0,0),(5964,'I2','52',0,NULL,0,0),(5965,'I3','52',0,NULL,0,0),(5966,'I4','52',0,NULL,0,0),(5967,'I5','52',0,NULL,0,0),(5968,'I6','52',0,NULL,0,0),(5969,'I7','52',0,NULL,0,0),(5970,'I8','52',0,NULL,0,0),(5971,'I9','52',0,NULL,0,0),(5972,'I10','52',0,NULL,0,0),(5973,'J1','52',0,NULL,0,0),(5974,'J2','52',0,NULL,0,0),(5975,'J3','52',0,NULL,0,0),(5976,'J4','52',0,NULL,0,0),(5977,'J5','52',0,NULL,0,0),(5978,'J6','52',0,NULL,0,0),(5979,'J7','52',0,NULL,0,0),(5980,'J8','52',0,NULL,0,0),(5981,'J9','52',0,NULL,0,0),(5982,'J10','52',0,NULL,0,0),(5983,'K1','52',0,NULL,0,0),(5984,'K2','52',0,NULL,0,0),(5985,'K3','52',0,NULL,0,0),(5986,'K4','52',0,NULL,0,0),(5987,'K5','52',0,NULL,0,0),(5988,'K6','52',0,NULL,0,0),(5989,'K7','52',0,NULL,0,0),(5990,'K8','52',0,NULL,0,0),(5991,'K9','52',0,NULL,0,0),(5992,'K10','52',0,NULL,0,0),(5994,'B9','48',1,615,0,0),(5995,'B10','48',1,618,0,0),(6178,'E9','51',1,728,0,0),(6287,'A1','55',1,1483,0,0),(6288,'A2','55',1,1484,0,0),(6289,'A3','55',1,1485,0,0),(6290,'A4','55',1,1486,0,0),(6291,'A5','55',1,1487,0,0),(6292,'A6','55',1,121,0,0),(6293,'A7','55',1,1488,0,0),(6294,'A8','55',1,123,0,0),(6295,'A9','55',1,1489,0,0),(6296,'A10','55',1,1490,0,0),(6297,'A11','55',1,125,0,0),(6298,'A12','55',1,1244,0,0),(6299,'B1','55',1,126,0,0),(6300,'B2','55',1,127,0,0),(6301,'B3','55',1,1491,0,0),(6302,'B4','55',0,NULL,0,0),(6303,'B5','55',0,NULL,0,0),(6304,'B6','55',0,NULL,0,0),(6305,'B7','55',0,NULL,0,0),(6306,'B8','55',0,NULL,0,0),(6307,'B9','55',1,1,0,0),(6308,'B10','55',1,2,0,0),(6309,'B11','55',1,1328,0,0),(6310,'B12','55',1,3,0,0),(6311,'C1','55',1,1329,0,0),(6312,'C2','55',1,1330,0,0),(6313,'C3','55',1,4,0,0),(6314,'C4','55',1,5,0,0),(6315,'C5','55',1,6,0,0),(6316,'C6','55',1,1351,0,0),(6317,'C7','55',1,7,0,0),(6318,'C8','55',1,1353,0,0),(6319,'C9','55',1,1333,0,0),(6320,'C10','55',1,1334,0,0),(6321,'C11','55',1,8,0,0),(6322,'C12','55',1,1356,0,0),(6323,'D1','55',1,1354,0,0),(6324,'D2','55',1,9,0,0),(6325,'D3','55',1,1355,0,0),(6326,'D4','55',1,1357,0,0),(6327,'D5','55',1,1358,0,0),(6328,'D6','55',1,1359,0,0),(6329,'D7','55',1,10,0,0),(6330,'D8','55',1,11,0,0),(6331,'D9','55',1,1360,0,0),(6332,'D10','55',1,1352,0,0),(6333,'D11','55',1,1361,0,0),(6334,'D12','55',1,1320,0,0),(6335,'E1','55',1,13,0,0),(6336,'E2','55',1,14,0,0),(6337,'E3','55',1,1362,0,0),(6338,'E4','55',1,1363,0,0),(6339,'E5','55',1,1364,0,0),(6340,'E6','55',1,1365,0,0),(6341,'E7','55',1,1366,0,0),(6342,'E8','55',1,1367,0,0),(6343,'E9','55',1,1368,0,0),(6344,'E10','55',1,1369,0,0),(6345,'E11','55',1,1370,0,0),(6346,'E12','55',1,1371,0,0),(6347,'F1','55',1,1372,0,0),(6348,'F2','55',1,1373,0,0),(6349,'F3','55',1,1374,0,0),(6350,'F4','55',1,1375,0,0),(6351,'F5','55',1,1376,0,0),(6352,'F6','55',1,1377,0,0),(6353,'F7','55',1,1378,0,0),(6354,'F8','55',1,1379,0,0),(6355,'F9','55',1,1380,0,0),(6356,'F10','55',1,1381,0,0),(6357,'F11','55',1,1382,0,0),(6358,'F12','55',1,1389,0,0),(6359,'G1','55',1,1383,0,0),(6360,'G2','55',1,1384,0,0),(6361,'G3','55',1,1385,0,0),(6362,'G4','55',1,1337,0,0),(6363,'G5','55',1,1386,0,0),(6364,'G6','55',1,1387,0,0),(6365,'G7','55',1,1388,0,0),(6366,'G8','55',1,1395,0,0),(6367,'G9','55',1,1396,0,0),(6368,'G10','55',1,1397,0,0),(6369,'G11','55',0,NULL,0,0),(6370,'G12','55',0,NULL,0,0),(6371,'H1','55',0,NULL,0,0),(6372,'H2','55',0,NULL,0,0),(6373,'H3','55',0,NULL,0,0),(6374,'H4','55',1,1394,0,0),(6375,'H5','55',1,101,0,0),(6376,'H6','55',0,NULL,0,0),(6377,'H7','55',0,NULL,0,0),(6378,'H8','55',1,1400,0,0),(6379,'H9','55',0,NULL,0,0),(6380,'H10','55',1,1403,0,0),(6381,'H11','55',1,1402,0,0),(6382,'H12','55',1,1401,0,0),(6383,'I1','55',1,1392,0,0),(6384,'I2','55',1,1351,0,0),(6385,'I3','55',0,NULL,0,0),(6386,'I4','55',1,1391,0,0),(6387,'I5','55',0,NULL,0,0),(6388,'I6','55',1,69,0,0),(6389,'I7','55',0,NULL,0,0),(6390,'I8','55',1,1398,0,0),(6391,'I9','55',1,1399,0,0),(6392,'I10','55',0,NULL,0,0),(6393,'I11','55',0,NULL,0,0),(6394,'I12','55',0,NULL,0,0),(6395,'A1','56',0,NULL,0,0),(6396,'A2','56',0,NULL,0,0),(6397,'A3','56',0,NULL,0,0),(6398,'A4','56',0,NULL,0,0),(6399,'A5','56',0,NULL,0,0),(6400,'A6','56',0,NULL,0,0),(6401,'A7','56',0,NULL,0,0),(6402,'A8','56',0,NULL,0,0),(6403,'A9','56',0,NULL,0,0),(6404,'A10','56',0,NULL,0,0),(6405,'A11','56',0,NULL,0,0),(6406,'A12','56',0,NULL,0,0),(6407,'B1','56',0,NULL,0,0),(6408,'B2','56',0,NULL,0,0),(6409,'B3','56',0,NULL,0,0),(6410,'B4','56',0,NULL,0,0),(6411,'B5','56',0,NULL,0,0),(6412,'B6','56',0,NULL,0,0),(6413,'B7','56',0,NULL,0,0),(6414,'B8','56',0,NULL,0,0),(6415,'B9','56',0,NULL,0,0),(6416,'B10','56',0,NULL,0,0),(6417,'B11','56',0,NULL,0,0),(6418,'B12','56',0,NULL,0,0),(6419,'C1','56',0,NULL,0,0),(6420,'C2','56',0,NULL,0,0),(6421,'C3','56',0,NULL,0,0),(6422,'C4','56',0,NULL,0,0),(6423,'C5','56',0,NULL,0,0),(6424,'C6','56',0,NULL,0,0),(6425,'C7','56',0,NULL,0,0),(6426,'C8','56',0,NULL,0,0),(6427,'C9','56',0,NULL,0,0),(6428,'C10','56',0,NULL,0,0),(6429,'C11','56',0,NULL,0,0),(6430,'C12','56',0,NULL,0,0),(6431,'D1','56',0,NULL,0,0),(6432,'D2','56',0,NULL,0,0),(6433,'D3','56',0,NULL,0,0),(6434,'D4','56',0,NULL,0,0),(6435,'D5','56',0,NULL,0,0),(6436,'D6','56',0,NULL,0,0),(6437,'D7','56',0,NULL,0,0),(6438,'D8','56',0,NULL,0,0),(6439,'D9','56',0,NULL,0,0),(6440,'D10','56',0,NULL,0,0),(6441,'D11','56',0,NULL,0,0),(6442,'D12','56',0,NULL,0,0),(6443,'E1','56',0,NULL,0,0),(6444,'E2','56',0,NULL,0,0),(6445,'E3','56',0,NULL,0,0),(6446,'E4','56',0,NULL,0,0),(6447,'E5','56',0,NULL,0,0),(6448,'E6','56',0,NULL,0,0),(6449,'E7','56',0,NULL,0,0),(6450,'E8','56',0,NULL,0,0),(6451,'E9','56',0,NULL,0,0),(6452,'E10','56',0,NULL,0,0),(6453,'E11','56',0,NULL,0,0),(6454,'E12','56',0,NULL,0,0),(6455,'F1','56',0,NULL,0,0),(6456,'F2','56',0,NULL,0,0),(6457,'F3','56',0,NULL,0,0),(6458,'F4','56',0,NULL,0,0),(6459,'F5','56',0,NULL,0,0),(6460,'F6','56',0,NULL,0,0),(6461,'F7','56',0,NULL,0,0),(6462,'F8','56',0,NULL,0,0),(6463,'F9','56',0,NULL,0,0),(6464,'F10','56',0,NULL,0,0),(6465,'F11','56',0,NULL,0,0),(6466,'F12','56',0,NULL,0,0),(6467,'G1','56',0,NULL,0,0),(6468,'G2','56',0,NULL,0,0),(6469,'G3','56',0,NULL,0,0),(6470,'G4','56',0,NULL,0,0),(6471,'G5','56',0,NULL,0,0),(6472,'G6','56',0,NULL,0,0),(6473,'G7','56',0,NULL,0,0),(6474,'G8','56',0,NULL,0,0),(6475,'G9','56',0,NULL,0,0),(6476,'G10','56',0,NULL,0,0),(6477,'G11','56',0,NULL,0,0),(6478,'G12','56',0,NULL,0,0),(6479,'H1','56',0,NULL,0,0),(6480,'H2','56',0,NULL,0,0),(6481,'H3','56',0,NULL,0,0),(6482,'H4','56',0,NULL,0,0),(6483,'H5','56',0,NULL,0,0),(6484,'H6','56',0,NULL,0,0),(6485,'H7','56',0,NULL,0,0),(6486,'H8','56',0,NULL,0,0),(6487,'H9','56',0,NULL,0,0),(6488,'H10','56',1,1349,0,0),(6489,'H11','56',0,NULL,0,0),(6490,'H12','56',0,NULL,0,0),(6491,'I1','56',0,NULL,0,0),(6492,'I2','56',0,NULL,0,0),(6493,'I3','56',0,NULL,0,0),(6494,'I4','56',0,NULL,0,0),(6495,'I5','56',0,NULL,0,0),(6496,'I6','56',0,NULL,0,0),(6497,'I7','56',0,NULL,0,0),(6498,'I8','56',0,NULL,0,0),(6499,'I9','56',0,NULL,0,0),(6500,'I10','56',0,NULL,0,0),(6501,'I11','56',0,NULL,0,0),(6502,'I12','56',0,NULL,0,0),(6503,'A1','57',1,158,0,0),(6504,'A2','57',0,NULL,0,0),(6505,'A3','57',0,NULL,0,0),(6506,'A4','57',1,155,0,0),(6507,'A5','57',1,133,0,0),(6508,'A6','57',0,NULL,0,0),(6509,'A7','57',0,NULL,0,0),(6510,'A8','57',0,NULL,0,0),(6511,'A9','57',0,NULL,0,0),(6512,'A10','57',0,NULL,0,0),(6513,'A11','57',1,264,0,0),(6514,'A12','57',0,NULL,0,0),(6515,'B1','57',0,NULL,0,0),(6516,'B2','57',0,NULL,0,0),(6517,'B3','57',0,NULL,0,0),(6518,'B4','57',0,NULL,0,0),(6519,'B5','57',0,NULL,0,0),(6520,'B6','57',0,NULL,0,0),(6521,'B7','57',0,NULL,0,0),(6522,'B8','57',0,NULL,0,0),(6523,'B9','57',0,NULL,0,0),(6524,'B10','57',0,NULL,0,0),(6525,'B11','57',0,NULL,0,0),(6526,'B12','57',0,NULL,0,0),(6527,'C1','57',1,330,0,0),(6528,'C2','57',1,331,0,0),(6529,'C3','57',1,1255,0,0),(6530,'C4','57',0,NULL,0,0),(6531,'C5','57',0,NULL,0,0),(6532,'C6','57',0,NULL,0,0),(6533,'C7','57',1,140,0,0),(6534,'C8','57',1,414,0,0),(6535,'C9','57',1,1279,0,0),(6536,'C10','57',1,1256,0,0),(6537,'C11','57',1,228,0,0),(6538,'C12','57',1,360,0,0),(6539,'D1','57',0,NULL,0,0),(6540,'D2','57',1,538,0,0),(6541,'D3','57',1,543,0,0),(6542,'D4','57',1,530,0,0),(6543,'D5','57',1,534,0,0),(6544,'D6','57',1,532,0,0),(6545,'D7','57',1,1162,0,0),(6546,'D8','57',1,1069,0,0),(6547,'D9','57',1,589,0,0),(6548,'D10','57',1,588,0,0),(6549,'D11','57',0,NULL,0,0),(6550,'D12','57',1,539,0,0),(6551,'E1','57',1,560,0,0),(6552,'E2','57',1,557,0,0),(6553,'E3','57',1,558,0,0),(6554,'E4','57',1,537,0,0),(6555,'E5','57',1,540,0,0),(6556,'E6','57',1,369,0,0),(6557,'E7','57',0,NULL,0,0),(6558,'E8','57',1,364,0,0),(6559,'E9','57',0,NULL,0,0),(6560,'E10','57',1,431,0,0),(6561,'E11','57',1,444,0,0),(6562,'E12','57',1,141,0,0),(6563,'F1','57',1,221,0,0),(6564,'F2','57',0,NULL,0,0),(6565,'F3','57',0,NULL,0,0),(6566,'F4','57',0,NULL,0,0),(6567,'F5','57',1,476,0,0),(6568,'F6','57',1,477,0,0),(6569,'F7','57',1,1315,0,0),(6570,'F8','57',0,NULL,0,0),(6571,'F9','57',0,NULL,0,0),(6572,'F10','57',1,1268,0,0),(6573,'F11','57',0,NULL,0,0),(6574,'F12','57',0,NULL,0,0),(6575,'G1','57',1,700,0,0),(6576,'G2','57',0,NULL,0,0),(6577,'G3','57',0,NULL,0,0),(6578,'G4','57',1,387,0,0),(6579,'G5','57',0,NULL,0,0),(6580,'G6','57',0,NULL,0,0),(6581,'G7','57',1,448,0,0),(6582,'G8','57',1,445,0,0),(6583,'G9','57',1,118,0,0),(6584,'G10','57',0,NULL,0,0),(6585,'G11','57',1,251,0,0),(6586,'G12','57',0,NULL,0,0),(6587,'H1','57',0,NULL,0,0),(6588,'H2','57',0,NULL,0,0),(6589,'H3','57',0,NULL,0,0),(6590,'H4','57',0,NULL,0,0),(6591,'H5','57',0,NULL,0,0),(6592,'H6','57',0,NULL,0,0),(6593,'H7','57',0,NULL,0,0),(6594,'H8','57',0,NULL,0,0),(6595,'H9','57',0,NULL,0,0),(6596,'H10','57',0,NULL,0,0),(6597,'H11','57',0,NULL,0,0),(6598,'H12','57',0,NULL,0,0),(6599,'I1','57',0,NULL,0,0),(6600,'I2','57',0,NULL,0,0),(6601,'I3','57',0,NULL,0,0),(6602,'I4','57',0,NULL,0,0),(6603,'I5','57',0,NULL,0,0),(6604,'I6','57',1,1194,0,0),(6605,'I7','57',0,NULL,0,0),(6606,'I8','57',0,NULL,0,0),(6607,'I9','57',0,NULL,0,0),(6608,'I10','57',0,NULL,0,0),(6609,'I11','57',0,NULL,0,0),(6610,'I12','57',0,NULL,0,0),(6611,'A1','58',1,1116,0,0),(6612,'A2','58',1,1116,0,0),(6613,'A3','58',0,NULL,0,0),(6614,'A4','58',0,NULL,0,0),(6615,'A5','58',0,NULL,0,0),(6616,'A6','58',0,NULL,0,0),(6617,'A7','58',0,NULL,0,0),(6618,'A8','58',0,NULL,0,0),(6619,'A9','58',0,NULL,0,0),(6620,'A10','58',0,NULL,0,0),(6621,'A11','58',0,NULL,0,0),(6622,'A12','58',0,NULL,0,0),(6623,'B1','58',0,NULL,0,0),(6624,'B2','58',0,NULL,0,0),(6625,'B3','58',0,NULL,0,0),(6626,'B4','58',0,NULL,0,0),(6627,'B5','58',0,NULL,0,0),(6628,'B6','58',0,NULL,0,0),(6629,'B7','58',0,NULL,0,0),(6630,'B8','58',0,NULL,0,0),(6631,'B9','58',0,NULL,0,0),(6632,'B10','58',0,NULL,0,0),(6633,'B11','58',0,NULL,0,0),(6634,'B12','58',0,NULL,0,0),(6635,'C1','58',0,NULL,0,0),(6636,'C2','58',0,NULL,0,0),(6637,'C3','58',0,NULL,0,0),(6638,'C4','58',0,NULL,0,0),(6639,'C5','58',0,NULL,0,0),(6640,'C6','58',0,NULL,0,0),(6641,'C7','58',0,NULL,0,0),(6642,'C8','58',0,NULL,0,0),(6643,'C9','58',0,NULL,0,0),(6644,'C10','58',0,NULL,0,0),(6645,'C11','58',0,NULL,0,0),(6646,'C12','58',0,NULL,0,0),(6647,'D1','58',0,NULL,0,0),(6648,'D2','58',0,NULL,0,0),(6649,'D3','58',0,NULL,0,0),(6650,'D4','58',0,NULL,0,0),(6651,'D5','58',0,NULL,0,0),(6652,'D6','58',0,NULL,0,0),(6653,'D7','58',0,NULL,0,0),(6654,'D8','58',0,NULL,0,0),(6655,'D9','58',0,NULL,0,0),(6656,'D10','58',0,NULL,0,0),(6657,'D11','58',0,NULL,0,0),(6658,'D12','58',0,NULL,0,0),(6659,'E1','58',0,NULL,0,0),(6660,'E2','58',0,NULL,0,0),(6661,'E3','58',0,NULL,0,0),(6662,'E4','58',0,NULL,0,0),(6663,'E5','58',0,NULL,0,0),(6664,'E6','58',0,NULL,0,0),(6665,'E7','58',0,NULL,0,0),(6666,'E8','58',0,NULL,0,0),(6667,'E9','58',0,NULL,0,0),(6668,'E10','58',0,NULL,0,0),(6669,'E11','58',0,NULL,0,0),(6670,'E12','58',0,NULL,0,0),(6671,'F1','58',0,NULL,0,0),(6672,'F2','58',0,NULL,0,0),(6673,'F3','58',0,NULL,0,0),(6674,'F4','58',0,NULL,0,0),(6675,'F5','58',0,NULL,0,0),(6676,'F6','58',0,NULL,0,0),(6677,'F7','58',0,NULL,0,0),(6678,'F8','58',0,NULL,0,0),(6679,'F9','58',0,NULL,0,0),(6680,'F10','58',0,NULL,0,0),(6681,'F11','58',0,NULL,0,0),(6682,'F12','58',0,NULL,0,0),(6683,'G1','58',0,NULL,0,0),(6684,'G2','58',0,NULL,0,0),(6685,'G3','58',0,NULL,0,0),(6686,'G4','58',0,NULL,0,0),(6687,'G5','58',0,NULL,0,0),(6688,'G6','58',0,NULL,0,0),(6689,'G7','58',0,NULL,0,0),(6690,'G8','58',0,NULL,0,0),(6691,'G9','58',0,NULL,0,0),(6692,'G10','58',0,NULL,0,0),(6693,'G11','58',1,370,0,0),(6694,'G12','58',0,NULL,0,0),(6695,'H1','58',0,NULL,0,0),(6696,'H2','58',0,NULL,0,0),(6697,'H3','58',0,NULL,0,0),(6698,'H4','58',0,NULL,0,0),(6699,'H5','58',0,NULL,0,0),(6700,'H6','58',0,NULL,0,0),(6701,'H7','58',0,NULL,0,0),(6702,'H8','58',0,NULL,0,0),(6703,'H9','58',0,NULL,0,0),(6704,'H10','58',0,NULL,0,0),(6705,'H11','58',0,NULL,0,0),(6706,'H12','58',0,NULL,0,0),(6707,'I1','58',0,NULL,0,0),(6708,'I2','58',0,NULL,0,0),(6709,'I3','58',0,NULL,0,0),(6710,'I4','58',0,NULL,0,0),(6711,'I5','58',0,NULL,0,0),(6712,'I6','58',0,NULL,0,0),(6713,'I7','58',0,NULL,0,0),(6714,'I8','58',0,NULL,0,0),(6715,'I9','58',0,NULL,0,0),(6716,'I10','58',0,NULL,0,0),(6717,'I11','58',0,NULL,0,0),(6718,'I12','58',0,NULL,0,0),(6719,'A1','59',0,NULL,0,0),(6720,'A2','59',0,NULL,0,0),(6721,'A3','59',0,NULL,0,0),(6722,'A4','59',0,NULL,0,0),(6723,'A5','59',0,NULL,0,0),(6724,'A6','59',0,NULL,0,0),(6725,'A7','59',0,NULL,0,0),(6726,'A8','59',0,NULL,0,0),(6727,'A9','59',0,NULL,0,0),(6728,'A10','59',0,NULL,0,0),(6729,'A11','59',0,NULL,0,0),(6730,'A12','59',0,NULL,0,0),(6731,'B1','59',0,NULL,0,0),(6732,'B2','59',0,NULL,0,0),(6733,'B3','59',0,NULL,0,0),(6734,'B4','59',0,NULL,0,0),(6735,'B5','59',0,NULL,0,0),(6736,'B6','59',0,NULL,0,0),(6737,'B7','59',0,NULL,0,0),(6738,'B8','59',0,NULL,0,0),(6739,'B9','59',0,NULL,0,0),(6740,'B10','59',0,NULL,0,0),(6741,'B11','59',0,NULL,0,0),(6742,'B12','59',0,NULL,0,0),(6743,'C1','59',0,NULL,0,0),(6744,'C2','59',0,NULL,0,0),(6745,'C3','59',1,1433,0,0),(6746,'C4','59',0,NULL,0,0),(6747,'C5','59',0,NULL,0,0),(6748,'C6','59',0,NULL,0,0),(6749,'C7','59',0,NULL,0,0),(6750,'C8','59',0,NULL,0,0),(6751,'C9','59',0,NULL,0,0),(6752,'C10','59',0,NULL,0,0),(6753,'C11','59',0,NULL,0,0),(6754,'C12','59',0,NULL,0,0),(6755,'D1','59',0,NULL,0,0),(6756,'D2','59',0,NULL,0,0),(6757,'D3','59',0,NULL,0,0),(6758,'D4','59',0,NULL,0,0),(6759,'D5','59',0,NULL,0,0),(6760,'D6','59',0,NULL,0,0),(6761,'D7','59',0,NULL,0,0),(6762,'D8','59',0,NULL,0,0),(6763,'D9','59',0,NULL,0,0),(6764,'D10','59',0,NULL,0,0),(6765,'D11','59',0,NULL,0,0),(6766,'D12','59',0,NULL,0,0),(6767,'E1','59',0,NULL,0,0),(6768,'E2','59',0,NULL,0,0),(6769,'E3','59',0,NULL,0,0),(6770,'E4','59',0,NULL,0,0),(6771,'E5','59',0,NULL,0,0),(6772,'E6','59',0,NULL,0,0),(6773,'E7','59',0,NULL,0,0),(6774,'E8','59',0,NULL,0,0),(6775,'E9','59',0,NULL,0,0),(6776,'E10','59',0,NULL,0,0),(6777,'E11','59',0,NULL,0,0),(6778,'E12','59',0,NULL,0,0),(6779,'F1','59',0,NULL,0,0),(6780,'F2','59',0,NULL,0,0),(6781,'F3','59',0,NULL,0,0),(6782,'F4','59',0,NULL,0,0),(6783,'F5','59',0,NULL,0,0),(6784,'F6','59',0,NULL,0,0),(6785,'F7','59',0,NULL,0,0),(6786,'F8','59',0,NULL,0,0),(6787,'F9','59',0,NULL,0,0),(6788,'F10','59',0,NULL,0,0),(6789,'F11','59',0,NULL,0,0),(6790,'F12','59',0,NULL,0,0),(6791,'G1','59',0,NULL,0,0),(6792,'G2','59',0,NULL,0,0),(6793,'G3','59',0,NULL,0,0),(6794,'G4','59',0,NULL,0,0),(6795,'G5','59',0,NULL,0,0),(6796,'G6','59',0,NULL,0,0),(6797,'G7','59',0,NULL,0,0),(6798,'G8','59',0,NULL,0,0),(6799,'G9','59',0,NULL,0,0),(6800,'G10','59',0,NULL,0,0),(6801,'G11','59',0,NULL,0,0),(6802,'G12','59',0,NULL,0,0),(6803,'H1','59',0,NULL,0,0),(6804,'H2','59',0,NULL,0,0),(6805,'H3','59',0,NULL,0,0),(6806,'H4','59',0,NULL,0,0),(6807,'H5','59',0,NULL,0,0),(6808,'H6','59',0,NULL,0,0),(6809,'H7','59',0,NULL,0,0),(6810,'H8','59',0,NULL,0,0),(6811,'H9','59',0,NULL,0,0),(6812,'H10','59',0,NULL,0,0),(6813,'H11','59',0,NULL,0,0),(6814,'H12','59',0,NULL,0,0),(6815,'I1','59',0,NULL,0,0),(6816,'I2','59',0,NULL,0,0),(6817,'I3','59',0,NULL,0,0),(6818,'I4','59',0,NULL,0,0),(6819,'I5','59',0,NULL,0,0),(6820,'I6','59',0,NULL,0,0),(6821,'I7','59',0,NULL,0,0),(6822,'I8','59',0,NULL,0,0),(6823,'I9','59',0,NULL,0,0),(6824,'I10','59',0,NULL,0,0),(6825,'I11','59',0,NULL,0,0),(6826,'I12','59',0,NULL,0,0),(6827,'A1','60',0,NULL,0,0),(6828,'A2','60',0,NULL,0,0),(6829,'A3','60',0,NULL,0,0),(6830,'A4','60',0,NULL,0,0),(6831,'A5','60',0,NULL,0,0),(6832,'A6','60',0,NULL,0,0),(6833,'A7','60',0,NULL,0,0),(6834,'A8','60',0,NULL,0,0),(6835,'A9','60',0,NULL,0,0),(6836,'A10','60',0,NULL,0,0),(6837,'A11','60',0,NULL,0,0),(6838,'A12','60',0,NULL,0,0),(6839,'B1','60',0,NULL,0,0),(6840,'B2','60',0,NULL,0,0),(6841,'B3','60',0,NULL,0,0),(6842,'B4','60',0,NULL,0,0),(6843,'B5','60',0,NULL,0,0),(6844,'B6','60',0,NULL,0,0),(6845,'B7','60',0,NULL,0,0),(6846,'B8','60',0,NULL,0,0),(6847,'B9','60',0,NULL,0,0),(6848,'B10','60',0,NULL,0,0),(6849,'B11','60',0,NULL,0,0),(6850,'B12','60',0,NULL,0,0),(6851,'C1','60',1,1281,0,0),(6852,'C2','60',0,NULL,0,0),(6853,'C3','60',0,NULL,0,0),(6854,'C4','60',0,NULL,0,0),(6855,'C5','60',0,NULL,0,0),(6856,'C6','60',0,NULL,0,0),(6857,'C7','60',0,NULL,0,0),(6858,'C8','60',0,NULL,0,0),(6859,'C9','60',0,NULL,0,0),(6860,'C10','60',0,NULL,0,0),(6861,'C11','60',0,NULL,0,0),(6862,'C12','60',0,NULL,0,0),(6863,'D1','60',0,NULL,0,0),(6864,'D2','60',0,NULL,0,0),(6865,'D3','60',0,NULL,0,0),(6866,'D4','60',0,NULL,0,0),(6867,'D5','60',0,NULL,0,0),(6868,'D6','60',0,NULL,0,0),(6869,'D7','60',0,NULL,0,0),(6870,'D8','60',0,NULL,0,0),(6871,'D9','60',0,NULL,0,0),(6872,'D10','60',0,NULL,0,0),(6873,'D11','60',0,NULL,0,0),(6874,'D12','60',0,NULL,0,0),(6875,'E1','60',0,NULL,0,0),(6876,'E2','60',0,NULL,0,0),(6877,'E3','60',0,NULL,0,0),(6878,'E4','60',0,NULL,0,0),(6879,'E5','60',0,NULL,0,0),(6880,'E6','60',0,NULL,0,0),(6881,'E7','60',0,NULL,0,0),(6882,'E8','60',0,NULL,0,0),(6883,'E9','60',0,NULL,0,0),(6884,'E10','60',0,NULL,0,0),(6885,'E11','60',0,NULL,0,0),(6886,'E12','60',0,NULL,0,0),(6887,'F1','60',0,NULL,0,0),(6888,'F2','60',0,NULL,0,0),(6889,'F3','60',0,NULL,0,0),(6890,'F4','60',0,NULL,0,0),(6891,'F5','60',0,NULL,0,0),(6892,'F6','60',0,NULL,0,0),(6893,'F7','60',0,NULL,0,0),(6894,'F8','60',0,NULL,0,0),(6895,'F9','60',0,NULL,0,0),(6896,'F10','60',0,NULL,0,0),(6897,'F11','60',0,NULL,0,0),(6898,'F12','60',0,NULL,0,0),(6899,'G1','60',0,NULL,0,0),(6900,'G2','60',1,1348,0,0),(6901,'G3','60',0,NULL,0,0),(6902,'G4','60',0,NULL,0,0),(6903,'G5','60',0,NULL,0,0),(6904,'G6','60',0,NULL,0,0),(6905,'G7','60',0,NULL,0,0),(6906,'G8','60',0,NULL,0,0),(6907,'G9','60',0,NULL,0,0),(6908,'G10','60',0,NULL,0,0),(6909,'G11','60',0,NULL,0,0),(6910,'G12','60',0,NULL,0,0),(6911,'H1','60',0,NULL,0,0),(6912,'H2','60',0,NULL,0,0),(6913,'H3','60',0,NULL,0,0),(6914,'H4','60',0,NULL,0,0),(6915,'H5','60',1,1256,0,0),(6916,'H6','60',0,NULL,0,0),(6917,'H7','60',0,NULL,0,0),(6918,'H8','60',0,NULL,0,0),(6919,'H9','60',0,NULL,0,0),(6920,'H10','60',0,NULL,0,0),(6921,'H11','60',0,NULL,0,0),(6922,'H12','60',0,NULL,0,0),(6923,'I1','60',0,NULL,0,0),(6924,'I2','60',0,NULL,0,0),(6925,'I3','60',0,NULL,0,0),(6926,'I4','60',0,NULL,0,0),(6927,'I5','60',0,NULL,0,0),(6928,'I6','60',0,NULL,0,0),(6929,'I7','60',0,NULL,0,0),(6930,'I8','60',0,NULL,0,0),(6931,'I9','60',0,NULL,0,0),(6932,'I10','60',0,NULL,0,0),(6933,'I11','60',0,NULL,0,0),(6934,'I12','60',0,NULL,0,0),(6935,'A1','61',0,NULL,0,0),(6936,'A2','61',0,NULL,0,0),(6937,'A3','61',0,NULL,0,0),(6938,'A4','61',0,NULL,0,0),(6939,'A5','61',0,NULL,0,0),(6940,'A6','61',0,NULL,0,0),(6941,'A7','61',0,NULL,0,0),(6942,'A8','61',0,NULL,0,0),(6943,'A9','61',0,NULL,0,0),(6944,'A10','61',0,NULL,0,0),(6945,'A11','61',0,NULL,0,0),(6946,'A12','61',0,NULL,0,0),(6947,'B1','61',0,NULL,0,0),(6948,'B2','61',0,NULL,0,0),(6949,'B3','61',0,NULL,0,0),(6950,'B4','61',0,NULL,0,0),(6951,'B5','61',0,NULL,0,0),(6952,'B6','61',0,NULL,0,0),(6953,'B7','61',0,NULL,0,0),(6954,'B8','61',0,NULL,0,0),(6955,'B9','61',0,NULL,0,0),(6956,'B10','61',0,NULL,0,0),(6957,'B11','61',0,NULL,0,0),(6958,'B12','61',0,NULL,0,0),(6959,'C1','61',0,NULL,0,0),(6960,'C2','61',0,NULL,0,0),(6961,'C3','61',0,NULL,0,0),(6962,'C4','61',0,NULL,0,0),(6963,'C5','61',0,NULL,0,0),(6964,'C6','61',0,NULL,0,0),(6965,'C7','61',0,NULL,0,0),(6966,'C8','61',0,NULL,0,0),(6967,'C9','61',0,NULL,0,0),(6968,'C10','61',0,NULL,0,0),(6969,'C11','61',0,NULL,0,0),(6970,'C12','61',0,NULL,0,0),(6971,'D1','61',0,NULL,0,0),(6972,'D2','61',0,NULL,0,0),(6973,'D3','61',0,NULL,0,0),(6974,'D4','61',0,NULL,0,0),(6975,'D5','61',0,NULL,0,0),(6976,'D6','61',0,NULL,0,0),(6977,'D7','61',0,NULL,0,0),(6978,'D8','61',0,NULL,0,0),(6979,'D9','61',0,NULL,0,0),(6980,'D10','61',0,NULL,0,0),(6981,'D11','61',0,NULL,0,0),(6982,'D12','61',0,NULL,0,0),(6983,'E1','61',0,NULL,0,0),(6984,'E2','61',0,NULL,0,0),(6985,'E3','61',0,NULL,0,0),(6986,'E4','61',0,NULL,0,0),(6987,'E5','61',0,NULL,0,0),(6988,'E6','61',0,NULL,0,0),(6989,'E7','61',0,NULL,0,0),(6990,'E8','61',0,NULL,0,0),(6991,'E9','61',0,NULL,0,0),(6992,'E10','61',0,NULL,0,0),(6993,'E11','61',0,NULL,0,0),(6994,'E12','61',0,NULL,0,0),(6995,'F1','61',0,NULL,0,0),(6996,'F2','61',0,NULL,0,0),(6997,'F3','61',0,NULL,0,0),(6998,'F4','61',0,NULL,0,0),(6999,'F5','61',0,NULL,0,0),(7000,'F6','61',0,NULL,0,0),(7001,'F7','61',0,NULL,0,0),(7002,'F8','61',0,NULL,0,0),(7003,'F9','61',0,NULL,0,0),(7004,'F10','61',0,NULL,0,0),(7005,'F11','61',0,NULL,0,0),(7006,'F12','61',0,NULL,0,0),(7007,'G1','61',0,NULL,0,0),(7008,'G2','61',0,NULL,0,0),(7009,'G3','61',0,NULL,0,0),(7010,'G4','61',0,NULL,0,0),(7011,'G5','61',0,NULL,0,0),(7012,'G6','61',0,NULL,0,0),(7013,'G7','61',0,NULL,0,0),(7014,'G8','61',0,NULL,0,0),(7015,'G9','61',0,NULL,0,0),(7016,'G10','61',0,NULL,0,0),(7017,'G11','61',0,NULL,0,0),(7018,'G12','61',0,NULL,0,0),(7019,'H1','61',0,NULL,0,0),(7020,'H2','61',0,NULL,0,0),(7021,'H3','61',0,NULL,0,0),(7022,'H4','61',0,NULL,0,0),(7023,'H5','61',0,NULL,0,0),(7024,'H6','61',0,NULL,0,0),(7025,'H7','61',0,NULL,0,0),(7026,'H8','61',0,NULL,0,0),(7027,'H9','61',0,NULL,0,0),(7028,'H10','61',0,NULL,0,0),(7029,'H11','61',0,NULL,0,0),(7030,'H12','61',0,NULL,0,0),(7031,'I1','61',0,NULL,0,0),(7032,'I2','61',0,NULL,0,0),(7033,'I3','61',0,NULL,0,0),(7034,'I4','61',0,NULL,0,0),(7035,'I5','61',0,NULL,0,0),(7036,'I6','61',0,NULL,0,0),(7037,'I7','61',0,NULL,0,0),(7038,'I8','61',0,NULL,0,0),(7039,'I9','61',0,NULL,0,0),(7040,'I10','61',0,NULL,0,0),(7041,'I11','61',0,NULL,0,0),(7042,'I12','61',0,NULL,0,0),(7043,'A1','62',0,NULL,0,0),(7044,'A2','62',0,NULL,0,0),(7045,'A3','62',0,NULL,0,0),(7046,'A4','62',0,NULL,0,0),(7047,'A5','62',0,NULL,0,0),(7048,'A6','62',0,NULL,0,0),(7049,'A7','62',0,NULL,0,0),(7050,'A8','62',0,NULL,0,0),(7051,'A9','62',0,NULL,0,0),(7052,'A10','62',0,NULL,0,0),(7053,'A11','62',0,NULL,0,0),(7054,'A12','62',0,NULL,0,0),(7055,'B1','62',0,NULL,0,0),(7056,'B2','62',0,NULL,0,0),(7057,'B3','62',0,NULL,0,0),(7058,'B4','62',0,NULL,0,0),(7059,'B5','62',0,NULL,0,0),(7060,'B6','62',0,NULL,0,0),(7061,'B7','62',0,NULL,0,0),(7062,'B8','62',0,NULL,0,0),(7063,'B9','62',0,NULL,0,0),(7064,'B10','62',0,NULL,0,0),(7065,'B11','62',0,NULL,0,0),(7066,'B12','62',0,NULL,0,0),(7067,'C1','62',0,NULL,0,0),(7068,'C2','62',0,NULL,0,0),(7069,'C3','62',0,NULL,0,0),(7070,'C4','62',0,NULL,0,0),(7071,'C5','62',0,NULL,0,0),(7072,'C6','62',0,NULL,0,0),(7073,'C7','62',0,NULL,0,0),(7074,'C8','62',0,NULL,0,0),(7075,'C9','62',0,NULL,0,0),(7076,'C10','62',0,NULL,0,0),(7077,'C11','62',0,NULL,0,0),(7078,'C12','62',0,NULL,0,0),(7079,'D1','62',0,NULL,0,0),(7080,'D2','62',0,NULL,0,0),(7081,'D3','62',0,NULL,0,0),(7082,'D4','62',0,NULL,0,0),(7083,'D5','62',0,NULL,0,0),(7084,'D6','62',0,NULL,0,0),(7085,'D7','62',0,NULL,0,0),(7086,'D8','62',0,NULL,0,0),(7087,'D9','62',0,NULL,0,0),(7088,'D10','62',0,NULL,0,0),(7089,'D11','62',0,NULL,0,0),(7090,'D12','62',0,NULL,0,0),(7091,'E1','62',0,NULL,0,0),(7092,'E2','62',0,NULL,0,0),(7093,'E3','62',0,NULL,0,0),(7094,'E4','62',0,NULL,0,0),(7095,'E5','62',0,NULL,0,0),(7096,'E6','62',0,NULL,0,0),(7097,'E7','62',0,NULL,0,0),(7098,'E8','62',0,NULL,0,0),(7099,'E9','62',0,NULL,0,0),(7100,'E10','62',0,NULL,0,0),(7101,'E11','62',0,NULL,0,0),(7102,'E12','62',0,NULL,0,0),(7103,'F1','62',0,NULL,0,0),(7104,'F2','62',0,NULL,0,0),(7105,'F3','62',0,NULL,0,0),(7106,'F4','62',0,NULL,0,0),(7107,'F5','62',0,NULL,0,0),(7108,'F6','62',0,NULL,0,0),(7109,'F7','62',0,NULL,0,0),(7110,'F8','62',0,NULL,0,0),(7111,'F9','62',0,NULL,0,0),(7112,'F10','62',0,NULL,0,0),(7113,'F11','62',0,NULL,0,0),(7114,'F12','62',0,NULL,0,0),(7115,'G1','62',0,NULL,0,0),(7116,'G2','62',0,NULL,0,0),(7117,'G3','62',0,NULL,0,0),(7118,'G4','62',0,NULL,0,0),(7119,'G5','62',0,NULL,0,0),(7120,'G6','62',0,NULL,0,0),(7121,'G7','62',0,NULL,0,0),(7122,'G8','62',0,NULL,0,0),(7123,'G9','62',0,NULL,0,0),(7124,'G10','62',0,NULL,0,0),(7125,'G11','62',0,NULL,0,0),(7126,'G12','62',0,NULL,0,0),(7127,'H1','62',0,NULL,0,0),(7128,'H2','62',0,NULL,0,0),(7129,'H3','62',0,NULL,0,0),(7130,'H4','62',0,NULL,0,0),(7131,'H5','62',0,NULL,0,0),(7132,'H6','62',0,NULL,0,0),(7133,'H7','62',0,NULL,0,0),(7134,'H8','62',0,NULL,0,0),(7135,'H9','62',0,NULL,0,0),(7136,'H10','62',0,NULL,0,0),(7137,'H11','62',0,NULL,0,0),(7138,'H12','62',0,NULL,0,0),(7139,'I1','62',0,NULL,0,0),(7140,'I2','62',0,NULL,0,0),(7141,'I3','62',0,NULL,0,0),(7142,'I4','62',0,NULL,0,0),(7143,'I5','62',0,NULL,0,0),(7144,'I6','62',0,NULL,0,0),(7145,'I7','62',0,NULL,0,0),(7146,'I8','62',0,NULL,0,0),(7147,'I9','62',0,NULL,0,0),(7148,'I10','62',0,NULL,0,0),(7149,'I11','62',1,1047,0,0),(7150,'I12','62',1,1445,0,0),(7151,'A1','63',1,1320,0,0),(7152,'A2','63',1,625,0,0),(7153,'A3','63',0,NULL,0,0),(7154,'A4','63',1,605,0,0),(7155,'A5','63',1,612,0,0),(7156,'A6','63',1,641,0,0),(7157,'A7','63',1,1459,0,0),(7158,'A8','63',1,603,0,0),(7159,'A9','63',1,1316,0,0),(7160,'A10','63',1,382,0,0),(7161,'A11','63',0,NULL,0,0),(7162,'A12','63',1,1255,0,0),(7163,'A13','63',1,2,0,0),(7164,'A14','63',0,NULL,0,0),(7165,'A15','63',0,NULL,0,0),(7166,'B1','63',0,NULL,0,0),(7167,'B2','63',0,NULL,0,0),(7168,'B3','63',0,NULL,0,0),(7169,'B4','63',0,NULL,0,0),(7170,'B5','63',1,606,0,0),(7171,'B6','63',0,NULL,0,0),(7172,'B7','63',1,1310,0,0),(7173,'B8','63',1,1170,0,0),(7174,'B9','63',0,NULL,0,0),(7175,'B10','63',1,1298,0,0),(7176,'B11','63',0,NULL,0,0),(7177,'B12','63',0,NULL,0,0),(7178,'B13','63',0,NULL,0,0),(7179,'B14','63',0,NULL,0,0),(7180,'B15','63',0,NULL,0,0),(7181,'C1','63',0,NULL,0,0),(7182,'C2','63',0,NULL,0,0),(7183,'C3','63',1,1311,0,0),(7184,'C4','63',0,NULL,0,0),(7185,'C5','63',1,1299,0,0),(7186,'C6','63',1,1290,0,0),(7187,'C7','63',0,NULL,0,0),(7188,'C8','63',0,NULL,0,0),(7189,'C9','63',1,609,0,0),(7190,'C10','63',0,NULL,0,0),(7191,'C11','63',0,NULL,0,0),(7192,'C12','63',0,NULL,0,0),(7193,'C13','63',0,NULL,0,0),(7194,'C14','63',0,NULL,0,0),(7195,'C15','63',0,NULL,0,0),(7196,'D1','63',0,NULL,0,0),(7197,'D2','63',0,NULL,0,0),(7198,'D3','63',0,NULL,0,0),(7199,'D4','63',1,1407,0,0),(7200,'D5','63',1,1419,0,0),(7201,'D6','63',1,1433,0,0),(7202,'D7','63',0,NULL,0,0),(7203,'D8','63',0,NULL,0,0),(7204,'D9','63',0,NULL,0,0),(7205,'D10','63',0,NULL,0,0),(7206,'D11','63',0,NULL,0,0),(7207,'D12','63',0,NULL,0,0),(7208,'D13','63',0,NULL,0,0),(7209,'D14','63',0,NULL,0,0),(7210,'D15','63',0,NULL,0,0),(7211,'E1','63',0,NULL,0,0),(7212,'E2','63',0,NULL,0,0),(7213,'E3','63',0,NULL,0,0),(7214,'E4','63',1,1286,0,0),(7215,'E5','63',1,1301,0,0),(7216,'E6','63',0,NULL,0,0),(7217,'E7','63',0,NULL,0,0),(7218,'E8','63',0,NULL,0,0),(7219,'E9','63',0,NULL,0,0),(7220,'E10','63',0,NULL,0,0),(7221,'E11','63',0,NULL,0,0),(7222,'E12','63',0,NULL,0,0),(7223,'E13','63',0,NULL,0,0),(7224,'E14','63',0,NULL,0,0),(7225,'E15','63',0,NULL,0,0),(7226,'F1','63',0,NULL,0,0),(7227,'F2','63',0,NULL,0,0),(7228,'F3','63',0,NULL,0,0),(7229,'F4','63',0,NULL,0,0),(7230,'F5','63',0,NULL,0,0),(7231,'F6','63',0,NULL,0,0),(7232,'F7','63',0,NULL,0,0),(7233,'F8','63',0,NULL,0,0),(7234,'F9','63',0,NULL,0,0),(7235,'F10','63',0,NULL,0,0),(7236,'F11','63',0,NULL,0,0),(7237,'F12','63',0,NULL,0,0),(7238,'F13','63',0,NULL,0,0),(7239,'F14','63',0,NULL,0,0),(7240,'F15','63',0,NULL,0,0),(7241,'A1','64',0,NULL,0,0),(7242,'A2','64',0,NULL,0,0),(7243,'A3','64',0,NULL,0,0),(7244,'A4','64',0,NULL,0,0),(7245,'A5','64',0,NULL,0,0),(7246,'A6','64',1,1306,0,0),(7247,'A7','64',0,NULL,0,0),(7248,'A8','64',0,NULL,0,0),(7249,'A9','64',1,370,0,0),(7250,'A10','64',0,NULL,0,0),(7251,'A11','64',0,NULL,0,0),(7252,'A12','64',0,NULL,0,0),(7253,'A13','64',0,NULL,0,0),(7254,'A14','64',0,NULL,0,0),(7255,'A15','64',0,NULL,0,0),(7256,'B1','64',0,NULL,0,0),(7257,'B2','64',0,NULL,0,0),(7258,'B3','64',0,NULL,0,0),(7259,'B4','64',0,NULL,0,0),(7260,'B5','64',1,1461,0,0),(7261,'B6','64',0,NULL,0,0),(7262,'B7','64',0,NULL,0,0),(7263,'B8','64',0,NULL,0,0),(7264,'B9','64',0,NULL,0,0),(7265,'B10','64',1,1328,0,0),(7266,'B11','64',1,3,0,0),(7267,'B12','64',0,NULL,0,0),(7268,'B13','64',1,1330,0,0),(7269,'B14','64',0,NULL,0,0),(7270,'B15','64',0,NULL,0,0),(7271,'C1','64',0,NULL,0,0),(7272,'C2','64',1,1351,0,0),(7273,'C3','64',1,7,0,0),(7274,'C4','64',1,1353,0,0),(7275,'C5','64',0,NULL,0,0),(7276,'C6','64',0,NULL,0,0),(7277,'C7','64',0,NULL,0,0),(7278,'C8','64',0,NULL,0,0),(7279,'C9','64',1,1354,0,0),(7280,'C10','64',0,NULL,0,0),(7281,'C11','64',0,NULL,0,0),(7282,'C12','64',0,NULL,0,0),(7283,'C13','64',0,NULL,0,0),(7284,'C14','64',0,NULL,0,0),(7285,'C15','64',0,NULL,0,0),(7286,'D1','64',0,NULL,0,0),(7287,'D2','64',1,1360,0,0),(7288,'D3','64',1,1354,0,0),(7289,'D4','64',0,NULL,0,0),(7290,'D5','64',0,NULL,0,0),(7291,'D6','64',1,13,0,0),(7292,'D7','64',1,14,0,0),(7293,'D8','64',0,NULL,0,0),(7294,'D9','64',1,1363,0,0),(7295,'D10','64',0,NULL,0,0),(7296,'D11','64',0,NULL,0,0),(7297,'D12','64',0,NULL,0,0),(7298,'D13','64',0,NULL,0,0),(7299,'D14','64',0,NULL,0,0),(7300,'D15','64',0,NULL,0,0),(7301,'E1','64',1,1369,0,0),(7302,'E2','64',0,NULL,0,0),(7303,'E3','64',1,1371,0,0),(7304,'E4','64',1,1372,0,0),(7305,'E5','64',1,1373,0,0),(7306,'E6','64',0,NULL,0,0),(7307,'E7','64',0,NULL,0,0),(7308,'E8','64',0,NULL,0,0),(7309,'E9','64',0,NULL,0,0),(7310,'E10','64',0,NULL,0,0),(7311,'E11','64',0,NULL,0,0),(7312,'E12','64',0,NULL,0,0),(7313,'E13','64',0,NULL,0,0),(7314,'E14','64',0,NULL,0,0),(7315,'E15','64',0,NULL,0,0),(7316,'F1','64',0,NULL,0,0),(7317,'F2','64',0,NULL,0,0),(7318,'F3','64',0,NULL,0,0),(7319,'F4','64',1,1337,0,0),(7320,'F5','64',0,NULL,0,0),(7321,'F6','64',0,NULL,0,0),(7322,'F7','64',0,NULL,0,0),(7323,'F8','64',0,NULL,0,0),(7324,'F9','64',0,NULL,0,0),(7325,'F10','64',0,NULL,0,0),(7326,'F11','64',0,NULL,0,0),(7327,'F12','64',0,NULL,0,0),(7328,'F13','64',0,NULL,0,0),(7329,'F14','64',0,NULL,0,0),(7330,'F15','64',0,NULL,0,0),(7331,'A1','65',0,NULL,0,0),(7332,'A2','65',0,NULL,0,0),(7333,'A3','65',0,NULL,0,0),(7334,'A4','65',1,1410,0,0),(7335,'A5','65',0,NULL,0,0),(7336,'A6','65',0,NULL,0,0),(7337,'A7','65',0,NULL,0,0),(7338,'A8','65',0,NULL,0,0),(7339,'A9','65',0,NULL,0,0),(7340,'A10','65',0,NULL,0,0),(7341,'A11','65',0,NULL,0,0),(7342,'A12','65',0,NULL,0,0),(7343,'A13','65',0,NULL,0,0),(7344,'A14','65',0,NULL,0,0),(7345,'A15','65',0,NULL,0,0),(7346,'B1','65',0,NULL,0,0),(7347,'B2','65',0,NULL,0,0),(7348,'B3','65',0,NULL,0,0),(7349,'B4','65',1,412,0,0),(7350,'B5','65',0,NULL,0,0),(7351,'B6','65',0,NULL,0,0),(7352,'B7','65',0,NULL,0,0),(7353,'B8','65',0,NULL,0,0),(7354,'B9','65',0,NULL,0,0),(7355,'B10','65',0,NULL,0,0),(7356,'B11','65',0,NULL,0,0),(7357,'B12','65',0,NULL,0,0),(7358,'B13','65',0,NULL,0,0),(7359,'B14','65',0,NULL,0,0),(7360,'B15','65',0,NULL,0,0),(7361,'C1','65',0,NULL,0,0),(7362,'C2','65',0,NULL,0,0),(7363,'C3','65',1,1411,0,0),(7364,'C4','65',0,NULL,0,0),(7365,'C5','65',0,NULL,0,0),(7366,'C6','65',0,NULL,0,0),(7367,'C7','65',0,NULL,0,0),(7368,'C8','65',1,1281,0,0),(7369,'C9','65',0,NULL,0,0),(7370,'C10','65',0,NULL,0,0),(7371,'C11','65',0,NULL,0,0),(7372,'C12','65',0,NULL,0,0),(7373,'C13','65',0,NULL,0,0),(7374,'C14','65',0,NULL,0,0),(7375,'C15','65',0,NULL,0,0),(7376,'D1','65',0,NULL,0,0),(7377,'D2','65',0,NULL,0,0),(7378,'D3','65',0,NULL,0,0),(7379,'D4','65',0,NULL,0,0),(7380,'D5','65',0,NULL,0,0),(7381,'D6','65',0,NULL,0,0),(7382,'D7','65',0,NULL,0,0),(7383,'D8','65',0,NULL,0,0),(7384,'D9','65',0,NULL,0,0),(7385,'D10','65',0,NULL,0,0),(7386,'D11','65',0,NULL,0,0),(7387,'D12','65',0,NULL,0,0),(7388,'D13','65',0,NULL,0,0),(7389,'D14','65',0,NULL,0,0),(7390,'D15','65',0,NULL,0,0),(7391,'E1','65',0,NULL,0,0),(7392,'E2','65',0,NULL,0,0),(7393,'E3','65',0,NULL,0,0),(7394,'E4','65',0,NULL,0,0),(7395,'E5','65',0,NULL,0,0),(7396,'E6','65',0,NULL,0,0),(7397,'E7','65',0,NULL,0,0),(7398,'E8','65',0,NULL,0,0),(7399,'E9','65',0,NULL,0,0),(7400,'E10','65',0,NULL,0,0),(7401,'E11','65',0,NULL,0,0),(7402,'E12','65',0,NULL,0,0),(7403,'E13','65',0,NULL,0,0),(7404,'E14','65',0,NULL,0,0),(7405,'E15','65',0,NULL,0,0),(7406,'F1','65',0,NULL,0,0),(7407,'F2','65',0,NULL,0,0),(7408,'F3','65',0,NULL,0,0),(7409,'F4','65',0,NULL,0,0),(7410,'F5','65',0,NULL,0,0),(7411,'F6','65',0,NULL,0,0),(7412,'F7','65',0,NULL,0,0),(7413,'F8','65',0,NULL,0,0),(7414,'F9','65',0,NULL,0,0),(7415,'F10','65',0,NULL,0,0),(7416,'F11','65',0,NULL,0,0),(7417,'F12','65',0,NULL,0,0),(7418,'F13','65',0,NULL,0,0),(7419,'F14','65',0,NULL,0,0),(7420,'F15','65',0,NULL,0,0),(7421,'A1','66',0,NULL,0,0),(7422,'A2','66',0,NULL,0,0),(7423,'A3','66',0,NULL,0,0),(7424,'A4','66',0,NULL,0,0),(7425,'A5','66',0,NULL,0,0),(7426,'A6','66',0,NULL,0,0),(7427,'A7','66',0,NULL,0,0),(7428,'A8','66',0,NULL,0,0),(7429,'A9','66',1,1279,0,0),(7430,'A10','66',0,NULL,0,0),(7431,'A11','66',0,NULL,0,0),(7432,'A12','66',0,NULL,0,0),(7433,'A13','66',0,NULL,0,0),(7434,'A14','66',0,NULL,0,0),(7435,'A15','66',0,NULL,0,0),(7436,'B1','66',0,NULL,0,0),(7437,'B2','66',0,NULL,0,0),(7438,'B3','66',0,NULL,0,0),(7439,'B4','66',0,NULL,0,0),(7440,'B5','66',0,NULL,0,0),(7441,'B6','66',0,NULL,0,0),(7442,'B7','66',0,NULL,0,0),(7443,'B8','66',0,NULL,0,0),(7444,'B9','66',0,NULL,0,0),(7445,'B10','66',0,NULL,0,0),(7446,'B11','66',0,NULL,0,0),(7447,'B12','66',0,NULL,0,0),(7448,'B13','66',0,NULL,0,0),(7449,'B14','66',0,NULL,0,0),(7450,'B15','66',0,NULL,0,0),(7451,'C1','66',0,NULL,0,0),(7452,'C2','66',0,NULL,0,0),(7453,'C3','66',0,NULL,0,0),(7454,'C4','66',0,NULL,0,0),(7455,'C5','66',0,NULL,0,0),(7456,'C6','66',0,NULL,0,0),(7457,'C7','66',0,NULL,0,0),(7458,'C8','66',0,NULL,0,0),(7459,'C9','66',0,NULL,0,0),(7460,'C10','66',0,NULL,0,0),(7461,'C11','66',0,NULL,0,0),(7462,'C12','66',0,NULL,0,0),(7463,'C13','66',0,NULL,0,0),(7464,'C14','66',0,NULL,0,0),(7465,'C15','66',0,NULL,0,0),(7466,'D1','66',0,NULL,0,0),(7467,'D2','66',0,NULL,0,0),(7468,'D3','66',0,NULL,0,0),(7469,'D4','66',0,NULL,0,0),(7470,'D5','66',0,NULL,0,0),(7471,'D6','66',0,NULL,0,0),(7472,'D7','66',0,NULL,0,0),(7473,'D8','66',0,NULL,0,0),(7474,'D9','66',0,NULL,0,0),(7475,'D10','66',0,NULL,0,0),(7476,'D11','66',0,NULL,0,0),(7477,'D12','66',0,NULL,0,0),(7478,'D13','66',0,NULL,0,0),(7479,'D14','66',0,NULL,0,0),(7480,'D15','66',0,NULL,0,0),(7481,'E1','66',0,NULL,0,0),(7482,'E2','66',0,NULL,0,0),(7483,'E3','66',0,NULL,0,0),(7484,'E4','66',0,NULL,0,0),(7485,'E5','66',0,NULL,0,0),(7486,'E6','66',0,NULL,0,0),(7487,'E7','66',0,NULL,0,0),(7488,'E8','66',0,NULL,0,0),(7489,'E9','66',0,NULL,0,0),(7490,'E10','66',0,NULL,0,0),(7491,'E11','66',0,NULL,0,0),(7492,'E12','66',0,NULL,0,0),(7493,'E13','66',0,NULL,0,0),(7494,'E14','66',0,NULL,0,0),(7495,'E15','66',0,NULL,0,0),(7496,'F1','66',0,NULL,0,0),(7497,'F2','66',0,NULL,0,0),(7498,'F3','66',0,NULL,0,0),(7499,'F4','66',0,NULL,0,0),(7500,'F5','66',0,NULL,0,0),(7501,'F6','66',0,NULL,0,0),(7502,'F7','66',0,NULL,0,0),(7503,'F8','66',0,NULL,0,0),(7504,'F9','66',0,NULL,0,0),(7505,'F10','66',0,NULL,0,0),(7506,'F11','66',0,NULL,0,0),(7507,'F12','66',0,NULL,0,0),(7508,'F13','66',0,NULL,0,0),(7509,'F14','66',0,NULL,0,0),(7510,'F15','66',0,NULL,0,0),(7511,'A1','67',0,NULL,0,0),(7512,'A2','67',0,NULL,0,0),(7513,'A3','67',0,NULL,0,0),(7514,'A4','67',0,NULL,0,0),(7515,'A5','67',0,NULL,0,0),(7516,'A6','67',0,NULL,0,0),(7517,'A7','67',0,NULL,0,0),(7518,'A8','67',0,NULL,0,0),(7519,'A9','67',0,NULL,0,0),(7520,'A10','67',0,NULL,0,0),(7521,'A11','67',0,NULL,0,0),(7522,'A12','67',0,NULL,0,0),(7523,'A13','67',0,NULL,0,0),(7524,'A14','67',0,NULL,0,0),(7525,'A15','67',0,NULL,0,0),(7526,'B1','67',0,NULL,0,0),(7527,'B2','67',0,NULL,0,0),(7528,'B3','67',0,NULL,0,0),(7529,'B4','67',0,NULL,0,0),(7530,'B5','67',0,NULL,0,0),(7531,'B6','67',0,NULL,0,0),(7532,'B7','67',0,NULL,0,0),(7533,'B8','67',0,NULL,0,0),(7534,'B9','67',0,NULL,0,0),(7535,'B10','67',0,NULL,0,0),(7536,'B11','67',0,NULL,0,0),(7537,'B12','67',0,NULL,0,0),(7538,'B13','67',0,NULL,0,0),(7539,'B14','67',0,NULL,0,0),(7540,'B15','67',0,NULL,0,0),(7541,'C1','67',0,NULL,0,0),(7542,'C2','67',0,NULL,0,0),(7543,'C3','67',1,1425,0,0),(7544,'C4','67',0,NULL,0,0),(7545,'C5','67',0,NULL,0,0),(7546,'C6','67',0,NULL,0,0),(7547,'C7','67',0,NULL,0,0),(7548,'C8','67',0,NULL,0,0),(7549,'C9','67',0,NULL,0,0),(7550,'C10','67',1,1473,0,0),(7551,'C11','67',0,NULL,0,0),(7552,'C12','67',0,NULL,0,0),(7553,'C13','67',0,NULL,0,0),(7554,'C14','67',0,NULL,0,0),(7555,'C15','67',0,NULL,0,0),(7556,'D1','67',0,NULL,0,0),(7557,'D2','67',0,NULL,0,0),(7558,'D3','67',0,NULL,0,0),(7559,'D4','67',0,NULL,0,0),(7560,'D5','67',0,NULL,0,0),(7561,'D6','67',0,NULL,0,0),(7562,'D7','67',0,NULL,0,0),(7563,'D8','67',0,NULL,0,0),(7564,'D9','67',0,NULL,0,0),(7565,'D10','67',0,NULL,0,0),(7566,'D11','67',0,NULL,0,0),(7567,'D12','67',0,NULL,0,0),(7568,'D13','67',0,NULL,0,0),(7569,'D14','67',0,NULL,0,0),(7570,'D15','67',0,NULL,0,0),(7571,'E1','67',0,NULL,0,0),(7572,'E2','67',0,NULL,0,0),(7573,'E3','67',0,NULL,0,0),(7574,'E4','67',0,NULL,0,0),(7575,'E5','67',0,NULL,0,0),(7576,'E6','67',0,NULL,0,0),(7577,'E7','67',0,NULL,0,0),(7578,'E8','67',0,NULL,0,0),(7579,'E9','67',0,NULL,0,0),(7580,'E10','67',0,NULL,0,0),(7581,'E11','67',0,NULL,0,0),(7582,'E12','67',0,NULL,0,0),(7583,'E13','67',0,NULL,0,0),(7584,'E14','67',0,NULL,0,0),(7585,'E15','67',0,NULL,0,0),(7586,'F1','67',0,NULL,0,0),(7587,'F2','67',0,NULL,0,0),(7588,'F3','67',0,NULL,0,0),(7589,'F4','67',0,NULL,0,0),(7590,'F5','67',0,NULL,0,0),(7591,'F6','67',1,1349,0,0),(7592,'F7','67',0,NULL,0,0),(7593,'F8','67',0,NULL,0,0),(7594,'F9','67',1,1348,0,0),(7595,'F10','67',0,NULL,0,0),(7596,'F11','67',0,NULL,0,0),(7597,'F12','67',0,NULL,0,0),(7598,'F13','67',0,NULL,0,0),(7599,'F14','67',0,NULL,0,0),(7600,'F15','67',0,NULL,0,0),(7601,'A1','68',0,NULL,0,0),(7602,'A2','68',0,NULL,0,0),(7603,'A3','68',0,NULL,0,0),(7604,'A4','68',0,NULL,0,0),(7605,'A5','68',0,NULL,0,0),(7606,'A6','68',0,NULL,0,0),(7607,'A7','68',0,NULL,0,0),(7608,'A8','68',0,NULL,0,0),(7609,'A9','68',0,NULL,0,0),(7610,'A10','68',0,NULL,0,0),(7611,'A11','68',0,NULL,0,0),(7612,'A12','68',0,NULL,0,0),(7613,'A13','68',0,NULL,0,0),(7614,'A14','68',0,NULL,0,0),(7615,'A15','68',0,NULL,0,0),(7616,'B1','68',0,NULL,0,0),(7617,'B2','68',0,NULL,0,0),(7618,'B3','68',0,NULL,0,0),(7619,'B4','68',0,NULL,0,0),(7620,'B5','68',0,NULL,0,0),(7621,'B6','68',0,NULL,0,0),(7622,'B7','68',0,NULL,0,0),(7623,'B8','68',0,NULL,0,0),(7624,'B9','68',0,NULL,0,0),(7625,'B10','68',0,NULL,0,0),(7626,'B11','68',0,NULL,0,0),(7627,'B12','68',0,NULL,0,0),(7628,'B13','68',0,NULL,0,0),(7629,'B14','68',0,NULL,0,0),(7630,'B15','68',0,NULL,0,0),(7631,'C1','68',1,1462,0,0),(7632,'C2','68',0,NULL,0,0),(7633,'C3','68',0,NULL,0,0),(7634,'C4','68',0,NULL,0,0),(7635,'C5','68',0,NULL,0,0),(7636,'C6','68',0,NULL,0,0),(7637,'C7','68',0,NULL,0,0),(7638,'C8','68',0,NULL,0,0),(7639,'C9','68',0,NULL,0,0),(7640,'C10','68',0,NULL,0,0),(7641,'C11','68',0,NULL,0,0),(7642,'C12','68',0,NULL,0,0),(7643,'C13','68',0,NULL,0,0),(7644,'C14','68',0,NULL,0,0),(7645,'C15','68',0,NULL,0,0),(7646,'D1','68',0,NULL,0,0),(7647,'D2','68',0,NULL,0,0),(7648,'D3','68',0,NULL,0,0),(7649,'D4','68',0,NULL,0,0),(7650,'D5','68',0,NULL,0,0),(7651,'D6','68',0,NULL,0,0),(7652,'D7','68',0,NULL,0,0),(7653,'D8','68',0,NULL,0,0),(7654,'D9','68',0,NULL,0,0),(7655,'D10','68',0,NULL,0,0),(7656,'D11','68',0,NULL,0,0),(7657,'D12','68',0,NULL,0,0),(7658,'D13','68',0,NULL,0,0),(7659,'D14','68',0,NULL,0,0),(7660,'D15','68',0,NULL,0,0),(7661,'E1','68',0,NULL,0,0),(7662,'E2','68',0,NULL,0,0),(7663,'E3','68',0,NULL,0,0),(7664,'E4','68',0,NULL,0,0),(7665,'E5','68',0,NULL,0,0),(7666,'E6','68',1,1463,0,0),(7667,'E7','68',0,NULL,0,0),(7668,'E8','68',0,NULL,0,0),(7669,'E9','68',0,NULL,0,0),(7670,'E10','68',0,NULL,0,0),(7671,'E11','68',0,NULL,0,0),(7672,'E12','68',0,NULL,0,0),(7673,'E13','68',0,NULL,0,0),(7674,'E14','68',0,NULL,0,0),(7675,'E15','68',0,NULL,0,0),(7676,'F1','68',0,NULL,0,0),(7677,'F2','68',0,NULL,0,0),(7678,'F3','68',0,NULL,0,0),(7679,'F4','68',0,NULL,0,0),(7680,'F5','68',0,NULL,0,0),(7681,'F6','68',0,NULL,0,0),(7682,'F7','68',0,NULL,0,0),(7683,'F8','68',0,NULL,0,0),(7684,'F9','68',0,NULL,0,0),(7685,'F10','68',0,NULL,0,0),(7686,'F11','68',0,NULL,0,0),(7687,'F12','68',0,NULL,0,0),(7688,'F13','68',0,NULL,0,0),(7689,'F14','68',0,NULL,0,0),(7690,'F15','68',0,NULL,0,0),(7691,'A1','69',0,NULL,0,0),(7692,'A2','69',0,NULL,0,0),(7693,'A3','69',0,NULL,0,0),(7694,'A4','69',0,NULL,0,0),(7695,'A5','69',0,NULL,0,0),(7696,'A6','69',0,NULL,0,0),(7697,'A7','69',0,NULL,0,0),(7698,'A8','69',0,NULL,0,0),(7699,'A9','69',0,NULL,0,0),(7700,'A10','69',0,NULL,0,0),(7701,'A11','69',0,NULL,0,0),(7702,'A12','69',0,NULL,0,0),(7703,'A13','69',0,NULL,0,0),(7704,'A14','69',0,NULL,0,0),(7705,'A15','69',0,NULL,0,0),(7706,'B1','69',1,1280,0,0),(7707,'B2','69',0,NULL,0,0),(7708,'B3','69',0,NULL,0,0),(7709,'B4','69',0,NULL,0,0),(7710,'B5','69',0,NULL,0,0),(7711,'B6','69',0,NULL,0,0),(7712,'B7','69',0,NULL,0,0),(7713,'B8','69',0,NULL,0,0),(7714,'B9','69',0,NULL,0,0),(7715,'B10','69',0,NULL,0,0),(7716,'B11','69',0,NULL,0,0),(7717,'B12','69',0,NULL,0,0),(7718,'B13','69',0,NULL,0,0),(7719,'B14','69',0,NULL,0,0),(7720,'B15','69',0,NULL,0,0),(7721,'C1','69',0,NULL,0,0),(7722,'C2','69',0,NULL,0,0),(7723,'C3','69',0,NULL,0,0),(7724,'C4','69',0,NULL,0,0),(7725,'C5','69',0,NULL,0,0),(7726,'C6','69',0,NULL,0,0),(7727,'C7','69',0,NULL,0,0),(7728,'C8','69',0,NULL,0,0),(7729,'C9','69',0,NULL,0,0),(7730,'C10','69',0,NULL,0,0),(7731,'C11','69',0,NULL,0,0),(7732,'C12','69',0,NULL,0,0),(7733,'C13','69',0,NULL,0,0),(7734,'C14','69',0,NULL,0,0),(7735,'C15','69',0,NULL,0,0),(7736,'D1','69',0,NULL,0,0),(7737,'D2','69',0,NULL,0,0),(7738,'D3','69',0,NULL,0,0),(7739,'D4','69',0,NULL,0,0),(7740,'D5','69',0,NULL,0,0),(7741,'D6','69',0,NULL,0,0),(7742,'D7','69',0,NULL,0,0),(7743,'D8','69',0,NULL,0,0),(7744,'D9','69',0,NULL,0,0),(7745,'D10','69',0,NULL,0,0),(7746,'D11','69',0,NULL,0,0),(7747,'D12','69',0,NULL,0,0),(7748,'D13','69',0,NULL,0,0),(7749,'D14','69',0,NULL,0,0),(7750,'D15','69',0,NULL,0,0),(7751,'E1','69',1,1278,0,0),(7752,'E2','69',0,NULL,0,0),(7753,'E3','69',0,NULL,0,0),(7754,'E4','69',0,NULL,0,0),(7755,'E5','69',0,NULL,0,0),(7756,'E6','69',0,NULL,0,0),(7757,'E7','69',0,NULL,0,0),(7758,'E8','69',0,NULL,0,0),(7759,'E9','69',0,NULL,0,0),(7760,'E10','69',0,NULL,0,0),(7761,'E11','69',0,NULL,0,0),(7762,'E12','69',0,NULL,0,0),(7763,'E13','69',0,NULL,0,0),(7764,'E14','69',0,NULL,0,0),(7765,'E15','69',0,NULL,0,0),(7766,'F1','69',1,56,0,0),(7767,'F2','69',0,NULL,0,0),(7768,'F3','69',0,NULL,0,0),(7769,'F4','69',1,69,0,0),(7770,'F5','69',0,NULL,0,0),(7771,'F6','69',0,NULL,0,0),(7772,'F7','69',0,NULL,0,0),(7773,'F8','69',0,NULL,0,0),(7774,'F9','69',0,NULL,0,0),(7775,'F10','69',0,NULL,0,0),(7776,'F11','69',0,NULL,0,0),(7777,'F12','69',0,NULL,0,0),(7778,'F13','69',0,NULL,0,0),(7779,'F14','69',0,NULL,0,0),(7780,'F15','69',0,NULL,0,0),(7781,'A1','70',0,NULL,0,0),(7782,'A2','70',0,NULL,0,0),(7783,'A3','70',0,NULL,0,0),(7784,'A4','70',0,NULL,0,0),(7785,'A5','70',0,NULL,0,0),(7786,'A6','70',0,NULL,0,0),(7787,'A7','70',0,NULL,0,0),(7788,'A8','70',0,NULL,0,0),(7789,'A9','70',0,NULL,0,0),(7790,'A10','70',0,NULL,0,0),(7791,'A11','70',0,NULL,0,0),(7792,'A12','70',0,NULL,0,0),(7793,'A13','70',0,NULL,0,0),(7794,'A14','70',0,NULL,0,0),(7795,'A15','70',0,NULL,0,0),(7796,'B1','70',0,NULL,0,0),(7797,'B2','70',0,NULL,0,0),(7798,'B3','70',0,NULL,0,0),(7799,'B4','70',0,NULL,0,0),(7800,'B5','70',0,NULL,0,0),(7801,'B6','70',0,NULL,0,0),(7802,'B7','70',0,NULL,0,0),(7803,'B8','70',0,NULL,0,0),(7804,'B9','70',0,NULL,0,0),(7805,'B10','70',0,NULL,0,0),(7806,'B11','70',0,NULL,0,0),(7807,'B12','70',0,NULL,0,0),(7808,'B13','70',0,NULL,0,0),(7809,'B14','70',0,NULL,0,0),(7810,'B15','70',0,NULL,0,0),(7811,'C1','70',0,NULL,0,0),(7812,'C2','70',0,NULL,0,0),(7813,'C3','70',0,NULL,0,0),(7814,'C4','70',0,NULL,0,0),(7815,'C5','70',0,NULL,0,0),(7816,'C6','70',0,NULL,0,0),(7817,'C7','70',0,NULL,0,0),(7818,'C8','70',0,NULL,0,0),(7819,'C9','70',0,NULL,0,0),(7820,'C10','70',0,NULL,0,0),(7821,'C11','70',0,NULL,0,0),(7822,'C12','70',0,NULL,0,0),(7823,'C13','70',0,NULL,0,0),(7824,'C14','70',0,NULL,0,0),(7825,'C15','70',0,NULL,0,0),(7826,'D1','70',0,NULL,0,0),(7827,'D2','70',0,NULL,0,0),(7828,'D3','70',0,NULL,0,0),(7829,'D4','70',0,NULL,0,0),(7830,'D5','70',0,NULL,0,0),(7831,'D6','70',0,NULL,0,0),(7832,'D7','70',0,NULL,0,0),(7833,'D8','70',0,NULL,0,0),(7834,'D9','70',0,NULL,0,0),(7835,'D10','70',0,NULL,0,0),(7836,'D11','70',0,NULL,0,0),(7837,'D12','70',0,NULL,0,0),(7838,'D13','70',0,NULL,0,0),(7839,'D14','70',0,NULL,0,0),(7840,'D15','70',0,NULL,0,0),(7841,'E1','70',0,NULL,0,0),(7842,'E2','70',0,NULL,0,0),(7843,'E3','70',0,NULL,0,0),(7844,'E4','70',0,NULL,0,0),(7845,'E5','70',0,NULL,0,0),(7846,'E6','70',0,NULL,0,0),(7847,'E7','70',0,NULL,0,0),(7848,'E8','70',0,NULL,0,0),(7849,'E9','70',0,NULL,0,0),(7850,'E10','70',0,NULL,0,0),(7851,'E11','70',0,NULL,0,0),(7852,'E12','70',0,NULL,0,0),(7853,'E13','70',0,NULL,0,0),(7854,'E14','70',0,NULL,0,0),(7855,'E15','70',0,NULL,0,0),(7856,'F1','70',0,NULL,0,0),(7857,'F2','70',0,NULL,0,0),(7858,'F3','70',0,NULL,0,0),(7859,'F4','70',0,NULL,0,0),(7860,'F5','70',0,NULL,0,0),(7861,'F6','70',0,NULL,0,0),(7862,'F7','70',0,NULL,0,0),(7863,'F8','70',0,NULL,0,0),(7864,'F9','70',0,NULL,0,0),(7865,'F10','70',0,NULL,0,0),(7866,'F11','70',0,NULL,0,0),(7867,'F12','70',0,NULL,0,0),(7868,'F13','70',0,NULL,0,0),(7869,'F14','70',0,NULL,0,0),(7870,'F15','70',0,NULL,0,0),(7871,'A1','71',0,NULL,0,0),(7872,'A2','71',0,NULL,0,0),(7873,'A3','71',0,NULL,0,0),(7874,'A4','71',0,NULL,0,0),(7875,'A5','71',0,NULL,0,0),(7876,'A6','71',0,NULL,0,0),(7877,'A7','71',0,NULL,0,0),(7878,'A8','71',0,NULL,0,0),(7879,'A9','71',0,NULL,0,0),(7880,'A10','71',0,NULL,0,0),(7881,'A11','71',0,NULL,0,0),(7882,'A12','71',0,NULL,0,0),(7883,'A13','71',0,NULL,0,0),(7884,'A14','71',0,NULL,0,0),(7885,'A15','71',0,NULL,0,0),(7886,'B1','71',0,NULL,0,0),(7887,'B2','71',0,NULL,0,0),(7888,'B3','71',0,NULL,0,0),(7889,'B4','71',0,NULL,0,0),(7890,'B5','71',0,NULL,0,0),(7891,'B6','71',0,NULL,0,0),(7892,'B7','71',0,NULL,0,0),(7893,'B8','71',0,NULL,0,0),(7894,'B9','71',0,NULL,0,0),(7895,'B10','71',0,NULL,0,0),(7896,'B11','71',0,NULL,0,0),(7897,'B12','71',0,NULL,0,0),(7898,'B13','71',0,NULL,0,0),(7899,'B14','71',0,NULL,0,0),(7900,'B15','71',0,NULL,0,0),(7901,'C1','71',0,NULL,0,0),(7902,'C2','71',0,NULL,0,0),(7903,'C3','71',0,NULL,0,0),(7904,'C4','71',0,NULL,0,0),(7905,'C5','71',0,NULL,0,0),(7906,'C6','71',0,NULL,0,0),(7907,'C7','71',0,NULL,0,0),(7908,'C8','71',0,NULL,0,0),(7909,'C9','71',0,NULL,0,0),(7910,'C10','71',0,NULL,0,0),(7911,'C11','71',0,NULL,0,0),(7912,'C12','71',0,NULL,0,0),(7913,'C13','71',0,NULL,0,0),(7914,'C14','71',0,NULL,0,0),(7915,'C15','71',0,NULL,0,0),(7916,'D1','71',0,NULL,0,0),(7917,'D2','71',0,NULL,0,0),(7918,'D3','71',0,NULL,0,0),(7919,'D4','71',0,NULL,0,0),(7920,'D5','71',0,NULL,0,0),(7921,'D6','71',0,NULL,0,0),(7922,'D7','71',0,NULL,0,0),(7923,'D8','71',0,NULL,0,0),(7924,'D9','71',0,NULL,0,0),(7925,'D10','71',0,NULL,0,0),(7926,'D11','71',0,NULL,0,0),(7927,'D12','71',0,NULL,0,0),(7928,'D13','71',0,NULL,0,0),(7929,'D14','71',0,NULL,0,0),(7930,'D15','71',0,NULL,0,0),(7931,'E1','71',0,NULL,0,0),(7932,'E2','71',0,NULL,0,0),(7933,'E3','71',0,NULL,0,0),(7934,'E4','71',0,NULL,0,0),(7935,'E5','71',0,NULL,0,0),(7936,'E6','71',0,NULL,0,0),(7937,'E7','71',0,NULL,0,0),(7938,'E8','71',0,NULL,0,0),(7939,'E9','71',0,NULL,0,0),(7940,'E10','71',0,NULL,0,0),(7941,'E11','71',0,NULL,0,0),(7942,'E12','71',0,NULL,0,0),(7943,'E13','71',0,NULL,0,0),(7944,'E14','71',0,NULL,0,0),(7945,'E15','71',0,NULL,0,0),(7946,'F1','71',0,NULL,0,0),(7947,'F2','71',0,NULL,0,0),(7948,'F3','71',0,NULL,0,0),(7949,'F4','71',0,NULL,0,0),(7950,'F5','71',0,NULL,0,0),(7951,'F6','71',0,NULL,0,0),(7952,'F7','71',0,NULL,0,0),(7953,'F8','71',0,NULL,0,0),(7954,'F9','71',0,NULL,0,0),(7955,'F10','71',0,NULL,0,0),(7956,'F11','71',0,NULL,0,0),(7957,'F12','71',0,NULL,0,0),(7958,'F13','71',0,NULL,0,0),(7959,'F14','71',0,NULL,0,0),(7960,'F15','71',0,NULL,0,0),(7961,'A1','72',0,NULL,0,0),(7962,'A2','72',0,NULL,0,0),(7963,'A3','72',0,NULL,0,0),(7964,'A4','72',0,NULL,0,0),(7965,'A5','72',0,NULL,0,0),(7966,'A6','72',0,NULL,0,0),(7967,'A7','72',0,NULL,0,0),(7968,'A8','72',0,NULL,0,0),(7969,'A9','72',0,NULL,0,0),(7970,'A10','72',0,NULL,0,0),(7971,'A11','72',0,NULL,0,0),(7972,'A12','72',0,NULL,0,0),(7973,'B1','72',0,NULL,0,0),(7974,'B2','72',0,NULL,0,0),(7975,'B3','72',0,NULL,0,0),(7976,'B4','72',0,NULL,0,0),(7977,'B5','72',0,NULL,0,0),(7978,'B6','72',0,NULL,0,0),(7979,'B7','72',0,NULL,0,0),(7980,'B8','72',0,NULL,0,0),(7981,'B9','72',0,NULL,0,0),(7982,'B10','72',0,NULL,0,0),(7983,'B11','72',0,NULL,0,0),(7984,'B12','72',0,NULL,0,0),(7985,'C1','72',0,NULL,0,0),(7986,'C2','72',0,NULL,0,0),(7987,'C3','72',0,NULL,0,0),(7988,'C4','72',0,NULL,0,0),(7989,'C5','72',0,NULL,0,0),(7990,'C6','72',0,NULL,0,0),(7991,'C7','72',0,NULL,0,0),(7992,'C8','72',0,NULL,0,0),(7993,'C9','72',0,NULL,0,0),(7994,'C10','72',0,NULL,0,0),(7995,'C11','72',0,NULL,0,0),(7996,'C12','72',0,NULL,0,0),(7997,'D1','72',0,NULL,0,0),(7998,'D2','72',0,NULL,0,0),(7999,'D3','72',0,NULL,0,0),(8000,'D4','72',0,NULL,0,0),(8001,'D5','72',0,NULL,0,0),(8002,'D6','72',0,NULL,0,0),(8003,'D7','72',0,NULL,0,0),(8004,'D8','72',0,NULL,0,0),(8005,'D9','72',0,NULL,0,0),(8006,'D10','72',0,NULL,0,0),(8007,'D11','72',0,NULL,0,0),(8008,'D12','72',0,NULL,0,0),(8009,'E1','72',0,NULL,0,0),(8010,'E2','72',0,NULL,0,0),(8011,'E3','72',0,NULL,0,0),(8012,'E4','72',0,NULL,0,0),(8013,'E5','72',0,NULL,0,0),(8014,'E6','72',0,NULL,0,0),(8015,'E7','72',0,NULL,0,0),(8016,'E8','72',0,NULL,0,0),(8017,'E9','72',0,NULL,0,0),(8018,'E10','72',0,NULL,0,0),(8019,'E11','72',0,NULL,0,0),(8020,'E12','72',0,NULL,0,0),(8021,'F1','72',0,NULL,0,0),(8022,'F2','72',0,NULL,0,0),(8023,'F3','72',0,NULL,0,0),(8024,'F4','72',0,NULL,0,0),(8025,'F5','72',0,NULL,0,0),(8026,'F6','72',0,NULL,0,0),(8027,'F7','72',0,NULL,0,0),(8028,'F8','72',0,NULL,0,0),(8029,'F9','72',0,NULL,0,0),(8030,'F10','72',0,NULL,0,0),(8031,'F11','72',0,NULL,0,0),(8032,'F12','72',0,NULL,0,0),(8033,'A1','73',0,NULL,0,0),(8034,'A2','73',0,NULL,0,0),(8035,'A3','73',0,NULL,0,0),(8036,'A4','73',0,NULL,0,0),(8037,'A5','73',0,NULL,0,0),(8038,'A6','73',0,NULL,0,0),(8039,'A7','73',0,NULL,0,0),(8040,'A8','73',0,NULL,0,0),(8041,'A9','73',0,NULL,0,0),(8042,'A10','73',0,NULL,0,0),(8043,'A11','73',0,NULL,0,0),(8044,'A12','73',0,NULL,0,0),(8045,'B1','73',0,NULL,0,0),(8046,'B2','73',0,NULL,0,0),(8047,'B3','73',0,NULL,0,0),(8048,'B4','73',0,NULL,0,0),(8049,'B5','73',0,NULL,0,0),(8050,'B6','73',0,NULL,0,0),(8051,'B7','73',0,NULL,0,0),(8052,'B8','73',0,NULL,0,0),(8053,'B9','73',0,NULL,0,0),(8054,'B10','73',0,NULL,0,0),(8055,'B11','73',0,NULL,0,0),(8056,'B12','73',0,NULL,0,0),(8057,'C1','73',0,NULL,0,0),(8058,'C2','73',0,NULL,0,0),(8059,'C3','73',0,NULL,0,0),(8060,'C4','73',0,NULL,0,0),(8061,'C5','73',0,NULL,0,0),(8062,'C6','73',0,NULL,0,0),(8063,'C7','73',0,NULL,0,0),(8064,'C8','73',0,NULL,0,0),(8065,'C9','73',0,NULL,0,0),(8066,'C10','73',0,NULL,0,0),(8067,'C11','73',0,NULL,0,0),(8068,'C12','73',0,NULL,0,0),(8069,'D1','73',0,NULL,0,0),(8070,'D2','73',0,NULL,0,0),(8071,'D3','73',0,NULL,0,0),(8072,'D4','73',0,NULL,0,0),(8073,'D5','73',0,NULL,0,0),(8074,'D6','73',0,NULL,0,0),(8075,'D7','73',0,NULL,0,0),(8076,'D8','73',0,NULL,0,0),(8077,'D9','73',0,NULL,0,0),(8078,'D10','73',0,NULL,0,0),(8079,'D11','73',0,NULL,0,0),(8080,'D12','73',0,NULL,0,0),(8081,'E1','73',0,NULL,0,0),(8082,'E2','73',0,NULL,0,0),(8083,'E3','73',0,NULL,0,0),(8084,'E4','73',0,NULL,0,0),(8085,'E5','73',0,NULL,0,0),(8086,'E6','73',0,NULL,0,0),(8087,'E7','73',0,NULL,0,0),(8088,'E8','73',0,NULL,0,0),(8089,'E9','73',0,NULL,0,0),(8090,'E10','73',0,NULL,0,0),(8091,'E11','73',0,NULL,0,0),(8092,'E12','73',0,NULL,0,0),(8093,'F1','73',0,NULL,0,0),(8094,'F2','73',0,NULL,0,0),(8095,'F3','73',0,NULL,0,0),(8096,'F4','73',0,NULL,0,0),(8097,'F5','73',0,NULL,0,0),(8098,'F6','73',0,NULL,0,0),(8099,'F7','73',0,NULL,0,0),(8100,'F8','73',0,NULL,0,0),(8101,'F9','73',0,NULL,0,0),(8102,'F10','73',0,NULL,0,0),(8103,'F11','73',0,NULL,0,0),(8104,'F12','73',0,NULL,0,0),(8105,'A1','74',0,NULL,0,0),(8106,'A2','74',0,NULL,0,0),(8107,'A3','74',0,NULL,0,0),(8108,'A4','74',0,NULL,0,0),(8109,'A5','74',0,NULL,0,0),(8110,'A6','74',0,NULL,0,0),(8111,'A7','74',0,NULL,0,0),(8112,'A8','74',0,NULL,0,0),(8113,'A9','74',0,NULL,0,0),(8114,'A10','74',0,NULL,0,0),(8115,'A11','74',0,NULL,0,0),(8116,'A12','74',0,NULL,0,0),(8117,'B1','74',0,NULL,0,0),(8118,'B2','74',0,NULL,0,0),(8119,'B3','74',0,NULL,0,0),(8120,'B4','74',0,NULL,0,0),(8121,'B5','74',0,NULL,0,0),(8122,'B6','74',0,NULL,0,0),(8123,'B7','74',0,NULL,0,0),(8124,'B8','74',0,NULL,0,0),(8125,'B9','74',0,NULL,0,0),(8126,'B10','74',0,NULL,0,0),(8127,'B11','74',0,NULL,0,0),(8128,'B12','74',0,NULL,0,0),(8129,'C1','74',0,NULL,0,0),(8130,'C2','74',0,NULL,0,0),(8131,'C3','74',0,NULL,0,0),(8132,'C4','74',0,NULL,0,0),(8133,'C5','74',0,NULL,0,0),(8134,'C6','74',0,NULL,0,0),(8135,'C7','74',0,NULL,0,0),(8136,'C8','74',0,NULL,0,0),(8137,'C9','74',0,NULL,0,0),(8138,'C10','74',0,NULL,0,0),(8139,'C11','74',0,NULL,0,0),(8140,'C12','74',0,NULL,0,0),(8141,'D1','74',0,NULL,0,0),(8142,'D2','74',0,NULL,0,0),(8143,'D3','74',1,342,0,0),(8144,'D4','74',0,NULL,0,0),(8145,'D5','74',0,NULL,0,0),(8146,'D6','74',0,NULL,0,0),(8147,'D7','74',1,1474,0,0),(8148,'D8','74',0,NULL,0,0),(8149,'D9','74',0,NULL,0,0),(8150,'D10','74',0,NULL,0,0),(8151,'D11','74',0,NULL,0,0),(8152,'D12','74',0,NULL,0,0),(8153,'E1','74',0,NULL,0,0),(8154,'E2','74',1,1256,0,0),(8155,'E3','74',1,1350,0,0),(8156,'E4','74',0,NULL,0,0),(8157,'E5','74',0,NULL,0,0),(8158,'E6','74',0,NULL,0,0),(8159,'E7','74',0,NULL,0,0),(8160,'E8','74',0,NULL,0,0),(8161,'E9','74',0,NULL,0,0),(8162,'E10','74',0,NULL,0,0),(8163,'E11','74',0,NULL,0,0),(8164,'E12','74',0,NULL,0,0),(8165,'F1','74',0,NULL,0,0),(8166,'F2','74',0,NULL,0,0),(8167,'F3','74',0,NULL,0,0),(8168,'F4','74',0,NULL,0,0),(8169,'F5','74',0,NULL,0,0),(8170,'F6','74',0,NULL,0,0),(8171,'F7','74',0,NULL,0,0),(8172,'F8','74',0,NULL,0,0),(8173,'F9','74',0,NULL,0,0),(8174,'F10','74',0,NULL,0,0),(8175,'F11','74',0,NULL,0,0),(8176,'F12','74',0,NULL,0,0),(8177,'A1','75',0,NULL,0,0),(8178,'A2','75',0,NULL,0,0),(8179,'A3','75',0,NULL,0,0),(8180,'A4','75',0,NULL,0,0),(8181,'A5','75',0,NULL,0,0),(8182,'A6','75',0,NULL,0,0),(8183,'A7','75',0,NULL,0,0),(8184,'A8','75',0,NULL,0,0),(8185,'A9','75',0,NULL,0,0),(8186,'A10','75',0,NULL,0,0),(8187,'A11','75',0,NULL,0,0),(8188,'A12','75',0,NULL,0,0),(8189,'B1','75',0,NULL,0,0),(8190,'B2','75',0,NULL,0,0),(8191,'B3','75',0,NULL,0,0),(8192,'B4','75',0,NULL,0,0),(8193,'B5','75',0,NULL,0,0),(8194,'B6','75',0,NULL,0,0),(8195,'B7','75',0,NULL,0,0),(8196,'B8','75',0,NULL,0,0),(8197,'B9','75',0,NULL,0,0),(8198,'B10','75',0,NULL,0,0),(8199,'B11','75',0,NULL,0,0),(8200,'B12','75',0,NULL,0,0),(8201,'C1','75',0,NULL,0,0),(8202,'C2','75',0,NULL,0,0),(8203,'C3','75',0,NULL,0,0),(8204,'C4','75',0,NULL,0,0),(8205,'C5','75',0,NULL,0,0),(8206,'C6','75',0,NULL,0,0),(8207,'C7','75',0,NULL,0,0),(8208,'C8','75',0,NULL,0,0),(8209,'C9','75',0,NULL,0,0),(8210,'C10','75',0,NULL,0,0),(8211,'C11','75',0,NULL,0,0),(8212,'C12','75',0,NULL,0,0),(8213,'D1','75',0,NULL,0,0),(8214,'D2','75',0,NULL,0,0),(8215,'D3','75',0,NULL,0,0),(8216,'D4','75',0,NULL,0,0),(8217,'D5','75',0,NULL,0,0),(8218,'D6','75',0,NULL,0,0),(8219,'D7','75',0,NULL,0,0),(8220,'D8','75',0,NULL,0,0),(8221,'D9','75',0,NULL,0,0),(8222,'D10','75',0,NULL,0,0),(8223,'D11','75',0,NULL,0,0),(8224,'D12','75',0,NULL,0,0),(8225,'E1','75',0,NULL,0,0),(8226,'E2','75',0,NULL,0,0),(8227,'E3','75',0,NULL,0,0),(8228,'E4','75',0,NULL,0,0),(8229,'E5','75',0,NULL,0,0),(8230,'E6','75',0,NULL,0,0),(8231,'E7','75',0,NULL,0,0),(8232,'E8','75',0,NULL,0,0),(8233,'E9','75',1,1335,0,0),(8234,'E10','75',0,NULL,0,0),(8235,'E11','75',1,412,0,0),(8236,'E12','75',0,NULL,0,0),(8237,'F1','75',0,NULL,0,0),(8238,'F2','75',0,NULL,0,0),(8239,'F3','75',0,NULL,0,0),(8240,'F4','75',0,NULL,0,0),(8241,'F5','75',0,NULL,0,0),(8242,'F6','75',0,NULL,0,0),(8243,'F7','75',0,NULL,0,0),(8244,'F8','75',0,NULL,0,0),(8245,'F9','75',0,NULL,0,0),(8246,'F10','75',0,NULL,0,0),(8247,'F11','75',1,1444,0,0),(8248,'F12','75',0,NULL,0,0),(8249,'A1','76',0,NULL,0,0),(8250,'A2','76',0,NULL,0,0),(8251,'A3','76',0,NULL,0,0),(8252,'A4','76',0,NULL,0,0),(8253,'A5','76',0,NULL,0,0),(8254,'A6','76',0,NULL,0,0),(8255,'A7','76',0,NULL,0,0),(8256,'A8','76',0,NULL,0,0),(8257,'A9','76',0,NULL,0,0),(8258,'A10','76',0,NULL,0,0),(8259,'A11','76',0,NULL,0,0),(8260,'A12','76',0,NULL,0,0),(8261,'B1','76',0,NULL,0,0),(8262,'B2','76',0,NULL,0,0),(8263,'B3','76',0,NULL,0,0),(8264,'B4','76',0,NULL,0,0),(8265,'B5','76',0,NULL,0,0),(8266,'B6','76',0,NULL,0,0),(8267,'B7','76',1,1036,0,0),(8268,'B8','76',0,NULL,0,0),(8269,'B9','76',0,NULL,0,0),(8270,'B10','76',0,NULL,0,0),(8271,'B11','76',0,NULL,0,0),(8272,'B12','76',0,NULL,0,0),(8273,'C1','76',0,NULL,0,0),(8274,'C2','76',0,NULL,0,0),(8275,'C3','76',0,NULL,0,0),(8276,'C4','76',0,NULL,0,0),(8277,'C5','76',0,NULL,0,0),(8278,'C6','76',0,NULL,0,0),(8279,'C7','76',0,NULL,0,0),(8280,'C8','76',0,NULL,0,0),(8281,'C9','76',0,NULL,0,0),(8282,'C10','76',0,NULL,0,0),(8283,'C11','76',0,NULL,0,0),(8284,'C12','76',0,NULL,0,0),(8285,'D1','76',0,NULL,0,0),(8286,'D2','76',0,NULL,0,0),(8287,'D3','76',0,NULL,0,0),(8288,'D4','76',0,NULL,0,0),(8289,'D5','76',0,NULL,0,0),(8290,'D6','76',0,NULL,0,0),(8291,'D7','76',0,NULL,0,0),(8292,'D8','76',0,NULL,0,0),(8293,'D9','76',0,NULL,0,0),(8294,'D10','76',0,NULL,0,0),(8295,'D11','76',0,NULL,0,0),(8296,'D12','76',0,NULL,0,0),(8297,'E1','76',0,NULL,0,0),(8298,'E2','76',0,NULL,0,0),(8299,'E3','76',0,NULL,0,0),(8300,'E4','76',0,NULL,0,0),(8301,'E5','76',0,NULL,0,0),(8302,'E6','76',0,NULL,0,0),(8303,'E7','76',0,NULL,0,0),(8304,'E8','76',0,NULL,0,0),(8305,'E9','76',0,NULL,0,0),(8306,'E10','76',0,NULL,0,0),(8307,'E11','76',0,NULL,0,0),(8308,'E12','76',0,NULL,0,0),(8309,'F1','76',0,NULL,0,0),(8310,'F2','76',0,NULL,0,0),(8311,'F3','76',0,NULL,0,0),(8312,'F4','76',0,NULL,0,0),(8313,'F5','76',1,1038,0,0),(8314,'F6','76',1,1039,0,0),(8315,'F7','76',0,NULL,0,0),(8316,'F8','76',0,NULL,0,0),(8317,'F9','76',0,NULL,0,0),(8318,'F10','76',0,NULL,0,0),(8319,'F11','76',0,NULL,0,0),(8320,'F12','76',0,NULL,0,0),(8321,'A1','77',0,NULL,0,0),(8322,'A2','77',0,NULL,0,0),(8323,'A3','77',0,NULL,0,0),(8324,'A4','77',0,NULL,0,0),(8325,'A5','77',0,NULL,0,0),(8326,'A6','77',0,NULL,0,0),(8327,'A7','77',0,NULL,0,0),(8328,'A8','77',0,NULL,0,0),(8329,'A9','77',0,NULL,0,0),(8330,'A10','77',0,NULL,0,0),(8331,'A11','77',0,NULL,0,0),(8332,'A12','77',0,NULL,0,0),(8333,'B1','77',0,NULL,0,0),(8334,'B2','77',0,NULL,0,0),(8335,'B3','77',0,NULL,0,0),(8336,'B4','77',0,NULL,0,0),(8337,'B5','77',0,NULL,0,0),(8338,'B6','77',0,NULL,0,0),(8339,'B7','77',0,NULL,0,0),(8340,'B8','77',0,NULL,0,0),(8341,'B9','77',0,NULL,0,0),(8342,'B10','77',0,NULL,0,0),(8343,'B11','77',0,NULL,0,0),(8344,'B12','77',0,NULL,0,0),(8345,'C1','77',0,NULL,0,0),(8346,'C2','77',0,NULL,0,0),(8347,'C3','77',0,NULL,0,0),(8348,'C4','77',0,NULL,0,0),(8349,'C5','77',0,NULL,0,0),(8350,'C6','77',0,NULL,0,0),(8351,'C7','77',0,NULL,0,0),(8352,'C8','77',0,NULL,0,0),(8353,'C9','77',0,NULL,0,0),(8354,'C10','77',0,NULL,0,0),(8355,'C11','77',0,NULL,0,0),(8356,'C12','77',0,NULL,0,0),(8357,'D1','77',0,NULL,0,0),(8358,'D2','77',0,NULL,0,0),(8359,'D3','77',0,NULL,0,0),(8360,'D4','77',0,NULL,0,0),(8361,'D5','77',0,NULL,0,0),(8362,'D6','77',0,NULL,0,0),(8363,'D7','77',0,NULL,0,0),(8364,'D8','77',0,NULL,0,0),(8365,'D9','77',0,NULL,0,0),(8366,'D10','77',0,NULL,0,0),(8367,'D11','77',0,NULL,0,0),(8368,'D12','77',0,NULL,0,0),(8369,'E1','77',0,NULL,0,0),(8370,'E2','77',0,NULL,0,0),(8371,'E3','77',0,NULL,0,0),(8372,'E4','77',0,NULL,0,0),(8373,'E5','77',0,NULL,0,0),(8374,'E6','77',0,NULL,0,0),(8375,'E7','77',0,NULL,0,0),(8376,'E8','77',0,NULL,0,0),(8377,'E9','77',0,NULL,0,0),(8378,'E10','77',0,NULL,0,0),(8379,'E11','77',0,NULL,0,0),(8380,'E12','77',0,NULL,0,0),(8381,'F1','77',0,NULL,0,0),(8382,'F2','77',0,NULL,0,0),(8383,'F3','77',0,NULL,0,0),(8384,'F4','77',0,NULL,0,0),(8385,'F5','77',0,NULL,0,0),(8386,'F6','77',0,NULL,0,0),(8387,'F7','77',0,NULL,0,0),(8388,'F8','77',0,NULL,0,0),(8389,'F9','77',0,NULL,0,0),(8390,'F10','77',0,NULL,0,0),(8391,'F11','77',0,NULL,0,0),(8392,'F12','77',0,NULL,0,0),(8393,'A1','78',0,NULL,0,0),(8394,'A2','78',0,NULL,0,0),(8395,'A3','78',0,NULL,0,0),(8396,'A4','78',0,NULL,0,0),(8397,'A5','78',0,NULL,0,0),(8398,'A6','78',0,NULL,0,0),(8399,'A7','78',0,NULL,0,0),(8400,'A8','78',0,NULL,0,0),(8401,'A9','78',0,NULL,0,0),(8402,'A10','78',0,NULL,0,0),(8403,'A11','78',0,NULL,0,0),(8404,'A12','78',0,NULL,0,0),(8405,'B1','78',0,NULL,0,0),(8406,'B2','78',0,NULL,0,0),(8407,'B3','78',0,NULL,0,0),(8408,'B4','78',0,NULL,0,0),(8409,'B5','78',0,NULL,0,0),(8410,'B6','78',0,NULL,0,0),(8411,'B7','78',0,NULL,0,0),(8412,'B8','78',0,NULL,0,0),(8413,'B9','78',0,NULL,0,0),(8414,'B10','78',0,NULL,0,0),(8415,'B11','78',0,NULL,0,0),(8416,'B12','78',0,NULL,0,0),(8417,'C1','78',0,NULL,0,0),(8418,'C2','78',0,NULL,0,0),(8419,'C3','78',0,NULL,0,0),(8420,'C4','78',0,NULL,0,0),(8421,'C5','78',0,NULL,0,0),(8422,'C6','78',0,NULL,0,0),(8423,'C7','78',0,NULL,0,0),(8424,'C8','78',0,NULL,0,0),(8425,'C9','78',0,NULL,0,0),(8426,'C10','78',0,NULL,0,0),(8427,'C11','78',0,NULL,0,0),(8428,'C12','78',0,NULL,0,0),(8429,'D1','78',0,NULL,0,0),(8430,'D2','78',0,NULL,0,0),(8431,'D3','78',0,NULL,0,0),(8432,'D4','78',0,NULL,0,0),(8433,'D5','78',0,NULL,0,0),(8434,'D6','78',0,NULL,0,0),(8435,'D7','78',0,NULL,0,0),(8436,'D8','78',0,NULL,0,0),(8437,'D9','78',0,NULL,0,0),(8438,'D10','78',0,NULL,0,0),(8439,'D11','78',0,NULL,0,0),(8440,'D12','78',0,NULL,0,0),(8441,'E1','78',0,NULL,0,0),(8442,'E2','78',0,NULL,0,0),(8443,'E3','78',0,NULL,0,0),(8444,'E4','78',0,NULL,0,0),(8445,'E5','78',0,NULL,0,0),(8446,'E6','78',0,NULL,0,0),(8447,'E7','78',0,NULL,0,0),(8448,'E8','78',0,NULL,0,0),(8449,'E9','78',0,NULL,0,0),(8450,'E10','78',0,NULL,0,0),(8451,'E11','78',0,NULL,0,0),(8452,'E12','78',0,NULL,0,0),(8453,'F1','78',0,NULL,0,0),(8454,'F2','78',0,NULL,0,0),(8455,'F3','78',0,NULL,0,0),(8456,'F4','78',0,NULL,0,0),(8457,'F5','78',0,NULL,0,0),(8458,'F6','78',0,NULL,0,0),(8459,'F7','78',0,NULL,0,0),(8460,'F8','78',0,NULL,0,0),(8461,'F9','78',0,NULL,0,0),(8462,'F10','78',0,NULL,0,0),(8463,'F11','78',0,NULL,0,0),(8464,'F12','78',0,NULL,0,0),(8465,'A1','79',0,NULL,0,0),(8466,'A2','79',0,NULL,0,0),(8467,'A3','79',0,NULL,0,0),(8468,'A4','79',0,NULL,0,0),(8469,'A5','79',0,NULL,0,0),(8470,'A6','79',0,NULL,0,0),(8471,'A7','79',0,NULL,0,0),(8472,'A8','79',0,NULL,0,0),(8473,'A9','79',0,NULL,0,0),(8474,'A10','79',0,NULL,0,0),(8475,'A11','79',0,NULL,0,0),(8476,'A12','79',0,NULL,0,0),(8477,'B1','79',0,NULL,0,0),(8478,'B2','79',0,NULL,0,0),(8479,'B3','79',0,NULL,0,0),(8480,'B4','79',0,NULL,0,0),(8481,'B5','79',0,NULL,0,0),(8482,'B6','79',0,NULL,0,0),(8483,'B7','79',0,NULL,0,0),(8484,'B8','79',0,NULL,0,0),(8485,'B9','79',0,NULL,0,0),(8486,'B10','79',0,NULL,0,0),(8487,'B11','79',0,NULL,0,0),(8488,'B12','79',0,NULL,0,0),(8489,'C1','79',0,NULL,0,0),(8490,'C2','79',0,NULL,0,0),(8491,'C3','79',0,NULL,0,0),(8492,'C4','79',0,NULL,0,0),(8493,'C5','79',0,NULL,0,0),(8494,'C6','79',0,NULL,0,0),(8495,'C7','79',0,NULL,0,0),(8496,'C8','79',0,NULL,0,0),(8497,'C9','79',0,NULL,0,0),(8498,'C10','79',0,NULL,0,0),(8499,'C11','79',0,NULL,0,0),(8500,'C12','79',0,NULL,0,0),(8501,'D1','79',0,NULL,0,0),(8502,'D2','79',0,NULL,0,0),(8503,'D3','79',0,NULL,0,0),(8504,'D4','79',0,NULL,0,0),(8505,'D5','79',0,NULL,0,0),(8506,'D6','79',0,NULL,0,0),(8507,'D7','79',0,NULL,0,0),(8508,'D8','79',0,NULL,0,0),(8509,'D9','79',0,NULL,0,0),(8510,'D10','79',0,NULL,0,0),(8511,'D11','79',0,NULL,0,0),(8512,'D12','79',0,NULL,0,0),(8513,'E1','79',0,NULL,0,0),(8514,'E2','79',0,NULL,0,0),(8515,'E3','79',0,NULL,0,0),(8516,'E4','79',0,NULL,0,0),(8517,'E5','79',0,NULL,0,0),(8518,'E6','79',0,NULL,0,0),(8519,'E7','79',0,NULL,0,0),(8520,'E8','79',0,NULL,0,0),(8521,'E9','79',0,NULL,0,0),(8522,'E10','79',0,NULL,0,0),(8523,'E11','79',0,NULL,0,0),(8524,'E12','79',0,NULL,0,0),(8525,'F1','79',0,NULL,0,0),(8526,'F2','79',0,NULL,0,0),(8527,'F3','79',0,NULL,0,0),(8528,'F4','79',0,NULL,0,0),(8529,'F5','79',0,NULL,0,0),(8530,'F6','79',0,NULL,0,0),(8531,'F7','79',0,NULL,0,0),(8532,'F8','79',0,NULL,0,0),(8533,'F9','79',0,NULL,0,0),(8534,'F10','79',0,NULL,0,0),(8535,'F11','79',0,NULL,0,0),(8536,'F12','79',0,NULL,0,0),(8537,'A1','80',0,NULL,0,0),(8538,'A2','80',0,NULL,0,0),(8539,'A3','80',0,NULL,0,0),(8540,'A4','80',0,NULL,0,0),(8541,'A5','80',0,NULL,0,0),(8542,'A6','80',0,NULL,0,0),(8543,'A7','80',0,NULL,0,0),(8544,'A8','80',0,NULL,0,0),(8545,'A9','80',0,NULL,0,0),(8546,'A10','80',0,NULL,0,0),(8547,'A11','80',0,NULL,0,0),(8548,'A12','80',0,NULL,0,0),(8549,'B1','80',0,NULL,0,0),(8550,'B2','80',0,NULL,0,0),(8551,'B3','80',0,NULL,0,0),(8552,'B4','80',0,NULL,0,0),(8553,'B5','80',0,NULL,0,0),(8554,'B6','80',0,NULL,0,0),(8555,'B7','80',0,NULL,0,0),(8556,'B8','80',0,NULL,0,0),(8557,'B9','80',0,NULL,0,0),(8558,'B10','80',0,NULL,0,0),(8559,'B11','80',0,NULL,0,0),(8560,'B12','80',0,NULL,0,0),(8561,'C1','80',0,NULL,0,0),(8562,'C2','80',0,NULL,0,0),(8563,'C3','80',0,NULL,0,0),(8564,'C4','80',0,NULL,0,0),(8565,'C5','80',0,NULL,0,0),(8566,'C6','80',0,NULL,0,0),(8567,'C7','80',0,NULL,0,0),(8568,'C8','80',0,NULL,0,0),(8569,'C9','80',0,NULL,0,0),(8570,'C10','80',0,NULL,0,0),(8571,'C11','80',0,NULL,0,0),(8572,'C12','80',0,NULL,0,0),(8573,'D1','80',0,NULL,0,0),(8574,'D2','80',0,NULL,0,0),(8575,'D3','80',0,NULL,0,0),(8576,'D4','80',0,NULL,0,0),(8577,'D5','80',0,NULL,0,0),(8578,'D6','80',0,NULL,0,0),(8579,'D7','80',0,NULL,0,0),(8580,'D8','80',0,NULL,0,0),(8581,'D9','80',0,NULL,0,0),(8582,'D10','80',0,NULL,0,0),(8583,'D11','80',0,NULL,0,0),(8584,'D12','80',0,NULL,0,0),(8585,'E1','80',0,NULL,0,0),(8586,'E2','80',0,NULL,0,0),(8587,'E3','80',0,NULL,0,0),(8588,'E4','80',0,NULL,0,0),(8589,'E5','80',0,NULL,0,0),(8590,'E6','80',0,NULL,0,0),(8591,'E7','80',0,NULL,0,0),(8592,'E8','80',0,NULL,0,0),(8593,'E9','80',0,NULL,0,0),(8594,'E10','80',0,NULL,0,0),(8595,'E11','80',0,NULL,0,0),(8596,'E12','80',0,NULL,0,0),(8597,'F1','80',0,NULL,0,0),(8598,'F2','80',0,NULL,0,0),(8599,'F3','80',0,NULL,0,0),(8600,'F4','80',0,NULL,0,0),(8601,'F5','80',0,NULL,0,0),(8602,'F6','80',0,NULL,0,0),(8603,'F7','80',0,NULL,0,0),(8604,'F8','80',0,NULL,0,0),(8605,'F9','80',0,NULL,0,0),(8606,'F10','80',0,NULL,0,0),(8607,'F11','80',0,NULL,0,0),(8608,'F12','80',0,NULL,0,0),(8609,'C9','48',1,598,0,0),(8610,'A1','81',0,NULL,0,0),(8611,'A2','81',0,NULL,0,0),(8612,'A3','81',0,NULL,0,0),(8613,'A4','81',0,NULL,0,0),(8614,'A5','81',0,NULL,0,0),(8615,'A6','81',0,NULL,0,0),(8616,'A7','81',0,NULL,0,0),(8617,'A8','81',0,NULL,0,0),(8618,'A9','81',0,NULL,0,0),(8619,'A10','81',0,NULL,0,0),(8620,'B1','81',0,NULL,0,0),(8621,'B2','81',0,NULL,0,0),(8622,'B3','81',0,NULL,0,0),(8623,'B4','81',0,NULL,0,0),(8624,'B5','81',0,NULL,0,0),(8625,'B6','81',0,NULL,0,0),(8626,'B7','81',0,NULL,0,0),(8627,'B8','81',0,NULL,0,0),(8628,'B9','81',0,NULL,0,0),(8629,'B10','81',0,NULL,0,0),(8630,'C1','81',0,NULL,0,0),(8631,'C2','81',0,NULL,0,0),(8632,'C3','81',0,NULL,0,0),(8633,'C4','81',0,NULL,0,0),(8634,'C5','81',0,NULL,0,0),(8635,'C6','81',0,NULL,0,0),(8636,'C7','81',0,NULL,0,0),(8637,'C8','81',0,NULL,0,0),(8638,'C9','81',0,NULL,0,0),(8639,'C10','81',0,NULL,0,0),(8640,'D1','81',0,NULL,0,0),(8641,'D2','81',0,NULL,0,0),(8642,'D3','81',0,NULL,0,0),(8643,'D4','81',0,NULL,0,0),(8644,'D5','81',0,NULL,0,0),(8645,'D6','81',0,NULL,0,0),(8646,'D7','81',0,NULL,0,0),(8647,'D8','81',0,NULL,0,0),(8648,'D9','81',0,NULL,0,0),(8649,'D10','81',0,NULL,0,0),(8650,'E1','81',0,NULL,0,0),(8651,'E2','81',0,NULL,0,0),(8652,'E3','81',0,NULL,0,0),(8653,'E4','81',0,NULL,0,0),(8654,'E5','81',0,NULL,0,0),(8655,'E6','81',0,NULL,0,0),(8656,'E7','81',0,NULL,0,0),(8657,'E8','81',0,NULL,0,0),(8658,'E9','81',0,NULL,0,0),(8659,'E10','81',0,NULL,0,0),(8660,'F1','81',0,NULL,0,0),(8661,'F2','81',0,NULL,0,0),(8662,'F3','81',0,NULL,0,0),(8663,'F4','81',0,NULL,0,0),(8664,'F5','81',0,NULL,0,0),(8665,'F6','81',0,NULL,0,0),(8666,'F7','81',0,NULL,0,0),(8667,'F8','81',0,NULL,0,0),(8668,'F9','81',0,NULL,0,0),(8669,'F10','81',0,NULL,0,0),(8670,'G1','81',0,NULL,0,0),(8671,'G2','81',0,NULL,0,0),(8672,'G3','81',0,NULL,0,0),(8673,'G4','81',0,NULL,0,0),(8674,'G5','81',0,NULL,0,0),(8675,'G6','81',0,NULL,0,0),(8676,'G7','81',0,NULL,0,0),(8677,'G8','81',0,NULL,0,0),(8678,'G9','81',0,NULL,0,0),(8679,'G10','81',0,NULL,0,0),(8680,'H1','81',0,NULL,0,0),(8681,'H2','81',0,NULL,0,0),(8682,'H3','81',0,NULL,0,0),(8683,'H4','81',0,NULL,0,0),(8684,'H5','81',0,NULL,0,0),(8685,'H6','81',0,NULL,0,0),(8686,'H7','81',0,NULL,0,0),(8687,'H8','81',0,NULL,0,0),(8688,'H9','81',0,NULL,0,0),(8689,'H10','81',0,NULL,0,0),(8690,'I1','81',0,NULL,0,0),(8691,'I2','81',0,NULL,0,0),(8692,'I3','81',0,NULL,0,0),(8693,'I4','81',0,NULL,0,0),(8694,'I5','81',0,NULL,0,0),(8695,'I6','81',0,NULL,0,0),(8696,'I7','81',0,NULL,0,0),(8697,'I8','81',0,NULL,0,0),(8698,'I9','81',0,NULL,0,0),(8699,'I10','81',0,NULL,0,0),(8700,'J1','81',0,NULL,0,0),(8701,'J2','81',0,NULL,0,0),(8702,'J3','81',0,NULL,0,0),(8703,'J4','81',0,NULL,0,0),(8704,'J5','81',0,NULL,0,0),(8705,'J6','81',0,NULL,0,0),(8706,'J7','81',0,NULL,0,0),(8707,'J8','81',0,NULL,0,0),(8708,'J9','81',0,NULL,0,0),(8709,'J10','81',0,NULL,0,0),(8710,'K1','81',0,NULL,0,0),(8711,'K2','81',0,NULL,0,0),(8712,'K3','81',0,NULL,0,0),(8713,'K4','81',0,NULL,0,0),(8714,'K5','81',0,NULL,0,0),(8715,'K6','81',0,NULL,0,0),(8716,'K7','81',0,NULL,0,0),(8717,'K8','81',0,NULL,0,0),(8718,'K9','81',0,NULL,0,0),(8719,'K10','81',0,NULL,0,0),(8720,'A1','82',0,NULL,0,0),(8721,'A2','82',0,NULL,0,0),(8722,'A3','82',0,NULL,0,0),(8723,'A4','82',0,NULL,0,0),(8724,'A5','82',0,NULL,0,0),(8725,'A6','82',0,NULL,0,0),(8726,'A7','82',0,NULL,0,0),(8727,'A8','82',0,NULL,0,0),(8728,'A9','82',0,NULL,0,0),(8729,'A10','82',0,NULL,0,0),(8730,'A11','82',0,NULL,0,0),(8731,'B1','82',0,NULL,0,0),(8732,'B2','82',0,NULL,0,0),(8733,'B3','82',0,NULL,0,0),(8734,'B4','82',0,NULL,0,0),(8735,'B5','82',0,NULL,0,0),(8736,'B6','82',0,NULL,0,0),(8737,'B7','82',0,NULL,0,0),(8738,'B8','82',0,NULL,0,0),(8739,'B9','82',0,NULL,0,0),(8740,'B10','82',0,NULL,0,0),(8741,'B11','82',0,NULL,0,0),(8742,'C1','82',0,NULL,0,0),(8743,'C2','82',0,NULL,0,0),(8744,'C3','82',0,NULL,0,0),(8745,'C4','82',0,NULL,0,0),(8746,'C5','82',0,NULL,0,0),(8747,'C6','82',0,NULL,0,0),(8748,'C7','82',0,NULL,0,0),(8749,'C8','82',0,NULL,0,0),(8750,'C9','82',0,NULL,0,0),(8751,'C10','82',0,NULL,0,0),(8752,'C11','82',0,NULL,0,0),(8753,'D1','82',0,NULL,0,0),(8754,'D2','82',0,NULL,0,0),(8755,'D3','82',0,NULL,0,0),(8756,'D4','82',0,NULL,0,0),(8757,'D5','82',0,NULL,0,0),(8758,'D6','82',0,NULL,0,0),(8759,'D7','82',0,NULL,0,0),(8760,'D8','82',0,NULL,0,0),(8761,'D9','82',0,NULL,0,0),(8762,'D10','82',0,NULL,0,0),(8763,'D11','82',0,NULL,0,0),(8764,'E1','82',0,NULL,0,0),(8765,'E2','82',0,NULL,0,0),(8766,'E3','82',0,NULL,0,0),(8767,'E4','82',0,NULL,0,0),(8768,'E5','82',0,NULL,0,0),(8769,'E6','82',0,NULL,0,0),(8770,'E7','82',0,NULL,0,0),(8771,'E8','82',0,NULL,0,0),(8772,'E9','82',0,NULL,0,0),(8773,'E10','82',0,NULL,0,0),(8774,'E11','82',0,NULL,0,0),(8775,'F1','82',0,NULL,0,0),(8776,'F2','82',0,NULL,0,0),(8777,'F3','82',0,NULL,0,0),(8778,'F4','82',0,NULL,0,0),(8779,'F5','82',0,NULL,0,0),(8780,'F6','82',0,NULL,0,0),(8781,'F7','82',0,NULL,0,0),(8782,'F8','82',0,NULL,0,0),(8783,'F9','82',0,NULL,0,0),(8784,'F10','82',0,NULL,0,0),(8785,'F11','82',0,NULL,0,0),(8786,'G1','82',0,NULL,0,0),(8787,'G2','82',0,NULL,0,0),(8788,'G3','82',0,NULL,0,0),(8789,'G4','82',0,NULL,0,0),(8790,'G5','82',0,NULL,0,0),(8791,'G6','82',0,NULL,0,0),(8792,'G7','82',0,NULL,0,0),(8793,'G8','82',0,NULL,0,0),(8794,'G9','82',0,NULL,0,0),(8795,'G10','82',0,NULL,0,0),(8796,'G11','82',0,NULL,0,0),(8797,'H1','82',0,NULL,0,0),(8798,'H2','82',0,NULL,0,0),(8799,'H3','82',0,NULL,0,0),(8800,'H4','82',0,NULL,0,0),(8801,'H5','82',0,NULL,0,0),(8802,'H6','82',0,NULL,0,0),(8803,'H7','82',0,NULL,0,0),(8804,'H8','82',0,NULL,0,0),(8805,'H9','82',0,NULL,0,0),(8806,'H10','82',0,NULL,0,0),(8807,'H11','82',0,NULL,0,0),(8808,'I1','82',0,NULL,0,0),(8809,'I2','82',0,NULL,0,0),(8810,'I3','82',0,NULL,0,0),(8811,'I4','82',0,NULL,0,0),(8812,'I5','82',0,NULL,0,0),(8813,'I6','82',0,NULL,0,0),(8814,'I7','82',0,NULL,0,0),(8815,'I8','82',0,NULL,0,0),(8816,'I9','82',0,NULL,0,0),(8817,'I10','82',0,NULL,0,0),(8818,'I11','82',0,NULL,0,0),(8819,'J1','82',0,NULL,0,0),(8820,'J2','82',0,NULL,0,0),(8821,'J3','82',0,NULL,0,0),(8822,'J4','82',0,NULL,0,0),(8823,'J5','82',0,NULL,0,0),(8824,'J6','82',0,NULL,0,0),(8825,'J7','82',0,NULL,0,0),(8826,'J8','82',0,NULL,0,0),(8827,'J9','82',0,NULL,0,0),(8828,'J10','82',0,NULL,0,0),(8829,'J11','82',0,NULL,0,0),(8830,'K1','82',0,NULL,0,0),(8831,'K2','82',0,NULL,0,0),(8832,'K3','82',0,NULL,0,0),(8833,'K4','82',0,NULL,0,0),(8834,'K5','82',0,NULL,0,0),(8835,'K6','82',0,NULL,0,0),(8836,'K7','82',0,NULL,0,0),(8837,'K8','82',0,NULL,0,0),(8838,'K9','82',0,NULL,0,0),(8839,'K10','82',0,NULL,0,0),(8840,'K11','82',0,NULL,0,0),(8841,'A1','83',0,NULL,0,0),(8842,'A2','83',0,NULL,0,0),(8843,'A3','83',0,NULL,0,0),(8844,'A4','83',0,NULL,0,0),(8845,'A5','83',0,NULL,0,0),(8846,'A6','83',0,NULL,0,0),(8847,'A7','83',0,NULL,0,0),(8848,'A8','83',0,NULL,0,0),(8849,'A9','83',0,NULL,0,0),(8850,'A10','83',0,NULL,0,0),(8851,'A11','83',0,NULL,0,0),(8852,'B1','83',0,NULL,0,0),(8853,'B2','83',0,NULL,0,0),(8854,'B3','83',0,NULL,0,0),(8855,'B4','83',0,NULL,0,0),(8856,'B5','83',0,NULL,0,0),(8857,'B6','83',0,NULL,0,0),(8858,'B7','83',0,NULL,0,0),(8859,'B8','83',0,NULL,0,0),(8860,'B9','83',0,NULL,0,0),(8861,'B10','83',0,NULL,0,0),(8862,'B11','83',0,NULL,0,0),(8863,'C1','83',0,NULL,0,0),(8864,'C2','83',0,NULL,0,0),(8865,'C3','83',0,NULL,0,0),(8866,'C4','83',0,NULL,0,0),(8867,'C5','83',0,NULL,0,0),(8868,'C6','83',0,NULL,0,0),(8869,'C7','83',0,NULL,0,0),(8870,'C8','83',0,NULL,0,0),(8871,'C9','83',0,NULL,0,0),(8872,'C10','83',0,NULL,0,0),(8873,'C11','83',0,NULL,0,0),(8874,'D1','83',0,NULL,0,0),(8875,'D2','83',0,NULL,0,0),(8876,'D3','83',0,NULL,0,0),(8877,'D4','83',0,NULL,0,0),(8878,'D5','83',0,NULL,0,0),(8879,'D6','83',0,NULL,0,0),(8880,'D7','83',0,NULL,0,0),(8881,'D8','83',0,NULL,0,0),(8882,'D9','83',0,NULL,0,0),(8883,'D10','83',0,NULL,0,0),(8884,'D11','83',0,NULL,0,0),(8885,'E1','83',0,NULL,0,0),(8886,'E2','83',0,NULL,0,0),(8887,'E3','83',0,NULL,0,0),(8888,'E4','83',0,NULL,0,0),(8889,'E5','83',0,NULL,0,0),(8890,'E6','83',0,NULL,0,0),(8891,'E7','83',0,NULL,0,0),(8892,'E8','83',0,NULL,0,0),(8893,'E9','83',0,NULL,0,0),(8894,'E10','83',0,NULL,0,0),(8895,'E11','83',0,NULL,0,0),(8896,'F1','83',0,NULL,0,0),(8897,'F2','83',0,NULL,0,0),(8898,'F3','83',0,NULL,0,0),(8899,'F4','83',0,NULL,0,0),(8900,'F5','83',0,NULL,0,0),(8901,'F6','83',0,NULL,0,0),(8902,'F7','83',0,NULL,0,0),(8903,'F8','83',0,NULL,0,0),(8904,'F9','83',0,NULL,0,0),(8905,'F10','83',0,NULL,0,0),(8906,'F11','83',0,NULL,0,0),(8907,'G1','83',0,NULL,0,0),(8908,'G2','83',0,NULL,0,0),(8909,'G3','83',0,NULL,0,0),(8910,'G4','83',0,NULL,0,0),(8911,'G5','83',0,NULL,0,0),(8912,'G6','83',0,NULL,0,0),(8913,'G7','83',0,NULL,0,0),(8914,'G8','83',0,NULL,0,0),(8915,'G9','83',0,NULL,0,0),(8916,'G10','83',0,NULL,0,0),(8917,'G11','83',0,NULL,0,0),(8918,'H1','83',0,NULL,0,0),(8919,'H2','83',0,NULL,0,0),(8920,'H3','83',0,NULL,0,0),(8921,'H4','83',0,NULL,0,0),(8922,'H5','83',0,NULL,0,0),(8923,'H6','83',0,NULL,0,0),(8924,'H7','83',0,NULL,0,0),(8925,'H8','83',0,NULL,0,0),(8926,'H9','83',0,NULL,0,0),(8927,'H10','83',0,NULL,0,0),(8928,'H11','83',0,NULL,0,0),(8929,'I1','83',0,NULL,0,0),(8930,'I2','83',0,NULL,0,0),(8931,'I3','83',0,NULL,0,0),(8932,'I4','83',0,NULL,0,0),(8933,'I5','83',0,NULL,0,0),(8934,'I6','83',0,NULL,0,0),(8935,'I7','83',0,NULL,0,0),(8936,'I8','83',0,NULL,0,0),(8937,'I9','83',0,NULL,0,0),(8938,'I10','83',0,NULL,0,0),(8939,'I11','83',0,NULL,0,0),(8940,'J1','83',0,NULL,0,0),(8941,'J2','83',0,NULL,0,0),(8942,'J3','83',0,NULL,0,0),(8943,'J4','83',0,NULL,0,0),(8944,'J5','83',0,NULL,0,0),(8945,'J6','83',0,NULL,0,0),(8946,'J7','83',0,NULL,0,0),(8947,'J8','83',0,NULL,0,0),(8948,'J9','83',0,NULL,0,0),(8949,'J10','83',0,NULL,0,0),(8950,'J11','83',0,NULL,0,0),(8951,'K1','83',0,NULL,0,0),(8952,'K2','83',0,NULL,0,0),(8953,'K3','83',0,NULL,0,0),(8954,'K4','83',0,NULL,0,0),(8955,'K5','83',0,NULL,0,0),(8956,'K6','83',0,NULL,0,0),(8957,'K7','83',0,NULL,0,0),(8958,'K8','83',0,NULL,0,0),(8959,'K9','83',0,NULL,0,0),(8960,'K10','83',0,NULL,0,0),(8961,'K11','83',0,NULL,0,0),(8962,'A1','84',0,NULL,0,0),(8963,'A2','84',0,NULL,0,0),(8964,'A3','84',0,NULL,0,0),(8965,'A4','84',0,NULL,0,0),(8966,'A5','84',0,NULL,0,0),(8967,'A6','84',0,NULL,0,0),(8968,'A7','84',0,NULL,0,0),(8969,'A8','84',0,NULL,0,0),(8970,'A9','84',0,NULL,0,0),(8971,'A10','84',0,NULL,0,0),(8972,'A11','84',0,NULL,0,0),(8973,'B1','84',0,NULL,0,0),(8974,'B2','84',0,NULL,0,0),(8975,'B3','84',0,NULL,0,0),(8976,'B4','84',0,NULL,0,0),(8977,'B5','84',0,NULL,0,0),(8978,'B6','84',0,NULL,0,0),(8979,'B7','84',0,NULL,0,0),(8980,'B8','84',0,NULL,0,0),(8981,'B9','84',0,NULL,0,0),(8982,'B10','84',0,NULL,0,0),(8983,'B11','84',0,NULL,0,0),(8984,'C1','84',0,NULL,0,0),(8985,'C2','84',0,NULL,0,0),(8986,'C3','84',0,NULL,0,0),(8987,'C4','84',0,NULL,0,0),(8988,'C5','84',0,NULL,0,0),(8989,'C6','84',0,NULL,0,0),(8990,'C7','84',0,NULL,0,0),(8991,'C8','84',0,NULL,0,0),(8992,'C9','84',0,NULL,0,0),(8993,'C10','84',0,NULL,0,0),(8994,'C11','84',0,NULL,0,0),(8995,'D1','84',0,NULL,0,0),(8996,'D2','84',0,NULL,0,0),(8997,'D3','84',0,NULL,0,0),(8998,'D4','84',0,NULL,0,0),(8999,'D5','84',0,NULL,0,0),(9000,'D6','84',0,NULL,0,0),(9001,'D7','84',0,NULL,0,0),(9002,'D8','84',0,NULL,0,0),(9003,'D9','84',0,NULL,0,0),(9004,'D10','84',0,NULL,0,0),(9005,'D11','84',0,NULL,0,0),(9006,'E1','84',0,NULL,0,0),(9007,'E2','84',0,NULL,0,0),(9008,'E3','84',0,NULL,0,0),(9009,'E4','84',0,NULL,0,0),(9010,'E5','84',0,NULL,0,0),(9011,'E6','84',0,NULL,0,0),(9012,'E7','84',0,NULL,0,0),(9013,'E8','84',0,NULL,0,0),(9014,'E9','84',0,NULL,0,0),(9015,'E10','84',0,NULL,0,0),(9016,'E11','84',0,NULL,0,0),(9017,'F1','84',0,NULL,0,0),(9018,'F2','84',0,NULL,0,0),(9019,'F3','84',0,NULL,0,0),(9020,'F4','84',0,NULL,0,0),(9021,'F5','84',0,NULL,0,0),(9022,'F6','84',0,NULL,0,0),(9023,'F7','84',0,NULL,0,0),(9024,'F8','84',0,NULL,0,0),(9025,'F9','84',0,NULL,0,0),(9026,'F10','84',0,NULL,0,0),(9027,'F11','84',0,NULL,0,0),(9028,'G1','84',0,NULL,0,0),(9029,'G2','84',0,NULL,0,0),(9030,'G3','84',0,NULL,0,0),(9031,'G4','84',0,NULL,0,0),(9032,'G5','84',0,NULL,0,0),(9033,'G6','84',0,NULL,0,0),(9034,'G7','84',0,NULL,0,0),(9035,'G8','84',0,NULL,0,0),(9036,'G9','84',0,NULL,0,0),(9037,'G10','84',0,NULL,0,0),(9038,'G11','84',0,NULL,0,0),(9039,'H1','84',0,NULL,0,0),(9040,'H2','84',0,NULL,0,0),(9041,'H3','84',0,NULL,0,0),(9042,'H4','84',0,NULL,0,0),(9043,'H5','84',0,NULL,0,0),(9044,'H6','84',0,NULL,0,0),(9045,'H7','84',0,NULL,0,0),(9046,'H8','84',0,NULL,0,0),(9047,'H9','84',0,NULL,0,0),(9048,'H10','84',0,NULL,0,0),(9049,'H11','84',0,NULL,0,0),(9050,'I1','84',0,NULL,0,0),(9051,'I2','84',0,NULL,0,0),(9052,'I3','84',0,NULL,0,0),(9053,'I4','84',0,NULL,0,0),(9054,'I5','84',0,NULL,0,0),(9055,'I6','84',0,NULL,0,0),(9056,'I7','84',0,NULL,0,0),(9057,'I8','84',0,NULL,0,0),(9058,'I9','84',0,NULL,0,0),(9059,'I10','84',0,NULL,0,0),(9060,'I11','84',0,NULL,0,0),(9061,'J1','84',0,NULL,0,0),(9062,'J2','84',0,NULL,0,0),(9063,'J3','84',0,NULL,0,0),(9064,'J4','84',0,NULL,0,0),(9065,'J5','84',0,NULL,0,0),(9066,'J6','84',0,NULL,0,0),(9067,'J7','84',0,NULL,0,0),(9068,'J8','84',0,NULL,0,0),(9069,'J9','84',0,NULL,0,0),(9070,'J10','84',0,NULL,0,0),(9071,'J11','84',0,NULL,0,0),(9072,'K1','84',0,NULL,0,0),(9073,'K2','84',0,NULL,0,0),(9074,'K3','84',0,NULL,0,0),(9075,'K4','84',0,NULL,0,0),(9076,'K5','84',0,NULL,0,0),(9077,'K6','84',0,NULL,0,0),(9078,'K7','84',0,NULL,0,0),(9079,'K8','84',0,NULL,0,0),(9080,'K9','84',0,NULL,0,0),(9081,'K10','84',0,NULL,0,0),(9082,'K11','84',0,NULL,0,0),(9083,'A1','85',0,NULL,0,0),(9084,'A2','85',0,NULL,0,0),(9085,'A3','85',0,NULL,0,0),(9086,'A4','85',0,NULL,0,0),(9087,'A5','85',0,NULL,0,0),(9088,'B1','85',0,NULL,0,0),(9089,'B2','85',0,NULL,0,0),(9090,'B3','85',0,NULL,0,0),(9091,'B4','85',0,NULL,0,0),(9092,'B5','85',0,NULL,0,0),(9093,'C1','85',0,NULL,0,0),(9094,'C2','85',0,NULL,0,0),(9095,'C3','85',0,NULL,0,0),(9096,'C4','85',0,NULL,0,0),(9097,'C5','85',0,NULL,0,0),(9098,'D1','85',0,NULL,0,0),(9099,'D2','85',0,NULL,0,0),(9100,'D3','85',0,NULL,0,0),(9101,'D4','85',0,NULL,0,0),(9102,'D5','85',0,NULL,0,0),(9103,'E1','85',0,NULL,0,0),(9104,'E2','85',0,NULL,0,0),(9105,'E3','85',0,NULL,0,0),(9106,'E4','85',0,NULL,0,0),(9107,'E5','85',0,NULL,0,0),(9108,'A1','86',0,NULL,0,0),(9109,'A2','86',0,NULL,0,0),(9110,'A3','86',0,NULL,0,0),(9111,'A4','86',0,NULL,0,0),(9112,'A5','86',0,NULL,0,0),(9113,'A6','86',0,NULL,0,0),(9114,'A7','86',0,NULL,0,0),(9115,'A8','86',0,NULL,0,0),(9116,'A9','86',0,NULL,0,0),(9117,'A10','86',0,NULL,0,0),(9118,'A11','86',0,NULL,0,0),(9119,'B1','86',0,NULL,0,0),(9120,'B2','86',0,NULL,0,0),(9121,'B3','86',0,NULL,0,0),(9122,'B4','86',0,NULL,0,0),(9123,'B5','86',0,NULL,0,0),(9124,'B6','86',0,NULL,0,0),(9125,'B7','86',0,NULL,0,0),(9126,'B8','86',0,NULL,0,0),(9127,'B9','86',0,NULL,0,0),(9128,'B10','86',0,NULL,0,0),(9129,'B11','86',0,NULL,0,0),(9130,'C1','86',0,NULL,0,0),(9131,'C2','86',0,NULL,0,0),(9132,'C3','86',0,NULL,0,0),(9133,'C4','86',0,NULL,0,0),(9134,'C5','86',0,NULL,0,0),(9135,'C6','86',0,NULL,0,0),(9136,'C7','86',0,NULL,0,0),(9137,'C8','86',0,NULL,0,0),(9138,'C9','86',0,NULL,0,0),(9139,'C10','86',0,NULL,0,0),(9140,'C11','86',0,NULL,0,0),(9141,'D1','86',0,NULL,0,0),(9142,'D2','86',0,NULL,0,0),(9143,'D3','86',0,NULL,0,0),(9144,'D4','86',0,NULL,0,0),(9145,'D5','86',0,NULL,0,0),(9146,'D6','86',0,NULL,0,0),(9147,'D7','86',0,NULL,0,0),(9148,'D8','86',0,NULL,0,0),(9149,'D9','86',0,NULL,0,0),(9150,'D10','86',0,NULL,0,0),(9151,'D11','86',0,NULL,0,0),(9152,'E1','86',0,NULL,0,0),(9153,'E2','86',0,NULL,0,0),(9154,'E3','86',0,NULL,0,0),(9155,'E4','86',0,NULL,0,0),(9156,'E5','86',0,NULL,0,0),(9157,'E6','86',0,NULL,0,0),(9158,'E7','86',0,NULL,0,0),(9159,'E8','86',0,NULL,0,0),(9160,'E9','86',0,NULL,0,0),(9161,'E10','86',0,NULL,0,0),(9162,'E11','86',0,NULL,0,0),(9163,'F1','86',0,NULL,0,0),(9164,'F2','86',0,NULL,0,0),(9165,'F3','86',0,NULL,0,0),(9166,'F4','86',0,NULL,0,0),(9167,'F5','86',0,NULL,0,0),(9168,'F6','86',0,NULL,0,0),(9169,'F7','86',0,NULL,0,0),(9170,'F8','86',0,NULL,0,0),(9171,'F9','86',0,NULL,0,0),(9172,'F10','86',0,NULL,0,0),(9173,'F11','86',0,NULL,0,0),(9174,'G1','86',0,NULL,0,0),(9175,'G2','86',0,NULL,0,0),(9176,'G3','86',0,NULL,0,0),(9177,'G4','86',0,NULL,0,0),(9178,'G5','86',0,NULL,0,0),(9179,'G6','86',0,NULL,0,0),(9180,'G7','86',0,NULL,0,0),(9181,'G8','86',0,NULL,0,0),(9182,'G9','86',0,NULL,0,0),(9183,'G10','86',0,NULL,0,0),(9184,'G11','86',0,NULL,0,0),(9185,'H1','86',0,NULL,0,0),(9186,'H2','86',0,NULL,0,0),(9187,'H3','86',0,NULL,0,0),(9188,'H4','86',0,NULL,0,0),(9189,'H5','86',0,NULL,0,0),(9190,'H6','86',0,NULL,0,0),(9191,'H7','86',0,NULL,0,0),(9192,'H8','86',0,NULL,0,0),(9193,'H9','86',0,NULL,0,0),(9194,'H10','86',0,NULL,0,0),(9195,'H11','86',0,NULL,0,0),(9196,'I1','86',0,NULL,0,0),(9197,'I2','86',0,NULL,0,0),(9198,'I3','86',0,NULL,0,0),(9199,'I4','86',0,NULL,0,0),(9200,'I5','86',0,NULL,0,0),(9201,'I6','86',0,NULL,0,0),(9202,'I7','86',0,NULL,0,0),(9203,'I8','86',0,NULL,0,0),(9204,'I9','86',0,NULL,0,0),(9205,'I10','86',0,NULL,0,0),(9206,'I11','86',0,NULL,0,0),(9207,'J1','86',0,NULL,0,0),(9208,'J2','86',0,NULL,0,0),(9209,'J3','86',0,NULL,0,0),(9210,'J4','86',0,NULL,0,0),(9211,'J5','86',0,NULL,0,0),(9212,'J6','86',0,NULL,0,0),(9213,'J7','86',0,NULL,0,0),(9214,'J8','86',0,NULL,0,0),(9215,'J9','86',0,NULL,0,0),(9216,'J10','86',0,NULL,0,0),(9217,'J11','86',0,NULL,0,0),(9218,'K1','86',0,NULL,0,0),(9219,'K2','86',0,NULL,0,0),(9220,'K3','86',0,NULL,0,0),(9221,'K4','86',0,NULL,0,0),(9222,'K5','86',0,NULL,0,0),(9223,'K6','86',0,NULL,0,0),(9224,'K7','86',0,NULL,0,0),(9225,'K8','86',0,NULL,0,0),(9226,'K9','86',0,NULL,0,0),(9227,'K10','86',0,NULL,0,0),(9228,'K11','86',0,NULL,0,0),(9229,'A1','87',0,NULL,0,0),(9230,'A2','87',0,NULL,0,0),(9231,'A3','87',0,NULL,0,0),(9232,'A4','87',0,NULL,0,0),(9233,'A5','87',0,NULL,0,0),(9234,'A6','87',0,NULL,0,0),(9235,'A7','87',0,NULL,0,0),(9236,'A8','87',0,NULL,0,0),(9237,'A9','87',0,NULL,0,0),(9238,'A10','87',0,NULL,0,0),(9239,'A11','87',0,NULL,0,0),(9240,'B1','87',0,NULL,0,0),(9241,'B2','87',0,NULL,0,0),(9242,'B3','87',0,NULL,0,0),(9243,'B4','87',0,NULL,0,0),(9244,'B5','87',0,NULL,0,0),(9245,'B6','87',0,NULL,0,0),(9246,'B7','87',0,NULL,0,0),(9247,'B8','87',0,NULL,0,0),(9248,'B9','87',0,NULL,0,0),(9249,'B10','87',0,NULL,0,0),(9250,'B11','87',0,NULL,0,0),(9251,'C1','87',0,NULL,0,0),(9252,'C2','87',0,NULL,0,0),(9253,'C3','87',0,NULL,0,0),(9254,'C4','87',0,NULL,0,0),(9255,'C5','87',0,NULL,0,0),(9256,'C6','87',0,NULL,0,0),(9257,'C7','87',0,NULL,0,0),(9258,'C8','87',0,NULL,0,0),(9259,'C9','87',0,NULL,0,0),(9260,'C10','87',0,NULL,0,0),(9261,'C11','87',0,NULL,0,0),(9262,'D1','87',0,NULL,0,0),(9263,'D2','87',0,NULL,0,0),(9264,'D3','87',0,NULL,0,0),(9265,'D4','87',0,NULL,0,0),(9266,'D5','87',0,NULL,0,0),(9267,'D6','87',0,NULL,0,0),(9268,'D7','87',0,NULL,0,0),(9269,'D8','87',0,NULL,0,0),(9270,'D9','87',0,NULL,0,0),(9271,'D10','87',0,NULL,0,0),(9272,'D11','87',0,NULL,0,0),(9273,'E1','87',0,NULL,0,0),(9274,'E2','87',0,NULL,0,0),(9275,'E3','87',0,NULL,0,0),(9276,'E4','87',0,NULL,0,0),(9277,'E5','87',0,NULL,0,0),(9278,'E6','87',0,NULL,0,0),(9279,'E7','87',0,NULL,0,0),(9280,'E8','87',0,NULL,0,0),(9281,'E9','87',0,NULL,0,0),(9282,'E10','87',0,NULL,0,0),(9283,'E11','87',0,NULL,0,0),(9284,'F1','87',0,NULL,0,0),(9285,'F2','87',0,NULL,0,0),(9286,'F3','87',0,NULL,0,0),(9287,'F4','87',0,NULL,0,0),(9288,'F5','87',0,NULL,0,0),(9289,'F6','87',0,NULL,0,0),(9290,'F7','87',0,NULL,0,0),(9291,'F8','87',0,NULL,0,0),(9292,'F9','87',0,NULL,0,0),(9293,'F10','87',0,NULL,0,0),(9294,'F11','87',0,NULL,0,0),(9295,'G1','87',0,NULL,0,0),(9296,'G2','87',0,NULL,0,0),(9297,'G3','87',0,NULL,0,0),(9298,'G4','87',0,NULL,0,0),(9299,'G5','87',0,NULL,0,0),(9300,'G6','87',0,NULL,0,0),(9301,'G7','87',0,NULL,0,0),(9302,'G8','87',0,NULL,0,0),(9303,'G9','87',0,NULL,0,0),(9304,'G10','87',0,NULL,0,0),(9305,'G11','87',0,NULL,0,0),(9306,'H1','87',0,NULL,0,0),(9307,'H2','87',0,NULL,0,0),(9308,'H3','87',0,NULL,0,0),(9309,'H4','87',0,NULL,0,0),(9310,'H5','87',0,NULL,0,0),(9311,'H6','87',0,NULL,0,0),(9312,'H7','87',0,NULL,0,0),(9313,'H8','87',0,NULL,0,0),(9314,'H9','87',0,NULL,0,0),(9315,'H10','87',0,NULL,0,0),(9316,'H11','87',0,NULL,0,0),(9317,'I1','87',0,NULL,0,0),(9318,'I2','87',0,NULL,0,0),(9319,'I3','87',0,NULL,0,0),(9320,'I4','87',0,NULL,0,0),(9321,'I5','87',0,NULL,0,0),(9322,'I6','87',0,NULL,0,0),(9323,'I7','87',0,NULL,0,0),(9324,'I8','87',0,NULL,0,0),(9325,'I9','87',0,NULL,0,0),(9326,'I10','87',0,NULL,0,0),(9327,'I11','87',0,NULL,0,0),(9328,'J1','87',0,NULL,0,0),(9329,'J2','87',0,NULL,0,0),(9330,'J3','87',0,NULL,0,0),(9331,'J4','87',0,NULL,0,0),(9332,'J5','87',0,NULL,0,0),(9333,'J6','87',0,NULL,0,0),(9334,'J7','87',0,NULL,0,0),(9335,'J8','87',0,NULL,0,0),(9336,'J9','87',0,NULL,0,0),(9337,'J10','87',0,NULL,0,0),(9338,'J11','87',0,NULL,0,0),(9339,'K1','87',0,NULL,0,0),(9340,'K2','87',0,NULL,0,0),(9341,'K3','87',0,NULL,0,0),(9342,'K4','87',0,NULL,0,0),(9343,'K5','87',0,NULL,0,0),(9344,'K6','87',0,NULL,0,0),(9345,'K7','87',0,NULL,0,0),(9346,'K8','87',0,NULL,0,0),(9347,'K9','87',0,NULL,0,0),(9348,'K10','87',0,NULL,0,0),(9349,'K11','87',0,NULL,0,0),(9350,'A1','88',0,NULL,0,0),(9351,'A2','88',0,NULL,0,0),(9352,'A3','88',0,NULL,0,0),(9353,'A4','88',0,NULL,0,0),(9354,'A5','88',0,NULL,0,0),(9355,'A6','88',0,NULL,0,0),(9356,'A7','88',0,NULL,0,0),(9357,'A8','88',0,NULL,0,0),(9358,'A9','88',0,NULL,0,0),(9359,'A10','88',0,NULL,0,0),(9360,'A11','88',0,NULL,0,0),(9361,'B1','88',0,NULL,0,0),(9362,'B2','88',0,NULL,0,0),(9363,'B3','88',0,NULL,0,0),(9364,'B4','88',0,NULL,0,0),(9365,'B5','88',0,NULL,0,0),(9366,'B6','88',0,NULL,0,0),(9367,'B7','88',0,NULL,0,0),(9368,'B8','88',0,NULL,0,0),(9369,'B9','88',0,NULL,0,0),(9370,'B10','88',0,NULL,0,0),(9371,'B11','88',0,NULL,0,0),(9372,'C1','88',0,NULL,0,0),(9373,'C2','88',0,NULL,0,0),(9374,'C3','88',0,NULL,0,0),(9375,'C4','88',0,NULL,0,0),(9376,'C5','88',0,NULL,0,0),(9377,'C6','88',0,NULL,0,0),(9378,'C7','88',0,NULL,0,0),(9379,'C8','88',0,NULL,0,0),(9380,'C9','88',0,NULL,0,0),(9381,'C10','88',0,NULL,0,0),(9382,'C11','88',0,NULL,0,0),(9383,'D1','88',0,NULL,0,0),(9384,'D2','88',0,NULL,0,0),(9385,'D3','88',0,NULL,0,0),(9386,'D4','88',0,NULL,0,0),(9387,'D5','88',0,NULL,0,0),(9388,'D6','88',0,NULL,0,0),(9389,'D7','88',0,NULL,0,0),(9390,'D8','88',0,NULL,0,0),(9391,'D9','88',0,NULL,0,0),(9392,'D10','88',0,NULL,0,0),(9393,'D11','88',0,NULL,0,0),(9394,'E1','88',0,NULL,0,0),(9395,'E2','88',0,NULL,0,0),(9396,'E3','88',0,NULL,0,0),(9397,'E4','88',0,NULL,0,0),(9398,'E5','88',0,NULL,0,0),(9399,'E6','88',0,NULL,0,0),(9400,'E7','88',0,NULL,0,0),(9401,'E8','88',0,NULL,0,0),(9402,'E9','88',0,NULL,0,0),(9403,'E10','88',0,NULL,0,0),(9404,'E11','88',0,NULL,0,0),(9405,'F1','88',0,NULL,0,0),(9406,'F2','88',0,NULL,0,0),(9407,'F3','88',0,NULL,0,0),(9408,'F4','88',0,NULL,0,0),(9409,'F5','88',0,NULL,0,0),(9410,'F6','88',0,NULL,0,0),(9411,'F7','88',0,NULL,0,0),(9412,'F8','88',0,NULL,0,0),(9413,'F9','88',0,NULL,0,0),(9414,'F10','88',0,NULL,0,0),(9415,'F11','88',0,NULL,0,0),(9416,'G1','88',0,NULL,0,0),(9417,'G2','88',0,NULL,0,0),(9418,'G3','88',0,NULL,0,0),(9419,'G4','88',0,NULL,0,0),(9420,'G5','88',0,NULL,0,0),(9421,'G6','88',0,NULL,0,0),(9422,'G7','88',0,NULL,0,0),(9423,'G8','88',0,NULL,0,0),(9424,'G9','88',0,NULL,0,0),(9425,'G10','88',0,NULL,0,0),(9426,'G11','88',0,NULL,0,0),(9427,'H1','88',0,NULL,0,0),(9428,'H2','88',0,NULL,0,0),(9429,'H3','88',0,NULL,0,0),(9430,'H4','88',0,NULL,0,0),(9431,'H5','88',0,NULL,0,0),(9432,'H6','88',0,NULL,0,0),(9433,'H7','88',0,NULL,0,0),(9434,'H8','88',0,NULL,0,0),(9435,'H9','88',0,NULL,0,0),(9436,'H10','88',0,NULL,0,0),(9437,'H11','88',0,NULL,0,0),(9438,'I1','88',0,NULL,0,0),(9439,'I2','88',0,NULL,0,0),(9440,'I3','88',0,NULL,0,0),(9441,'I4','88',0,NULL,0,0),(9442,'I5','88',0,NULL,0,0),(9443,'I6','88',0,NULL,0,0),(9444,'I7','88',0,NULL,0,0),(9445,'I8','88',0,NULL,0,0),(9446,'I9','88',0,NULL,0,0),(9447,'I10','88',0,NULL,0,0),(9448,'I11','88',0,NULL,0,0),(9449,'J1','88',0,NULL,0,0),(9450,'J2','88',0,NULL,0,0),(9451,'J3','88',0,NULL,0,0),(9452,'J4','88',0,NULL,0,0),(9453,'J5','88',0,NULL,0,0),(9454,'J6','88',0,NULL,0,0),(9455,'J7','88',0,NULL,0,0),(9456,'J8','88',0,NULL,0,0),(9457,'J9','88',0,NULL,0,0),(9458,'J10','88',0,NULL,0,0),(9459,'J11','88',0,NULL,0,0),(9460,'K1','88',0,NULL,0,0),(9461,'K2','88',0,NULL,0,0),(9462,'K3','88',0,NULL,0,0),(9463,'K4','88',0,NULL,0,0),(9464,'K5','88',0,NULL,0,0),(9465,'K6','88',0,NULL,0,0),(9466,'K7','88',0,NULL,0,0),(9467,'K8','88',0,NULL,0,0),(9468,'K9','88',0,NULL,0,0),(9469,'K10','88',0,NULL,0,0),(9470,'K11','88',0,NULL,0,0),(9471,'A1','89',0,NULL,0,0),(9472,'A2','89',0,NULL,0,0),(9473,'A3','89',0,NULL,0,0),(9474,'A4','89',0,NULL,0,0),(9475,'A5','89',0,NULL,0,0),(9476,'A6','89',0,NULL,0,0),(9477,'A7','89',0,NULL,0,0),(9478,'A8','89',0,NULL,0,0),(9479,'A9','89',0,NULL,0,0),(9480,'A10','89',0,NULL,0,0),(9481,'A11','89',0,NULL,0,0),(9482,'B1','89',0,NULL,0,0),(9483,'B2','89',0,NULL,0,0),(9484,'B3','89',0,NULL,0,0),(9485,'B4','89',0,NULL,0,0),(9486,'B5','89',0,NULL,0,0),(9487,'B6','89',0,NULL,0,0),(9488,'B7','89',0,NULL,0,0),(9489,'B8','89',0,NULL,0,0),(9490,'B9','89',0,NULL,0,0),(9491,'B10','89',0,NULL,0,0),(9492,'B11','89',0,NULL,0,0),(9493,'C1','89',0,NULL,0,0),(9494,'C2','89',0,NULL,0,0),(9495,'C3','89',0,NULL,0,0),(9496,'C4','89',0,NULL,0,0),(9497,'C5','89',0,NULL,0,0),(9498,'C6','89',0,NULL,0,0),(9499,'C7','89',0,NULL,0,0),(9500,'C8','89',0,NULL,0,0),(9501,'C9','89',0,NULL,0,0),(9502,'C10','89',0,NULL,0,0),(9503,'C11','89',0,NULL,0,0),(9504,'D1','89',0,NULL,0,0),(9505,'D2','89',0,NULL,0,0),(9506,'D3','89',0,NULL,0,0),(9507,'D4','89',0,NULL,0,0),(9508,'D5','89',0,NULL,0,0),(9509,'D6','89',0,NULL,0,0),(9510,'D7','89',0,NULL,0,0),(9511,'D8','89',0,NULL,0,0),(9512,'D9','89',0,NULL,0,0),(9513,'D10','89',0,NULL,0,0),(9514,'D11','89',0,NULL,0,0),(9515,'E1','89',0,NULL,0,0),(9516,'E2','89',0,NULL,0,0),(9517,'E3','89',0,NULL,0,0),(9518,'E4','89',0,NULL,0,0),(9519,'E5','89',0,NULL,0,0),(9520,'E6','89',0,NULL,0,0),(9521,'E7','89',0,NULL,0,0),(9522,'E8','89',0,NULL,0,0),(9523,'E9','89',0,NULL,0,0),(9524,'E10','89',0,NULL,0,0),(9525,'E11','89',0,NULL,0,0),(9526,'F1','89',0,NULL,0,0),(9527,'F2','89',0,NULL,0,0),(9528,'F3','89',0,NULL,0,0),(9529,'F4','89',0,NULL,0,0),(9530,'F5','89',0,NULL,0,0),(9531,'F6','89',0,NULL,0,0),(9532,'F7','89',0,NULL,0,0),(9533,'F8','89',0,NULL,0,0),(9534,'F9','89',0,NULL,0,0),(9535,'F10','89',0,NULL,0,0),(9536,'F11','89',0,NULL,0,0),(9537,'G1','89',0,NULL,0,0),(9538,'G2','89',0,NULL,0,0),(9539,'G3','89',0,NULL,0,0),(9540,'G4','89',0,NULL,0,0),(9541,'G5','89',0,NULL,0,0),(9542,'G6','89',0,NULL,0,0),(9543,'G7','89',0,NULL,0,0),(9544,'G8','89',0,NULL,0,0),(9545,'G9','89',0,NULL,0,0),(9546,'G10','89',0,NULL,0,0),(9547,'G11','89',0,NULL,0,0),(9548,'H1','89',0,NULL,0,0),(9549,'H2','89',0,NULL,0,0),(9550,'H3','89',0,NULL,0,0),(9551,'H4','89',0,NULL,0,0),(9552,'H5','89',0,NULL,0,0),(9553,'H6','89',0,NULL,0,0),(9554,'H7','89',0,NULL,0,0),(9555,'H8','89',0,NULL,0,0),(9556,'H9','89',0,NULL,0,0),(9557,'H10','89',0,NULL,0,0),(9558,'H11','89',0,NULL,0,0),(9559,'I1','89',0,NULL,0,0),(9560,'I2','89',0,NULL,0,0),(9561,'I3','89',0,NULL,0,0),(9562,'I4','89',0,NULL,0,0),(9563,'I5','89',0,NULL,0,0),(9564,'I6','89',0,NULL,0,0),(9565,'I7','89',0,NULL,0,0),(9566,'I8','89',0,NULL,0,0),(9567,'I9','89',0,NULL,0,0),(9568,'I10','89',0,NULL,0,0),(9569,'I11','89',0,NULL,0,0),(9570,'J1','89',0,NULL,0,0),(9571,'J2','89',0,NULL,0,0),(9572,'J3','89',0,NULL,0,0),(9573,'J4','89',0,NULL,0,0),(9574,'J5','89',0,NULL,0,0),(9575,'J6','89',0,NULL,0,0),(9576,'J7','89',0,NULL,0,0),(9577,'J8','89',0,NULL,0,0),(9578,'J9','89',0,NULL,0,0),(9579,'J10','89',0,NULL,0,0),(9580,'J11','89',0,NULL,0,0),(9581,'K1','89',0,NULL,0,0),(9582,'K2','89',0,NULL,0,0),(9583,'K3','89',0,NULL,0,0),(9584,'K4','89',0,NULL,0,0),(9585,'K5','89',0,NULL,0,0),(9586,'K6','89',0,NULL,0,0),(9587,'K7','89',0,NULL,0,0),(9588,'K8','89',0,NULL,0,0),(9589,'K9','89',0,NULL,0,0),(9590,'K10','89',0,NULL,0,0),(9591,'K11','89',0,NULL,0,0),(9592,'A1','90',0,NULL,0,0),(9593,'A2','90',0,NULL,0,0),(9594,'A3','90',0,NULL,0,0),(9595,'A4','90',0,NULL,0,0),(9596,'A5','90',0,NULL,0,0),(9597,'A6','90',0,NULL,0,0),(9598,'A7','90',0,NULL,0,0),(9599,'A8','90',0,NULL,0,0),(9600,'A9','90',0,NULL,0,0),(9601,'A10','90',0,NULL,0,0),(9602,'A11','90',0,NULL,0,0),(9603,'B1','90',0,NULL,0,0),(9604,'B2','90',0,NULL,0,0),(9605,'B3','90',0,NULL,0,0),(9606,'B4','90',0,NULL,0,0),(9607,'B5','90',0,NULL,0,0),(9608,'B6','90',0,NULL,0,0),(9609,'B7','90',0,NULL,0,0),(9610,'B8','90',0,NULL,0,0),(9611,'B9','90',0,NULL,0,0),(9612,'B10','90',0,NULL,0,0),(9613,'B11','90',0,NULL,0,0),(9614,'C1','90',0,NULL,0,0),(9615,'C2','90',0,NULL,0,0),(9616,'C3','90',0,NULL,0,0),(9617,'C4','90',0,NULL,0,0),(9618,'C5','90',0,NULL,0,0),(9619,'C6','90',0,NULL,0,0),(9620,'C7','90',0,NULL,0,0),(9621,'C8','90',0,NULL,0,0),(9622,'C9','90',0,NULL,0,0),(9623,'C10','90',0,NULL,0,0),(9624,'C11','90',0,NULL,0,0),(9625,'D1','90',0,NULL,0,0),(9626,'D2','90',0,NULL,0,0),(9627,'D3','90',0,NULL,0,0),(9628,'D4','90',0,NULL,0,0),(9629,'D5','90',0,NULL,0,0),(9630,'D6','90',0,NULL,0,0),(9631,'D7','90',0,NULL,0,0),(9632,'D8','90',0,NULL,0,0),(9633,'D9','90',0,NULL,0,0),(9634,'D10','90',0,NULL,0,0),(9635,'D11','90',0,NULL,0,0),(9636,'E1','90',0,NULL,0,0),(9637,'E2','90',0,NULL,0,0),(9638,'E3','90',0,NULL,0,0),(9639,'E4','90',0,NULL,0,0),(9640,'E5','90',0,NULL,0,0),(9641,'E6','90',0,NULL,0,0),(9642,'E7','90',0,NULL,0,0),(9643,'E8','90',0,NULL,0,0),(9644,'E9','90',0,NULL,0,0),(9645,'E10','90',0,NULL,0,0),(9646,'E11','90',0,NULL,0,0),(9647,'F1','90',0,NULL,0,0),(9648,'F2','90',0,NULL,0,0),(9649,'F3','90',0,NULL,0,0),(9650,'F4','90',0,NULL,0,0),(9651,'F5','90',0,NULL,0,0),(9652,'F6','90',0,NULL,0,0),(9653,'F7','90',0,NULL,0,0),(9654,'F8','90',0,NULL,0,0),(9655,'F9','90',0,NULL,0,0),(9656,'F10','90',0,NULL,0,0),(9657,'F11','90',0,NULL,0,0),(9658,'G1','90',0,NULL,0,0),(9659,'G2','90',0,NULL,0,0),(9660,'G3','90',0,NULL,0,0),(9661,'G4','90',0,NULL,0,0),(9662,'G5','90',0,NULL,0,0),(9663,'G6','90',0,NULL,0,0),(9664,'G7','90',0,NULL,0,0),(9665,'G8','90',0,NULL,0,0),(9666,'G9','90',0,NULL,0,0),(9667,'G10','90',0,NULL,0,0),(9668,'G11','90',0,NULL,0,0),(9669,'H1','90',0,NULL,0,0),(9670,'H2','90',0,NULL,0,0),(9671,'H3','90',0,NULL,0,0),(9672,'H4','90',0,NULL,0,0),(9673,'H5','90',0,NULL,0,0),(9674,'H6','90',0,NULL,0,0),(9675,'H7','90',0,NULL,0,0),(9676,'H8','90',0,NULL,0,0),(9677,'H9','90',0,NULL,0,0),(9678,'H10','90',0,NULL,0,0),(9679,'H11','90',0,NULL,0,0),(9680,'I1','90',0,NULL,0,0),(9681,'I2','90',0,NULL,0,0),(9682,'I3','90',0,NULL,0,0),(9683,'I4','90',0,NULL,0,0),(9684,'I5','90',0,NULL,0,0),(9685,'I6','90',0,NULL,0,0),(9686,'I7','90',0,NULL,0,0),(9687,'I8','90',0,NULL,0,0),(9688,'I9','90',0,NULL,0,0),(9689,'I10','90',0,NULL,0,0),(9690,'I11','90',0,NULL,0,0),(9691,'J1','90',0,NULL,0,0),(9692,'J2','90',0,NULL,0,0),(9693,'J3','90',0,NULL,0,0),(9694,'J4','90',0,NULL,0,0),(9695,'J5','90',0,NULL,0,0),(9696,'J6','90',0,NULL,0,0),(9697,'J7','90',0,NULL,0,0),(9698,'J8','90',0,NULL,0,0),(9699,'J9','90',0,NULL,0,0),(9700,'J10','90',0,NULL,0,0),(9701,'J11','90',0,NULL,0,0),(9702,'K1','90',0,NULL,0,0),(9703,'K2','90',0,NULL,0,0),(9704,'K3','90',0,NULL,0,0),(9705,'K4','90',0,NULL,0,0),(9706,'K5','90',0,NULL,0,0),(9707,'K6','90',0,NULL,0,0),(9708,'K7','90',0,NULL,0,0),(9709,'K8','90',0,NULL,0,0),(9710,'K9','90',0,NULL,0,0),(9711,'K10','90',0,NULL,0,0),(9712,'K11','90',0,NULL,0,0),(9713,'A1','91',0,NULL,0,0),(9714,'A2','91',0,NULL,0,0),(9715,'A3','91',0,NULL,0,0),(9716,'A4','91',0,NULL,0,0),(9717,'A5','91',0,NULL,0,0),(9718,'A6','91',0,NULL,0,0),(9719,'A7','91',0,NULL,0,0),(9720,'A8','91',0,NULL,0,0),(9721,'A9','91',0,NULL,0,0),(9722,'A10','91',0,NULL,0,0),(9723,'A11','91',0,NULL,0,0),(9724,'B1','91',0,NULL,0,0),(9725,'B2','91',0,NULL,0,0),(9726,'B3','91',0,NULL,0,0),(9727,'B4','91',0,NULL,0,0),(9728,'B5','91',0,NULL,0,0),(9729,'B6','91',0,NULL,0,0),(9730,'B7','91',0,NULL,0,0),(9731,'B8','91',0,NULL,0,0),(9732,'B9','91',0,NULL,0,0),(9733,'B10','91',0,NULL,0,0),(9734,'B11','91',0,NULL,0,0),(9735,'C1','91',0,NULL,0,0),(9736,'C2','91',0,NULL,0,0),(9737,'C3','91',0,NULL,0,0),(9738,'C4','91',0,NULL,0,0),(9739,'C5','91',0,NULL,0,0),(9740,'C6','91',0,NULL,0,0),(9741,'C7','91',0,NULL,0,0),(9742,'C8','91',0,NULL,0,0),(9743,'C9','91',0,NULL,0,0),(9744,'C10','91',0,NULL,0,0),(9745,'C11','91',0,NULL,0,0),(9746,'D1','91',0,NULL,0,0),(9747,'D2','91',0,NULL,0,0),(9748,'D3','91',0,NULL,0,0),(9749,'D4','91',0,NULL,0,0),(9750,'D5','91',0,NULL,0,0),(9751,'D6','91',0,NULL,0,0),(9752,'D7','91',0,NULL,0,0),(9753,'D8','91',0,NULL,0,0),(9754,'D9','91',0,NULL,0,0),(9755,'D10','91',0,NULL,0,0),(9756,'D11','91',0,NULL,0,0),(9757,'E1','91',0,NULL,0,0),(9758,'E2','91',0,NULL,0,0),(9759,'E3','91',0,NULL,0,0),(9760,'E4','91',0,NULL,0,0),(9761,'E5','91',0,NULL,0,0),(9762,'E6','91',0,NULL,0,0),(9763,'E7','91',0,NULL,0,0),(9764,'E8','91',0,NULL,0,0),(9765,'E9','91',0,NULL,0,0),(9766,'E10','91',0,NULL,0,0),(9767,'E11','91',0,NULL,0,0),(9768,'F1','91',0,NULL,0,0),(9769,'F2','91',0,NULL,0,0),(9770,'F3','91',0,NULL,0,0),(9771,'F4','91',0,NULL,0,0),(9772,'F5','91',0,NULL,0,0),(9773,'F6','91',0,NULL,0,0),(9774,'F7','91',0,NULL,0,0),(9775,'F8','91',0,NULL,0,0),(9776,'F9','91',0,NULL,0,0),(9777,'F10','91',0,NULL,0,0),(9778,'F11','91',0,NULL,0,0),(9779,'G1','91',0,NULL,0,0),(9780,'G2','91',0,NULL,0,0),(9781,'G3','91',0,NULL,0,0),(9782,'G4','91',0,NULL,0,0),(9783,'G5','91',0,NULL,0,0),(9784,'G6','91',0,NULL,0,0),(9785,'G7','91',0,NULL,0,0),(9786,'G8','91',0,NULL,0,0),(9787,'G9','91',0,NULL,0,0),(9788,'G10','91',0,NULL,0,0),(9789,'G11','91',0,NULL,0,0),(9790,'H1','91',0,NULL,0,0),(9791,'H2','91',0,NULL,0,0),(9792,'H3','91',0,NULL,0,0),(9793,'H4','91',0,NULL,0,0),(9794,'H5','91',0,NULL,0,0),(9795,'H6','91',0,NULL,0,0),(9796,'H7','91',0,NULL,0,0),(9797,'H8','91',0,NULL,0,0),(9798,'H9','91',0,NULL,0,0),(9799,'H10','91',0,NULL,0,0),(9800,'H11','91',0,NULL,0,0),(9801,'I1','91',0,NULL,0,0),(9802,'I2','91',0,NULL,0,0),(9803,'I3','91',0,NULL,0,0),(9804,'I4','91',0,NULL,0,0),(9805,'I5','91',0,NULL,0,0),(9806,'I6','91',0,NULL,0,0),(9807,'I7','91',0,NULL,0,0),(9808,'I8','91',0,NULL,0,0),(9809,'I9','91',0,NULL,0,0),(9810,'I10','91',0,NULL,0,0),(9811,'I11','91',0,NULL,0,0),(9812,'J1','91',0,NULL,0,0),(9813,'J2','91',0,NULL,0,0),(9814,'J3','91',0,NULL,0,0),(9815,'J4','91',0,NULL,0,0),(9816,'J5','91',0,NULL,0,0),(9817,'J6','91',0,NULL,0,0),(9818,'J7','91',0,NULL,0,0),(9819,'J8','91',0,NULL,0,0),(9820,'J9','91',0,NULL,0,0),(9821,'J10','91',0,NULL,0,0),(9822,'J11','91',0,NULL,0,0),(9823,'K1','91',0,NULL,0,0),(9824,'K2','91',0,NULL,0,0),(9825,'K3','91',0,NULL,0,0),(9826,'K4','91',0,NULL,0,0),(9827,'K5','91',0,NULL,0,0),(9828,'K6','91',0,NULL,0,0),(9829,'K7','91',0,NULL,0,0),(9830,'K8','91',0,NULL,0,0),(9831,'K9','91',0,NULL,0,0),(9832,'K10','91',0,NULL,0,0),(9833,'K11','91',0,NULL,0,0),(9834,'A1','92',0,NULL,0,0),(9835,'A2','92',0,NULL,0,0),(9836,'A3','92',0,NULL,0,0),(9837,'A4','92',0,NULL,0,0),(9838,'A5','92',0,NULL,0,0),(9839,'A6','92',0,NULL,0,0),(9840,'A7','92',0,NULL,0,0),(9841,'A8','92',0,NULL,0,0),(9842,'A9','92',0,NULL,0,0),(9843,'A10','92',0,NULL,0,0),(9844,'A11','92',0,NULL,0,0),(9845,'B1','92',0,NULL,0,0),(9846,'B2','92',0,NULL,0,0),(9847,'B3','92',0,NULL,0,0),(9848,'B4','92',0,NULL,0,0),(9849,'B5','92',0,NULL,0,0),(9850,'B6','92',0,NULL,0,0),(9851,'B7','92',0,NULL,0,0),(9852,'B8','92',0,NULL,0,0),(9853,'B9','92',0,NULL,0,0),(9854,'B10','92',0,NULL,0,0),(9855,'B11','92',0,NULL,0,0),(9856,'C1','92',0,NULL,0,0),(9857,'C2','92',0,NULL,0,0),(9858,'C3','92',0,NULL,0,0),(9859,'C4','92',0,NULL,0,0),(9860,'C5','92',0,NULL,0,0),(9861,'C6','92',0,NULL,0,0),(9862,'C7','92',0,NULL,0,0),(9863,'C8','92',0,NULL,0,0),(9864,'C9','92',0,NULL,0,0),(9865,'C10','92',0,NULL,0,0),(9866,'C11','92',0,NULL,0,0),(9867,'D1','92',0,NULL,0,0),(9868,'D2','92',0,NULL,0,0),(9869,'D3','92',0,NULL,0,0),(9870,'D4','92',0,NULL,0,0),(9871,'D5','92',0,NULL,0,0),(9872,'D6','92',0,NULL,0,0),(9873,'D7','92',0,NULL,0,0),(9874,'D8','92',0,NULL,0,0),(9875,'D9','92',0,NULL,0,0),(9876,'D10','92',0,NULL,0,0),(9877,'D11','92',0,NULL,0,0),(9878,'E1','92',0,NULL,0,0),(9879,'E2','92',0,NULL,0,0),(9880,'E3','92',0,NULL,0,0),(9881,'E4','92',0,NULL,0,0),(9882,'E5','92',0,NULL,0,0),(9883,'E6','92',0,NULL,0,0),(9884,'E7','92',0,NULL,0,0),(9885,'E8','92',0,NULL,0,0),(9886,'E9','92',0,NULL,0,0),(9887,'E10','92',0,NULL,0,0),(9888,'E11','92',0,NULL,0,0),(9889,'F1','92',0,NULL,0,0),(9890,'F2','92',0,NULL,0,0),(9891,'F3','92',0,NULL,0,0),(9892,'F4','92',0,NULL,0,0),(9893,'F5','92',0,NULL,0,0),(9894,'F6','92',0,NULL,0,0),(9895,'F7','92',0,NULL,0,0),(9896,'F8','92',0,NULL,0,0),(9897,'F9','92',0,NULL,0,0),(9898,'F10','92',0,NULL,0,0),(9899,'F11','92',0,NULL,0,0),(9900,'G1','92',0,NULL,0,0),(9901,'G2','92',0,NULL,0,0),(9902,'G3','92',0,NULL,0,0),(9903,'G4','92',0,NULL,0,0),(9904,'G5','92',0,NULL,0,0),(9905,'G6','92',0,NULL,0,0),(9906,'G7','92',0,NULL,0,0),(9907,'G8','92',0,NULL,0,0),(9908,'G9','92',0,NULL,0,0),(9909,'G10','92',0,NULL,0,0),(9910,'G11','92',0,NULL,0,0),(9911,'H1','92',0,NULL,0,0),(9912,'H2','92',0,NULL,0,0),(9913,'H3','92',0,NULL,0,0),(9914,'H4','92',0,NULL,0,0),(9915,'H5','92',0,NULL,0,0),(9916,'H6','92',0,NULL,0,0),(9917,'H7','92',0,NULL,0,0),(9918,'H8','92',0,NULL,0,0),(9919,'H9','92',0,NULL,0,0),(9920,'H10','92',0,NULL,0,0),(9921,'H11','92',0,NULL,0,0),(9922,'I1','92',0,NULL,0,0),(9923,'I2','92',0,NULL,0,0),(9924,'I3','92',0,NULL,0,0),(9925,'I4','92',0,NULL,0,0),(9926,'I5','92',0,NULL,0,0),(9927,'I6','92',0,NULL,0,0),(9928,'I7','92',0,NULL,0,0),(9929,'I8','92',0,NULL,0,0),(9930,'I9','92',0,NULL,0,0),(9931,'I10','92',0,NULL,0,0),(9932,'I11','92',0,NULL,0,0),(9933,'J1','92',0,NULL,0,0),(9934,'J2','92',0,NULL,0,0),(9935,'J3','92',0,NULL,0,0),(9936,'J4','92',0,NULL,0,0),(9937,'J5','92',0,NULL,0,0),(9938,'J6','92',0,NULL,0,0),(9939,'J7','92',0,NULL,0,0),(9940,'J8','92',0,NULL,0,0),(9941,'J9','92',0,NULL,0,0),(9942,'J10','92',0,NULL,0,0),(9943,'J11','92',0,NULL,0,0),(9944,'K1','92',0,NULL,0,0),(9945,'K2','92',0,NULL,0,0),(9946,'K3','92',0,NULL,0,0),(9947,'K4','92',0,NULL,0,0),(9948,'K5','92',0,NULL,0,0),(9949,'K6','92',0,NULL,0,0),(9950,'K7','92',0,NULL,0,0),(9951,'K8','92',0,NULL,0,0),(9952,'K9','92',0,NULL,0,0),(9953,'K10','92',0,NULL,0,0),(9954,'K11','92',0,NULL,0,0),(9955,'A1','93',0,NULL,0,0),(9956,'A2','93',0,NULL,0,0),(9957,'A3','93',0,NULL,0,0),(9958,'A4','93',0,NULL,0,0),(9959,'A5','93',0,NULL,0,0),(9960,'A6','93',0,NULL,0,0),(9961,'A7','93',0,NULL,0,0),(9962,'A8','93',0,NULL,0,0),(9963,'A9','93',0,NULL,0,0),(9964,'A10','93',0,NULL,0,0),(9965,'A11','93',0,NULL,0,0),(9966,'B1','93',0,NULL,0,0),(9967,'B2','93',0,NULL,0,0),(9968,'B3','93',0,NULL,0,0),(9969,'B4','93',0,NULL,0,0),(9970,'B5','93',0,NULL,0,0),(9971,'B6','93',0,NULL,0,0),(9972,'B7','93',0,NULL,0,0),(9973,'B8','93',0,NULL,0,0),(9974,'B9','93',0,NULL,0,0),(9975,'B10','93',0,NULL,0,0),(9976,'B11','93',0,NULL,0,0),(9977,'C1','93',0,NULL,0,0),(9978,'C2','93',0,NULL,0,0),(9979,'C3','93',0,NULL,0,0),(9980,'C4','93',0,NULL,0,0),(9981,'C5','93',0,NULL,0,0),(9982,'C6','93',0,NULL,0,0),(9983,'C7','93',0,NULL,0,0),(9984,'C8','93',0,NULL,0,0),(9985,'C9','93',0,NULL,0,0),(9986,'C10','93',0,NULL,0,0),(9987,'C11','93',0,NULL,0,0),(9988,'D1','93',0,NULL,0,0),(9989,'D2','93',0,NULL,0,0),(9990,'D3','93',0,NULL,0,0),(9991,'D4','93',0,NULL,0,0),(9992,'D5','93',0,NULL,0,0),(9993,'D6','93',0,NULL,0,0),(9994,'D7','93',0,NULL,0,0),(9995,'D8','93',0,NULL,0,0),(9996,'D9','93',0,NULL,0,0),(9997,'D10','93',0,NULL,0,0),(9998,'D11','93',0,NULL,0,0),(9999,'E1','93',0,NULL,0,0),(10000,'E2','93',0,NULL,0,0),(10001,'E3','93',0,NULL,0,0),(10002,'E4','93',0,NULL,0,0),(10003,'E5','93',0,NULL,0,0),(10004,'E6','93',0,NULL,0,0),(10005,'E7','93',0,NULL,0,0),(10006,'E8','93',0,NULL,0,0),(10007,'E9','93',0,NULL,0,0),(10008,'E10','93',0,NULL,0,0),(10009,'E11','93',0,NULL,0,0),(10010,'F1','93',0,NULL,0,0),(10011,'F2','93',0,NULL,0,0),(10012,'F3','93',0,NULL,0,0),(10013,'F4','93',0,NULL,0,0),(10014,'F5','93',0,NULL,0,0),(10015,'F6','93',0,NULL,0,0),(10016,'F7','93',0,NULL,0,0),(10017,'F8','93',0,NULL,0,0),(10018,'F9','93',0,NULL,0,0),(10019,'F10','93',0,NULL,0,0),(10020,'F11','93',0,NULL,0,0),(10021,'G1','93',0,NULL,0,0),(10022,'G2','93',0,NULL,0,0),(10023,'G3','93',0,NULL,0,0),(10024,'G4','93',0,NULL,0,0),(10025,'G5','93',0,NULL,0,0),(10026,'G6','93',0,NULL,0,0),(10027,'G7','93',0,NULL,0,0),(10028,'G8','93',0,NULL,0,0),(10029,'G9','93',0,NULL,0,0),(10030,'G10','93',0,NULL,0,0),(10031,'G11','93',0,NULL,0,0),(10032,'H1','93',0,NULL,0,0),(10033,'H2','93',0,NULL,0,0),(10034,'H3','93',0,NULL,0,0),(10035,'H4','93',0,NULL,0,0),(10036,'H5','93',0,NULL,0,0),(10037,'H6','93',0,NULL,0,0),(10038,'H7','93',0,NULL,0,0),(10039,'H8','93',0,NULL,0,0),(10040,'H9','93',0,NULL,0,0),(10041,'H10','93',0,NULL,0,0),(10042,'H11','93',0,NULL,0,0),(10043,'I1','93',0,NULL,0,0),(10044,'I2','93',0,NULL,0,0),(10045,'I3','93',0,NULL,0,0),(10046,'I4','93',0,NULL,0,0),(10047,'I5','93',0,NULL,0,0),(10048,'I6','93',0,NULL,0,0),(10049,'I7','93',0,NULL,0,0),(10050,'I8','93',0,NULL,0,0),(10051,'I9','93',0,NULL,0,0),(10052,'I10','93',0,NULL,0,0),(10053,'I11','93',0,NULL,0,0),(10054,'J1','93',0,NULL,0,0),(10055,'J2','93',0,NULL,0,0),(10056,'J3','93',0,NULL,0,0),(10057,'J4','93',0,NULL,0,0),(10058,'J5','93',0,NULL,0,0),(10059,'J6','93',0,NULL,0,0),(10060,'J7','93',0,NULL,0,0),(10061,'J8','93',0,NULL,0,0),(10062,'J9','93',0,NULL,0,0),(10063,'J10','93',0,NULL,0,0),(10064,'J11','93',0,NULL,0,0),(10065,'K1','93',0,NULL,0,0),(10066,'K2','93',0,NULL,0,0),(10067,'K3','93',0,NULL,0,0),(10068,'K4','93',0,NULL,0,0),(10069,'K5','93',0,NULL,0,0),(10070,'K6','93',0,NULL,0,0),(10071,'K7','93',0,NULL,0,0),(10072,'K8','93',0,NULL,0,0),(10073,'K9','93',0,NULL,0,0),(10074,'K10','93',0,NULL,0,0),(10075,'K11','93',0,NULL,0,0),(10076,'A1','94',0,NULL,0,0),(10077,'A2','94',0,NULL,0,0),(10078,'A3','94',0,NULL,0,0),(10079,'A4','94',0,NULL,0,0),(10080,'A5','94',0,NULL,0,0),(10081,'A6','94',0,NULL,0,0),(10082,'A7','94',0,NULL,0,0),(10083,'A8','94',0,NULL,0,0),(10084,'A9','94',0,NULL,0,0),(10085,'A10','94',0,NULL,0,0),(10086,'A11','94',0,NULL,0,0),(10087,'B1','94',0,NULL,0,0),(10088,'B2','94',0,NULL,0,0),(10089,'B3','94',0,NULL,0,0),(10090,'B4','94',0,NULL,0,0),(10091,'B5','94',0,NULL,0,0),(10092,'B6','94',0,NULL,0,0),(10093,'B7','94',0,NULL,0,0),(10094,'B8','94',0,NULL,0,0),(10095,'B9','94',0,NULL,0,0),(10096,'B10','94',0,NULL,0,0),(10097,'B11','94',0,NULL,0,0),(10098,'C1','94',0,NULL,0,0),(10099,'C2','94',0,NULL,0,0),(10100,'C3','94',0,NULL,0,0),(10101,'C4','94',0,NULL,0,0),(10102,'C5','94',0,NULL,0,0),(10103,'C6','94',0,NULL,0,0),(10104,'C7','94',0,NULL,0,0),(10105,'C8','94',0,NULL,0,0),(10106,'C9','94',0,NULL,0,0),(10107,'C10','94',0,NULL,0,0),(10108,'C11','94',0,NULL,0,0),(10109,'D1','94',0,NULL,0,0),(10110,'D2','94',0,NULL,0,0),(10111,'D3','94',0,NULL,0,0),(10112,'D4','94',0,NULL,0,0),(10113,'D5','94',0,NULL,0,0),(10114,'D6','94',0,NULL,0,0),(10115,'D7','94',0,NULL,0,0),(10116,'D8','94',0,NULL,0,0),(10117,'D9','94',0,NULL,0,0),(10118,'D10','94',0,NULL,0,0),(10119,'D11','94',0,NULL,0,0),(10120,'E1','94',0,NULL,0,0),(10121,'E2','94',0,NULL,0,0),(10122,'E3','94',0,NULL,0,0),(10123,'E4','94',0,NULL,0,0),(10124,'E5','94',0,NULL,0,0),(10125,'E6','94',0,NULL,0,0),(10126,'E7','94',0,NULL,0,0),(10127,'E8','94',0,NULL,0,0),(10128,'E9','94',0,NULL,0,0),(10129,'E10','94',0,NULL,0,0),(10130,'E11','94',0,NULL,0,0),(10131,'F1','94',0,NULL,0,0),(10132,'F2','94',0,NULL,0,0),(10133,'F3','94',0,NULL,0,0),(10134,'F4','94',0,NULL,0,0),(10135,'F5','94',0,NULL,0,0),(10136,'F6','94',0,NULL,0,0),(10137,'F7','94',0,NULL,0,0),(10138,'F8','94',0,NULL,0,0),(10139,'F9','94',0,NULL,0,0),(10140,'F10','94',0,NULL,0,0),(10141,'F11','94',0,NULL,0,0),(10142,'G1','94',0,NULL,0,0),(10143,'G2','94',0,NULL,0,0),(10144,'G3','94',0,NULL,0,0),(10145,'G4','94',0,NULL,0,0),(10146,'G5','94',0,NULL,0,0),(10147,'G6','94',0,NULL,0,0),(10148,'G7','94',0,NULL,0,0),(10149,'G8','94',0,NULL,0,0),(10150,'G9','94',0,NULL,0,0),(10151,'G10','94',0,NULL,0,0),(10152,'G11','94',0,NULL,0,0),(10153,'H1','94',0,NULL,0,0),(10154,'H2','94',0,NULL,0,0),(10155,'H3','94',0,NULL,0,0),(10156,'H4','94',0,NULL,0,0),(10157,'H5','94',0,NULL,0,0),(10158,'H6','94',0,NULL,0,0),(10159,'H7','94',0,NULL,0,0),(10160,'H8','94',0,NULL,0,0),(10161,'H9','94',0,NULL,0,0),(10162,'H10','94',0,NULL,0,0),(10163,'H11','94',0,NULL,0,0),(10164,'I1','94',0,NULL,0,0),(10165,'I2','94',0,NULL,0,0),(10166,'I3','94',0,NULL,0,0),(10167,'I4','94',0,NULL,0,0),(10168,'I5','94',0,NULL,0,0),(10169,'I6','94',0,NULL,0,0),(10170,'I7','94',0,NULL,0,0),(10171,'I8','94',0,NULL,0,0),(10172,'I9','94',0,NULL,0,0),(10173,'I10','94',0,NULL,0,0),(10174,'I11','94',0,NULL,0,0),(10175,'J1','94',0,NULL,0,0),(10176,'J2','94',0,NULL,0,0),(10177,'J3','94',0,NULL,0,0),(10178,'J4','94',0,NULL,0,0),(10179,'J5','94',0,NULL,0,0),(10180,'J6','94',0,NULL,0,0),(10181,'J7','94',0,NULL,0,0),(10182,'J8','94',0,NULL,0,0),(10183,'J9','94',0,NULL,0,0),(10184,'J10','94',0,NULL,0,0),(10185,'J11','94',0,NULL,0,0),(10186,'K1','94',0,NULL,0,0),(10187,'K2','94',0,NULL,0,0),(10188,'K3','94',0,NULL,0,0),(10189,'K4','94',0,NULL,0,0),(10190,'K5','94',0,NULL,0,0),(10191,'K6','94',0,NULL,0,0),(10192,'K7','94',0,NULL,0,0),(10193,'K8','94',0,NULL,0,0),(10194,'K9','94',0,NULL,0,0),(10195,'K10','94',0,NULL,0,0),(10196,'K11','94',0,NULL,0,0),(10197,'A1','95',0,NULL,0,0),(10198,'A2','95',0,NULL,0,0),(10199,'A3','95',0,NULL,0,0),(10200,'A4','95',0,NULL,0,0),(10201,'A5','95',0,NULL,0,0),(10202,'A6','95',0,NULL,0,0),(10203,'A7','95',0,NULL,0,0),(10204,'A8','95',0,NULL,0,0),(10205,'A9','95',0,NULL,0,0),(10206,'A10','95',0,NULL,0,0),(10207,'A11','95',0,NULL,0,0),(10208,'B1','95',0,NULL,0,0),(10209,'B2','95',0,NULL,0,0),(10210,'B3','95',0,NULL,0,0),(10211,'B4','95',0,NULL,0,0),(10212,'B5','95',0,NULL,0,0),(10213,'B6','95',0,NULL,0,0),(10214,'B7','95',0,NULL,0,0),(10215,'B8','95',0,NULL,0,0),(10216,'B9','95',0,NULL,0,0),(10217,'B10','95',0,NULL,0,0),(10218,'B11','95',0,NULL,0,0),(10219,'C1','95',0,NULL,0,0),(10220,'C2','95',0,NULL,0,0),(10221,'C3','95',0,NULL,0,0),(10222,'C4','95',0,NULL,0,0),(10223,'C5','95',0,NULL,0,0),(10224,'C6','95',0,NULL,0,0),(10225,'C7','95',0,NULL,0,0),(10226,'C8','95',0,NULL,0,0),(10227,'C9','95',0,NULL,0,0),(10228,'C10','95',0,NULL,0,0),(10229,'C11','95',0,NULL,0,0),(10230,'D1','95',0,NULL,0,0),(10231,'D2','95',0,NULL,0,0),(10232,'D3','95',0,NULL,0,0),(10233,'D4','95',0,NULL,0,0),(10234,'D5','95',0,NULL,0,0),(10235,'D6','95',0,NULL,0,0),(10236,'D7','95',0,NULL,0,0),(10237,'D8','95',0,NULL,0,0),(10238,'D9','95',0,NULL,0,0),(10239,'D10','95',0,NULL,0,0),(10240,'D11','95',0,NULL,0,0),(10241,'E1','95',0,NULL,0,0),(10242,'E2','95',0,NULL,0,0),(10243,'E3','95',0,NULL,0,0),(10244,'E4','95',0,NULL,0,0),(10245,'E5','95',0,NULL,0,0),(10246,'E6','95',0,NULL,0,0),(10247,'E7','95',0,NULL,0,0),(10248,'E8','95',0,NULL,0,0),(10249,'E9','95',0,NULL,0,0),(10250,'E10','95',0,NULL,0,0),(10251,'E11','95',0,NULL,0,0),(10252,'F1','95',0,NULL,0,0),(10253,'F2','95',0,NULL,0,0),(10254,'F3','95',0,NULL,0,0),(10255,'F4','95',0,NULL,0,0),(10256,'F5','95',0,NULL,0,0),(10257,'F6','95',0,NULL,0,0),(10258,'F7','95',0,NULL,0,0),(10259,'F8','95',0,NULL,0,0),(10260,'F9','95',0,NULL,0,0),(10261,'F10','95',0,NULL,0,0),(10262,'F11','95',0,NULL,0,0),(10263,'G1','95',0,NULL,0,0),(10264,'G2','95',0,NULL,0,0),(10265,'G3','95',0,NULL,0,0),(10266,'G4','95',0,NULL,0,0),(10267,'G5','95',0,NULL,0,0),(10268,'G6','95',0,NULL,0,0),(10269,'G7','95',0,NULL,0,0),(10270,'G8','95',0,NULL,0,0),(10271,'G9','95',0,NULL,0,0),(10272,'G10','95',0,NULL,0,0),(10273,'G11','95',0,NULL,0,0),(10274,'H1','95',0,NULL,0,0),(10275,'H2','95',0,NULL,0,0),(10276,'H3','95',0,NULL,0,0),(10277,'H4','95',0,NULL,0,0),(10278,'H5','95',0,NULL,0,0),(10279,'H6','95',0,NULL,0,0),(10280,'H7','95',0,NULL,0,0),(10281,'H8','95',0,NULL,0,0),(10282,'H9','95',0,NULL,0,0),(10283,'H10','95',0,NULL,0,0),(10284,'H11','95',0,NULL,0,0),(10285,'I1','95',0,NULL,0,0),(10286,'I2','95',0,NULL,0,0),(10287,'I3','95',0,NULL,0,0),(10288,'I4','95',0,NULL,0,0),(10289,'I5','95',0,NULL,0,0),(10290,'I6','95',0,NULL,0,0),(10291,'I7','95',0,NULL,0,0),(10292,'I8','95',0,NULL,0,0),(10293,'I9','95',0,NULL,0,0),(10294,'I10','95',0,NULL,0,0),(10295,'I11','95',0,NULL,0,0),(10296,'J1','95',0,NULL,0,0),(10297,'J2','95',0,NULL,0,0),(10298,'J3','95',0,NULL,0,0),(10299,'J4','95',0,NULL,0,0),(10300,'J5','95',0,NULL,0,0),(10301,'J6','95',0,NULL,0,0),(10302,'J7','95',0,NULL,0,0),(10303,'J8','95',0,NULL,0,0),(10304,'J9','95',0,NULL,0,0),(10305,'J10','95',0,NULL,0,0),(10306,'J11','95',0,NULL,0,0),(10307,'K1','95',0,NULL,0,0),(10308,'K2','95',0,NULL,0,0),(10309,'K3','95',0,NULL,0,0),(10310,'K4','95',0,NULL,0,0),(10311,'K5','95',0,NULL,0,0),(10312,'K6','95',0,NULL,0,0),(10313,'K7','95',0,NULL,0,0),(10314,'K8','95',0,NULL,0,0),(10315,'K9','95',0,NULL,0,0),(10316,'K10','95',0,NULL,0,0),(10317,'K11','95',0,NULL,0,0),(10318,'G9','48',1,1412,0,0),(10319,'G10','48',1,1413,0,0),(10320,'G11','48',1,1414,0,0),(10321,'I10','48',1,1419,0,0),(10322,'H9','48',1,1424,0,0),(10323,'H10','48',1,1423,0,0),(10324,'H11','48',1,1422,0,0),(10325,'F9','48',1,1439,0,0),(10326,'F10','48',1,185,0,0),(10327,'F11','48',1,172,0,0),(10328,'F12','48',1,1441,0,0),(10329,'F13','48',1,1427,0,0),(10330,'I9','48',1,1436,0,0),(10331,'I11','48',1,1438,0,0),(10332,'D10','48',1,141,0,0),(10333,'D11','48',1,1460,0,0),(10334,'E9','48',1,609,0,0),(10335,'E10','48',1,601,0,0),(10336,'E11','48',1,1461,0,0);
/*!40000 ALTER TABLE `compartment_objects` ENABLE KEYS */;
UNLOCK TABLES;

--
-- Table structure for table `container_objects`
--

DROP TABLE IF EXISTS `container_objects`;
/*!40101 SET @saved_cs_client     = @@character_set_client */;
/*!50503 SET character_set_client = utf8mb4 */;
CREATE TABLE `container_objects` (
  `container_id` int NOT NULL AUTO_INCREMENT,
  `container_name_long` varchar(255) DEFAULT NULL,
  `container_name_short` varchar(255) DEFAULT NULL,
  PRIMARY KEY (`container_id`)
) ENGINE=InnoDB AUTO_INCREMENT=42 DEFAULT CHARSET=utf8mb4 COLLATE=utf8mb4_0900_ai_ci;
/*!40101 SET character_set_client = @saved_cs_client */;

--
-- Dumping data for table `container_objects`
--

LOCK TABLES `container_objects` WRITE;
/*!40000 ALTER TABLE `container_objects` DISABLE KEYS */;
INSERT INTO `container_objects` VALUES (37,'Toologic 01','S01'),(38,'Hochregal','HR'),(39,'SchrankDrehen2','SD02'),(40,'Toologic 02','S02'),(41,'Toologic 03','S03');
/*!40000 ALTER TABLE `container_objects` ENABLE KEYS */;
UNLOCK TABLES;

--
-- Table structure for table `culture_objects`
--

DROP TABLE IF EXISTS `culture_objects`;
/*!40101 SET @saved_cs_client     = @@character_set_client */;
/*!50503 SET character_set_client = utf8mb4 */;
CREATE TABLE `culture_objects` (
  `culture_id` int NOT NULL,
  `culture_name` varchar(255) DEFAULT NULL,
  `culture_code` varchar(45) DEFAULT NULL,
  PRIMARY KEY (`culture_id`)
) ENGINE=InnoDB DEFAULT CHARSET=utf8mb4 COLLATE=utf8mb4_0900_ai_ci;
/*!40101 SET character_set_client = @saved_cs_client */;

--
-- Dumping data for table `culture_objects`
--

LOCK TABLES `culture_objects` WRITE;
/*!40000 ALTER TABLE `culture_objects` DISABLE KEYS */;
INSERT INTO `culture_objects` VALUES (1,'','bg-BG'),(2,'','zh-CN'),(3,'dansk','da-DK'),(4,'Deutsch','de-DE'),(5,'English','en-US'),(6,'eesti keel','et-EE'),(7,'suomi','fi-FI'),(8,'Franais','fr-FR'),(9,'','el-GR'),(10,'Bahasa Indonesia','id-ID'),(11,'italiano','it-IT'),(12,'','ja-JP'),(13,'Korean','ko-KR'),(14,'Latvieu','lv-LV'),(15,'Lietuvi','lt-LT'),(16,'Nederlands','nl-NL'),(17,'norsk','nb-NO'),(18,'polski','pl-PL'),(19,'portugus','pt-PT'),(20,'Portugus (Brasil)','pt-BR'),(21,'','ru-RU'),(22,'svenska','sv-SE'),(23,'Slovenski','sl-SI'),(24,'Slovakia','sk-SK'),(25,'Espaol','es-ES'),(26,'etina','cs-CZ'),(27,'Trke','tr-TR'),(28,'','uk-UA'),(29,'Magyar','hu-HU');
/*!40000 ALTER TABLE `culture_objects` ENABLE KEYS */;
UNLOCK TABLES;

--
-- Table structure for table `currency`
--

DROP TABLE IF EXISTS `currency`;
/*!40101 SET @saved_cs_client     = @@character_set_client */;
/*!50503 SET character_set_client = utf8mb4 */;
CREATE TABLE `currency` (
  `currency_id` int NOT NULL AUTO_INCREMENT,
  `currency_name` varchar(45) DEFAULT NULL,
  `currency_code` varchar(45) DEFAULT NULL,
  `currency_numeric_code` int DEFAULT NULL,
  `curreny_symbol` varchar(45) DEFAULT NULL,
  `currency_isDefault` tinyint(1) DEFAULT NULL,
  PRIMARY KEY (`currency_id`)
) ENGINE=InnoDB AUTO_INCREMENT=280 DEFAULT CHARSET=utf8mb4 COLLATE=utf8mb4_0900_ai_ci;
/*!40101 SET character_set_client = @saved_cs_client */;

--
-- Dumping data for table `currency`
--

LOCK TABLES `currency` WRITE;
/*!40000 ALTER TABLE `currency` DISABLE KEYS */;
INSERT INTO `currency` VALUES (1,'Afghani','AFN',971,'',0),(2,'Euro','EUR',978,'',1),(3,'Lek','ALL',8,'',0),(4,'Algerian Dinar','DZD',12,'',0),(5,'US Dollar','USD',840,'',0),(6,'Euro','EUR',978,'',0),(7,'Kwanza','AOA',973,'',0),(8,'East Caribbean Dollar','XCD',951,'',0),(10,'East Caribbean Dollar','XCD',951,'',0),(11,'Argentine Peso','ARS',32,'',0),(12,'Armenian Dram','AMD',51,'',0),(13,'Aruban Florin','AWG',533,'',0),(14,'Australian Dollar','AUD',36,'',0),(15,'Euro','EUR',978,'',0),(16,'Azerbaijan Manat','AZN',944,'',0),(17,'Bahamian Dollar','BSD',44,'',0),(18,'Bahraini Dinar','BHD',48,'',0),(19,'Taka','BDT',50,'',0),(20,'Barbados Dollar','BBD',52,'',0),(21,'Belarusian Ruble','BYN',933,'',0),(22,'Euro','EUR',978,'',0),(23,'Belize Dollar','BZD',84,'',0),(24,'CFA Franc BCEAO','XOF',952,'',0),(25,'Bermudian Dollar','BMD',60,'',0),(26,'Indian Rupee','INR',356,'',0),(27,'Ngultrum','BTN',64,'',0),(28,'Boliviano','BOB',68,'',0),(29,'Mvdol','BOV',984,'',0),(30,'US Dollar','USD',840,'',0),(31,'Convertible Mark','BAM',977,'',0),(32,'Pula','BWP',72,'',0),(33,'Norwegian Krone','NOK',578,'',0),(34,'Brazilian Real','BRL',986,'',0),(35,'US Dollar','USD',840,'',0),(36,'Brunei Dollar','BND',96,'',0),(37,'Bulgarian Lev','BGN',975,'',0),(38,'CFA Franc BCEAO','XOF',952,'',0),(39,'Burundi Franc','BIF',108,'',0),(40,'Cabo Verde Escudo','CVE',132,'',0),(41,'Riel','KHR',116,'',0),(42,'CFA Franc BEAC','XAF',950,'',0),(43,'Canadian Dollar','CAD',124,'',0),(44,'Cayman Islands Dollar','KYD',136,'',0),(45,'CFA Franc BEAC','XAF',950,'',0),(46,'CFA Franc BEAC','XAF',950,'',0),(47,'Chilean Peso','CLP',152,'',0),(48,'Unidad de Fomento','CLF',990,'',0),(49,'Yuan Renminbi','CNY',156,'',0),(50,'Australian Dollar','AUD',36,'',0),(51,'Australian Dollar','AUD',36,'',0),(52,'Colombian Peso','COP',170,'',0),(53,'Unidad de Valor Real','COU',970,'',0),(54,'Comorian Franc','KMF',174,'',0),(55,'Congolese Franc','CDF',976,'',0),(56,'CFA Franc BEAC','XAF',950,'',0),(57,'New Zealand Dollar','NZD',554,'',0),(58,'Costa Rican Colon','CRC',188,'',0),(59,'CFA Franc BCEAO','XOF',952,'',0),(60,'Kuna','HRK',191,'',0),(61,'Cuban Peso','CUP',192,'',0),(62,'Peso Convertible','CUC',931,'',0),(63,'Netherlands Antillean Guilder','ANG',532,'',0),(64,'Euro','EUR',978,'',0),(65,'Czech Koruna','CZK',203,'',0),(66,'Danish Krone','DKK',208,'',0),(67,'Djibouti Franc','DJF',262,'',0),(68,'East Caribbean Dollar','XCD',951,'',0),(69,'Dominican Peso','DOP',214,'',0),(70,'US Dollar','USD',840,'',0),(71,'Egyptian Pound','EGP',818,'',0),(72,'El Salvador Colon','SVC',222,'',0),(73,'US Dollar','USD',840,'',0),(74,'CFA Franc BEAC','XAF',950,'',0),(75,'Nakfa','ERN',232,'',0),(76,'Euro','EUR',978,'',0),(77,'Lilangeni','SZL',748,'',0),(78,'Ethiopian Birr','ETB',230,'',0),(79,'Euro','EUR',978,'',0),(80,'Falkland Islands Pound','FKP',238,'',0),(81,'Danish Krone','DKK',208,'',0),(82,'Fiji Dollar','FJD',242,'',0),(83,'Euro','EUR',978,'',0),(84,'Euro','EUR',978,'',0),(85,'Euro','EUR',978,'',0),(86,'CFP Franc','XPF',953,'',0),(87,'Euro','EUR',978,'',0),(88,'CFA Franc BEAC','XAF',950,'',0),(89,'Dalasi','GMD',270,'',0),(90,'Lari','GEL',981,'',0),(91,'Euro','EUR',978,'',0),(92,'Ghana Cedi','GHS',936,'',0),(93,'Gibraltar Pound','GIP',292,'',0),(94,'Euro','EUR',978,'',0),(95,'Danish Krone','DKK',208,'',0),(96,'East Caribbean Dollar','XCD',951,'',0),(97,'Euro','EUR',978,'',0),(98,'US Dollar','USD',840,'',0),(99,'Quetzal','GTQ',320,'',0),(100,'Pound Sterling','GBP',826,'',0),(101,'Guinean Franc','GNF',324,'',0),(102,'CFA Franc BCEAO','XOF',952,'',0),(103,'Guyana Dollar','GYD',328,'',0),(104,'Gourde','HTG',332,'',0),(105,'US Dollar','USD',840,'',0),(106,'Australian Dollar','AUD',36,'',0),(107,'Euro','EUR',978,'',0),(108,'Lempira','HNL',340,'',0),(109,'Hong Kong Dollar','HKD',344,'',0),(110,'Forint','HUF',348,'',0),(111,'Iceland Krona','ISK',352,'',0),(112,'Indian Rupee','INR',356,'',0),(113,'Rupiah','IDR',360,'',0),(114,'SDR (Special Drawing Right)','XDR',960,'',0),(115,'Iranian Rial','IRR',364,'',0),(116,'Iraqi Dinar','IQD',368,'',0),(117,'Euro','EUR',978,'',0),(118,'Pound Sterling','GBP',826,'',0),(119,'New Israeli Sheqel','ILS',376,'',0),(120,'Euro','EUR',978,'',0),(121,'Jamaican Dollar','JMD',388,'',0),(122,'Yen','JPY',392,'',0),(123,'Pound Sterling','GBP',826,'',0),(124,'Jordanian Dinar','JOD',400,'',0),(125,'Tenge','KZT',398,'',0),(126,'Kenyan Shilling','KES',404,'',0),(127,'Australian Dollar','AUD',36,'',0),(128,'North Korean Won','KPW',408,'',0),(129,'Won','KRW',410,'',0),(130,'Kuwaiti Dinar','KWD',414,'',0),(131,'Som','KGS',417,'',0),(132,'Lao Kip','LAK',418,'',0),(133,'Euro','EUR',978,'',0),(134,'Lebanese Pound','LBP',422,'',0),(135,'Loti','LSL',426,'',0),(136,'Rand','ZAR',710,'',0),(137,'Liberian Dollar','LRD',430,'',0),(138,'Libyan Dinar','LYD',434,'',0),(139,'Swiss Franc','CHF',756,'',0),(140,'Euro','EUR',978,'',0),(141,'Euro','EUR',978,'',0),(142,'Pataca','MOP',446,'',0),(143,'Denar','MKD',807,'',0),(144,'Malagasy Ariary','MGA',969,'',0),(145,'Malawi Kwacha','MWK',454,'',0),(146,'Malaysian Ringgit','MYR',458,'',0),(147,'Rufiyaa','MVR',462,'',0),(148,'CFA Franc BCEAO','XOF',952,'',0),(149,'Euro','EUR',978,'',0),(150,'US Dollar','USD',840,'',0),(151,'Euro','EUR',978,'',0),(152,'Ouguiya','MRU',929,'',0),(153,'Mauritius Rupee','MUR',480,'',0),(154,'Euro','EUR',978,'',0),(155,'ADB Unit of Account','XUA',965,'',0),(156,'Mexican Peso','MXN',484,'',0),(157,'Mexican Unidad de Inversion (UDI)','MXV',979,'',0),(158,'US Dollar','USD',840,'',0),(159,'Moldovan Leu','MDL',498,'',0),(160,'Euro','EUR',978,'',0),(161,'Tugrik','MNT',496,'',0),(162,'Euro','EUR',978,'',0),(163,'East Caribbean Dollar','XCD',951,'',0),(164,'Moroccan Dirham','MAD',504,'',0),(165,'Mozambique Metical','MZN',943,'',0),(166,'Kyat','MMK',104,'',0),(167,'Namibia Dollar','NAD',516,'',0),(168,'Rand','ZAR',710,'',0),(169,'Australian Dollar','AUD',36,'',0),(170,'Nepalese Rupee','NPR',524,'',0),(171,'Euro','EUR',978,'',0),(172,'CFP Franc','XPF',953,'',0),(173,'New Zealand Dollar','NZD',554,'',0),(174,'Cordoba Oro','NIO',558,'',0),(175,'CFA Franc BCEAO','XOF',952,'',0),(176,'Naira','NGN',566,'',0),(177,'New Zealand Dollar','NZD',554,'',0),(178,'Australian Dollar','AUD',36,'',0),(179,'US Dollar','USD',840,'',0),(180,'Norwegian Krone','NOK',578,'',0),(181,'Rial Omani','OMR',512,'',0),(182,'Pakistan Rupee','PKR',586,'',0),(183,'US Dollar','USD',840,'',0),(185,'Balboa','PAB',590,'',0),(186,'US Dollar','USD',840,'',0),(187,'Kina','PGK',598,'',0),(188,'Guarani','PYG',600,'',0),(189,'Sol','PEN',604,'',0),(190,'Philippine Peso','PHP',608,'',0),(191,'New Zealand Dollar','NZD',554,'',0),(192,'Zloty','PLN',985,'',0),(193,'Euro','EUR',978,'',0),(194,'US Dollar','USD',840,'',0),(195,'Qatari Rial','QAR',634,'',0),(196,'Euro','EUR',978,'',0),(197,'Romanian Leu','RON',946,'',0),(198,'Russian Ruble','RUB',643,'',0),(199,'Rwanda Franc','RWF',646,'',0),(200,'Euro','EUR',978,'',0),(201,'Saint Helena Pound','SHP',654,'',0),(202,'East Caribbean Dollar','XCD',951,'',0),(203,'East Caribbean Dollar','XCD',951,'',0),(204,'Euro','EUR',978,'',0),(205,'Euro','EUR',978,'',0),(206,'East Caribbean Dollar','XCD',951,'',0),(207,'Tala','WST',882,'',0),(208,'Euro','EUR',978,'',0),(209,'Dobra','STN',930,'',0),(210,'Saudi Riyal','SAR',682,'',0),(211,'CFA Franc BCEAO','XOF',952,'',0),(212,'Serbian Dinar','RSD',941,'',0),(213,'Seychelles Rupee','SCR',690,'',0),(214,'Leone','SLL',694,'',0),(215,'Singapore Dollar','SGD',702,'',0),(216,'Netherlands Antillean Guilder','ANG',532,'',0),(217,'Sucre','XSU',994,'',0),(218,'Euro','EUR',978,'',0),(219,'Euro','EUR',978,'',0),(220,'Solomon Islands Dollar','SBD',90,'',0),(221,'Somali Shilling','SOS',706,'',0),(222,'Rand','ZAR',710,'',0),(224,'South Sudanese Pound','SSP',728,'',0),(225,'Euro','EUR',978,'',0),(226,'Sri Lanka Rupee','LKR',144,'',0),(227,'Sudanese Pound','SDG',938,'',0),(228,'Surinam Dollar','SRD',968,'',0),(229,'Norwegian Krone','NOK',578,'',0),(230,'Swedish Krona','SEK',752,'',0),(231,'Swiss Franc','CHF',756,'',0),(232,'WIR Euro','CHE',947,'',0),(233,'WIR Franc','CHW',948,'',0),(234,'Syrian Pound','SYP',760,'',0),(235,'New Taiwan Dollar','TWD',901,'',0),(236,'Somoni','TJS',972,'',0),(237,'Tanzanian Shilling','TZS',834,'',0),(238,'Baht','THB',764,'',0),(239,'US Dollar','USD',840,'',0),(240,'CFA Franc BCEAO','XOF',952,'',0),(241,'New Zealand Dollar','NZD',554,'',0),(242,'Pa\'anga','TOP',776,'',0),(243,'Trinidad and Tobago Dollar','TTD',780,'',0),(244,'Tunisian Dinar','TND',788,'',0),(245,'Turkish Lira','TRY',949,'',0),(246,'Turkmenistan New Manat','TMT',934,'',0),(247,'US Dollar','USD',840,'',0),(248,'Australian Dollar','AUD',36,'',0),(249,'Uganda Shilling','UGX',800,'',0),(250,'Hryvnia','UAH',980,'',0),(251,'UAE Dirham','AED',784,'',0),(252,'Pound Sterling','GBP',826,'',0),(253,'US Dollar','USD',840,'',0),(254,'US Dollar','USD',840,'',0),(255,'US Dollar (Next day)','USN',997,'',0),(256,'Peso Uruguayo','UYU',858,'',0),(257,'Uruguay Peso en Unidades Indexadas (UI)','UYI',940,'',0),(258,'Unidad Previsional','UYW',927,'',0),(259,'Uzbekistan Sum','UZS',860,'',0),(260,'Vatu','VUV',548,'',0),(261,'Bolvar Soberano','VES',928,'',0),(262,'Dong','VND',704,'',0),(263,'US Dollar','USD',840,'',0),(264,'US Dollar','USD',840,'',0),(265,'CFP Franc','XPF',953,'',0),(266,'Moroccan Dirham','MAD',504,'',0),(267,'Yemeni Rial','YER',886,'',0),(268,'Zambian Kwacha','ZMW',967,'',0),(269,'Zimbabwe Dollar','ZWL',932,'',0),(276,'Gold','XAU',959,'',0),(277,'Palladium','XPD',964,'',0),(278,'Platinum','XPT',962,'',0),(279,'Silver','XAG',961,'',0);
/*!40000 ALTER TABLE `currency` ENABLE KEYS */;
UNLOCK TABLES;

--
-- Table structure for table `customer_objects`
--

DROP TABLE IF EXISTS `customer_objects`;
/*!40101 SET @saved_cs_client     = @@character_set_client */;
/*!50503 SET character_set_client = utf8mb4 */;
CREATE TABLE `customer_objects` (
  `customer_id` int NOT NULL,
  `customer_company_id` varchar(45) DEFAULT '0',
  `customer_name` varchar(255) DEFAULT NULL,
  `customer_adress` varchar(255) DEFAULT NULL,
  `customer_postcode` varchar(255) DEFAULT NULL,
  `customer_city` varchar(255) DEFAULT NULL,
  `customer_country` varchar(255) DEFAULT NULL,
  `customer_website` varchar(255) DEFAULT NULL,
  `customer_phone` varchar(255) DEFAULT NULL,
  `customer_mail` varchar(255) DEFAULT NULL,
  `customer_contact` varchar(255) DEFAULT NULL,
  PRIMARY KEY (`customer_id`)
) ENGINE=InnoDB DEFAULT CHARSET=utf8mb4 COLLATE=utf8mb4_0900_ai_ci;
/*!40101 SET character_set_client = @saved_cs_client */;

--
-- Dumping data for table `customer_objects`
--

LOCK TABLES `customer_objects` WRITE;
/*!40000 ALTER TABLE `customer_objects` DISABLE KEYS */;
/*!40000 ALTER TABLE `customer_objects` ENABLE KEYS */;
UNLOCK TABLES;

--
-- Table structure for table `dbinfo`
--

DROP TABLE IF EXISTS `dbinfo`;
/*!40101 SET @saved_cs_client     = @@character_set_client */;
/*!50503 SET character_set_client = utf8mb4 */;
CREATE TABLE `dbinfo` (
  `id` int NOT NULL,
  `dbinfo_key` varchar(45) DEFAULT NULL,
  `dbinfo_value` int DEFAULT NULL,
  PRIMARY KEY (`id`)
) ENGINE=InnoDB DEFAULT CHARSET=utf8mb4 COLLATE=utf8mb4_0900_ai_ci;
/*!40101 SET character_set_client = @saved_cs_client */;

--
-- Dumping data for table `dbinfo`
--

LOCK TABLES `dbinfo` WRITE;
/*!40000 ALTER TABLE `dbinfo` DISABLE KEYS */;
INSERT INTO `dbinfo` VALUES (1,'version',0);
/*!40000 ALTER TABLE `dbinfo` ENABLE KEYS */;
UNLOCK TABLES;

--
-- Table structure for table `drawer_objects`
--

DROP TABLE IF EXISTS `drawer_objects`;
/*!40101 SET @saved_cs_client     = @@character_set_client */;
/*!50503 SET character_set_client = utf8mb4 */;
CREATE TABLE `drawer_objects` (
  `drawer_id` int NOT NULL AUTO_INCREMENT,
  `drawer_name` varchar(255) DEFAULT NULL,
  `container_id` int DEFAULT NULL,
  PRIMARY KEY (`drawer_id`)
) ENGINE=InnoDB AUTO_INCREMENT=96 DEFAULT CHARSET=utf8mb4 COLLATE=utf8mb4_0900_ai_ci;
/*!40101 SET character_set_client = @saved_cs_client */;

--
-- Dumping data for table `drawer_objects`
--

LOCK TABLES `drawer_objects` WRITE;
/*!40000 ALTER TABLE `drawer_objects` DISABLE KEYS */;
INSERT INTO `drawer_objects` VALUES (48,'L01',37),(50,'L07',39),(51,'L08',39),(52,'L09',39),(55,'L03',37),(56,'L04',37),(57,'L05',37),(58,'L06',37),(59,'L07',37),(60,'L08',37),(61,'L09',37),(62,'L10',37),(63,'L01',40),(64,'L02',40),(65,'L03',40),(66,'L04',40),(67,'L05',40),(68,'L06',40),(69,'L07',40),(70,'L08',40),(71,'L09',40),(72,'L01',41),(73,'L02',41),(74,'L03',41),(75,'L04',41),(76,'L05',41),(77,'L06',41),(78,'L07',41),(79,'L08',41),(80,'L09',41),(81,'L05',39),(82,'L04',39),(83,'L03',39),(84,'L02',39),(85,'L01',39),(86,'L06',39),(87,'L10',39),(88,'L11',39),(89,'L12',39),(90,'L13',39),(91,'L14',39),(92,'L15',39),(93,'L16',39),(94,'L17',39),(95,'L18',39);
/*!40000 ALTER TABLE `drawer_objects` ENABLE KEYS */;
UNLOCK TABLES;

--
-- Table structure for table `filter1_names`
--

DROP TABLE IF EXISTS `filter1_names`;
/*!40101 SET @saved_cs_client     = @@character_set_client */;
/*!50503 SET character_set_client = utf8mb4 */;
CREATE TABLE `filter1_names` (
  `filter_id` int NOT NULL,
  `name` varchar(45) DEFAULT NULL,
  PRIMARY KEY (`filter_id`)
) ENGINE=InnoDB DEFAULT CHARSET=utf8mb4 COLLATE=utf8mb4_0900_ai_ci;
/*!40101 SET character_set_client = @saved_cs_client */;

--
-- Dumping data for table `filter1_names`
--

LOCK TABLES `filter1_names` WRITE;
/*!40000 ALTER TABLE `filter1_names` DISABLE KEYS */;
INSERT INTO `filter1_names` VALUES (0,'10 Spiral-Bohrer VHM'),(1,'11 Reibahlen'),(2,'12 NC-Anbohrer'),(3,'13 Senker'),(4,'14 Zentrierbohrer'),(5,'15 Sonderbohrer '),(6,'16 Wendeschneidplatten Bohren'),(7,'17 Vollbohrer '),(8,'20 Schaftfrser VHM'),(9,'21 Fasenfrser VHM'),(10,'22 Radienfrser'),(11,'23 Sonderfrser'),(12,'24 Gewindefrsen'),(13,'25 Plattenfrser / Halter'),(14,'26 Schneidplatte Frsen'),(15,'27 Schaftfrser HSS'),(16,'40 Gewinde-Schneiden-M'),(17,'41 Gewinde-Schneiden-MF'),(18,'42 Gewinde-Formen'),(19,'43 Gewinde-Schneiden-M-Links'),(20,'44 Gewinde-Schneiden-Z'),(21,'45 Gewinde-Schneiden-ZF'),(22,'50 Wendeschneidplatten Drehen'),(23,'60 Drehen Halter'),(24,'80 Messmittel'),(25,'90 Betriebsmittel'),(26,'92 ESPERA Werkzeuge&Prfmittel'),(27,'92 ESPERA Werkzeuge');
/*!40000 ALTER TABLE `filter1_names` ENABLE KEYS */;
UNLOCK TABLES;

--
-- Table structure for table `filter2_names`
--

DROP TABLE IF EXISTS `filter2_names`;
/*!40101 SET @saved_cs_client     = @@character_set_client */;
/*!50503 SET character_set_client = utf8mb4 */;
CREATE TABLE `filter2_names` (
  `filter_id` int NOT NULL,
  `name` varchar(45) DEFAULT NULL,
  PRIMARY KEY (`filter_id`)
) ENGINE=InnoDB DEFAULT CHARSET=utf8mb4 COLLATE=utf8mb4_0900_ai_ci;
/*!40101 SET character_set_client = @saved_cs_client */;

--
-- Dumping data for table `filter2_names`
--

LOCK TABLES `filter2_names` WRITE;
/*!40000 ALTER TABLE `filter2_names` DISABLE KEYS */;
INSERT INTO `filter2_names` VALUES (0,'03,00 - 03,90'),(1,'04,00 - 04,90'),(2,'05,00 - 05,90'),(3,'06,00 - 06,90'),(4,'07,00 - 07,90'),(5,'08,00 - 08,90'),(6,'09,00 - 09,90'),(7,'10,00 - 10,90'),(8,'11,00 - 12,80'),(9,'13,00 - 19,00'),(10,'00,50 - 01,90'),(11,'02,00 - 02,90'),(12,'HSS'),(13,'VHM'),(14,'08,30'),(15,'10,40'),(16,'15,00'),(17,'16,50'),(18,'Form A'),(19,'Einlippenbohrer'),(20,'Flachbohrer'),(21,'Spiral-Bohrer HSS'),(22,'Kanonenbohrer'),(23,'Mitsubishi'),(24,'ISCAR'),(25,'KOMET'),(26,'KORLOY'),(27,'WIDA'),(28,'13,0'),(29,'17,0'),(30,'18,0'),(31,'19,0'),(32,'20,0'),(33,'21,0'),(34,'16,0'),(35,'22,0'),(36,'14,00'),(37,'26,0'),(38,'28,0'),(39,'30,0'),(40,'38,0'),(41,'44,0'),(42,'55,0'),(43,'36,0'),(44,'40,0'),(45,'27,0'),(46,'37,0'),(47,'06,0-07,5'),(48,'10,0-12,0'),(49,'08,0-09,5'),(50,'14,0-20,0'),(52,'00,5-02,5'),(53,'Diverse Winkelfrser'),(54,'Verstellbar'),(55,'Stichel'),(56,'90'),(57,'60'),(58,'Kugelfrser'),(59,'Viertelkreisfrser'),(60,'Ausboher'),(61,'Diverse Alte Messerkpfe'),(62,'Diverse Schruppfrser'),(63,'Winkelfrser'),(64,'Eckenradius'),(65,'Schlitzfrser'),(66,'Vor- und Rckentgrater'),(67,'Metrisch'),(68,'Zllig'),(69,'Jongen'),(70,'Horn'),(71,'CARMEX'),(72,'Karl Deutsch'),(73,'Sartorius'),(74,'Simtek'),(75,'Spindeln'),(76,'08,0 - 08,90'),(77,'M14'),(78,'M16'),(79,'M20'),(80,'M24'),(81,'M31'),(82,'M01.6'),(84,'M06'),(85,'M12'),(86,'M07'),(87,'M10'),(88,'M03'),(89,'M04'),(90,'M05'),(91,'M08'),(92,'M02'),(93,'M10 x 0.50'),(94,'M10 x 0.75'),(95,'M10 x 1.25'),(96,'M12 x 0.75'),(97,'M12 x 1.00'),(98,'M12 x 1.50'),(99,'M14 x 1.00'),(100,'M16 x 1.50'),(101,'M05 x 0.50'),(102,'M06 x 0.50'),(103,'M08 x 0.50'),(104,'M08 x 0.75'),(105,'M08 x 1.0'),(106,'M10 x 1.00'),(107,'M04 x 0.50'),(108,'M42x1.5'),(109,'M12x1'),(110,'M14x1'),(111,'M14x1.5'),(112,'M15x1'),(113,'M15x1.5'),(114,'M16x1'),(115,'M18x1'),(116,'M18x1.5'),(117,'M20x1'),(118,'M20x1.5'),(119,'M22x1'),(120,'M22x1.5'),(121,'M25x1.5'),(122,'M30x1.5'),(123,'M52x1.5'),(124,'M08x1.5'),(125,'M09x0.75'),(126,'M02.5'),(127,'M30x1.5 '),(129,'G 1/4 Zoll'),(130,'G 1'),(131,'G 1/2'),(132,'G 1/4'),(133,'G 1/8'),(134,'G 3/4'),(135,'G 3/8'),(136,'5/16 Zoll'),(137,'1/4 Zoll'),(138,'01 Schruppen'),(139,'02 Schlichten'),(140,'03 Gewinde'),(141,'04 Stechen'),(142,'05 Nuten Stoen'),(143,'06 Schneideinsatz'),(144,'07 Rndeln'),(145,'08 Bohr-Drehwerkzeuge'),(146,'09 Ersatzteile'),(147,'Innen'),(148,'Auen'),(149,'Reduzierhlse'),(150,'3-Punkt-Messschraube'),(151,'Gewindelehrring Metrisch'),(152,'Bgelmessschraube'),(153,'Gewindelehrdorn'),(154,'Gewindelehrring Zllig'),(155,'Gewindelehrring'),(156,'Grenzlehrdorn'),(157,'Tiefenma'),(158,'Handschuhe'),(159,'Batterien'),(160,'Sgebltter'),(161,'Diverses'),(162,'Taster'),(163,'Schleifen'),(164,'Entgraten'),(165,'Messen'),(166,'Sonderwerkzeuge'),(167,'Sonderprfmittel'),(168,'Vorrichtung'),(169,'Rinaldi'),(170,'Gewinde'),(171,'GHRING'),(172,'Ratiobohrer'),(173,'Spiralbohrer');
/*!40000 ALTER TABLE `filter2_names` ENABLE KEYS */;
UNLOCK TABLES;

--
-- Table structure for table `filter3_names`
--

DROP TABLE IF EXISTS `filter3_names`;
/*!40101 SET @saved_cs_client     = @@character_set_client */;
/*!50503 SET character_set_client = utf8mb4 */;
CREATE TABLE `filter3_names` (
  `filter_id` int NOT NULL,
  `name` varchar(45) DEFAULT NULL,
  PRIMARY KEY (`filter_id`)
) ENGINE=InnoDB DEFAULT CHARSET=utf8mb4 COLLATE=utf8mb4_0900_ai_ci;
/*!40101 SET character_set_client = @saved_cs_client */;

--
-- Dumping data for table `filter3_names`
--

LOCK TABLES `filter3_names` WRITE;
/*!40000 ALTER TABLE `filter3_names` DISABLE KEYS */;
INSERT INTO `filter3_names` VALUES (0,'03,0'),(1,'03,10'),(2,'03,30'),(3,'03,60'),(4,'03,70'),(5,'03,80'),(7,'04,4'),(8,'04,7'),(9,'05,2'),(10,'05,3'),(11,'05,7'),(12,'05,8'),(13,'05,9'),(14,'06,1'),(15,'06,4'),(17,'06,6'),(18,'07,1'),(19,'07,2'),(20,'07,3'),(22,'07,6'),(23,'07,8'),(24,'07,9'),(25,'08,1'),(26,'08,4'),(28,'09,2'),(29,'09,4'),(30,'09,6'),(31,'09,7'),(32,'09,9'),(33,'10,3'),(34,'10,5'),(35,'10,8'),(36,'11,2'),(37,'11,5'),(39,'12,5'),(40,'12,8'),(42,'05,55'),(43,'10,6'),(44,'10,9'),(45,'11,6'),(47,'03,20'),(48,'03,50'),(50,'04,9'),(52,'05,1'),(53,'05,4'),(55,'05,6'),(56,'06,2'),(57,'06,3'),(58,'06,7'),(59,'06,9'),(61,'07,4'),(63,'08,8'),(64,'08,9'),(66,'09,8'),(68,'10,2'),(69,'11,0'),(70,'11,8'),(71,'12,2'),(72,'14,2'),(73,'04,65'),(75,'01,1'),(76,'01,2'),(77,'01,4'),(78,'01,80'),(79,'01,9'),(81,'02,3'),(82,'02,4'),(84,'00,95'),(85,'01,3'),(86,'01,45'),(88,'01,55'),(89,'01,70'),(90,'01,85'),(91,'02,2'),(92,'02,55'),(96,'03,40'),(97,'14,3'),(98,'09,25'),(99,'13,3'),(100,'10,1'),(101,'06,02'),(102,'06,03'),(103,'06,32'),(104,'06,33'),(107,'02,6'),(109,'04,6'),(110,'07,7'),(111,'08,6'),(112,'02,98'),(113,'03,01'),(114,'03,02'),(115,'03,98'),(116,'04,01'),(117,'04,02'),(118,'04,98'),(119,'04,99'),(120,'05,02'),(121,'05,98'),(122,'05,99'),(123,'07,98'),(124,'08,01'),(125,'09,98'),(126,'10,01'),(127,'10,02'),(128,'04,03'),(129,'01,60'),(131,'04,2'),(132,'07,938'),(134,'06,8'),(135,'WOHL (GF)'),(136,'WOHL (SW)'),(137,'WOHL'),(138,'WCMX'),(139,'WOEX (HP)'),(140,'WOEX (PW)'),(141,'SPMT'),(142,'LPGX'),(143,'2D'),(144,'3D'),(145,'4D'),(146,'5D'),(147,'06,75'),(148,'10,0'),(149,'12,0'),(150,'06,0'),(152,'04,0'),(153,'02,0'),(154,'00,5'),(155,'01,0'),(156,'05,0'),(157,'09,0'),(158,'02,5'),(159,'05,5'),(160,'06,5'),(161,'04,5'),(162,'04,8'),(163,'08,7'),(164,'09,5'),(165,'01,59'),(166,'01,5'),(167,'07,5'),(168,'08,5'),(169,'Ds=20'),(170,'Ds=25'),(171,'90 Grad'),(172,'60 Grad'),(173,'15,0'),(174,'M04'),(175,'M06'),(176,'13,50 x 4,00'),(177,'22,50 x 6,00'),(178,'P=0.70'),(179,'P=0.75'),(180,'P=1.00'),(181,'P=0.50'),(182,'P=0.80'),(183,'P=1.25'),(184,'P=1.50'),(185,'P=1.75'),(186,'P=2.00'),(187,'27 NPT'),(188,'19 Gang'),(189,'18 Gang'),(190,'11 Gang'),(191,'14 Gang'),(192,'P=0.25'),(193,'G1/16 - G1/8'),(194,'P=0.40'),(195,'Aufsteckfrser'),(196,'Weldon'),(197,'Einschraubfrser'),(198,'Frserschaft'),(199,'Frsstangen'),(200,'Halter Gewindeplatte Gerade'),(201,'B05-61'),(202,'B18-249'),(203,'B28-428'),(204,'B18-49'),(205,'B21-63'),(206,'B21-64'),(207,'B31-723'),(208,'B17-75'),(209,'B17-76'),(210,'B13-79'),(211,'L01-282'),(212,'L01-82'),(213,'P=2.50'),(214,'P=4.50'),(215,'A11-640'),(216,'C07-410'),(217,'C07-610'),(218,'A10-528'),(219,'P=3.00'),(220,'Nuten'),(221,'Stirn'),(222,'Ersatzteil'),(223,'T-Nuten'),(224,'Wohlhaupter'),(225,'P1-1.75'),(226,'Uni'),(227,'VA'),(228,'Alu'),(229,'Stahl'),(230,'C - Geometrie'),(231,'D - Geometrie'),(232,'Innen (SIMTEK)'),(233,'Innen (HORN)'),(234,'Aussen/Abstechen'),(235,'Form: AA'),(236,'Form: B30'),(237,'Form: B45'),(238,'VA u Stahl'),(239,'Schraube'),(241,'Bohr-Drehwerkzeug'),(242,'Bohstange'),(243,'Klemmhalter'),(244,'Klemmhalter Typ 106'),(245,'Rndeln'),(246,'25 D 16'),(247,'10-12mm'),(248,'12-16mm'),(249,'16-20mm'),(250,'25-30mm'),(251,'30-35mm'),(252,'40-50mm'),(253,'8-10mm'),(254,'M60X1.5'),(255,'0-25'),(256,'25-50'),(257,'50-75'),(258,'75-100'),(259,'Metrisch Fein'),(260,'M22X2 4h'),(261,'Metrisch Fein LINKS'),(262,'M06X0.75'),(263,'M08X1'),(264,'M10X0.75'),(265,'M24X1'),(266,'M24X1.5'),(267,'M34X1 '),(268,'M36X1.5'),(269,'M28X1.5'),(270,'M35X1.5'),(271,'M30X2'),(272,'M30X1.5 LINKS'),(273,'M48X1.5'),(274,'M50X1.5'),(275,'M27'),(276,'M30X1.5 4H '),(277,'M52X2'),(278,'M75X1.5'),(279,'M60X2'),(280,'M10X1'),(281,'R 1/4 Zoll'),(282,'R 3/8 Zoll'),(283,'R 1 Zoll'),(284,'R 1 1/4 Zoll'),(285,'R 1 1/2 Zoll'),(286,'R 1 3/4 Zoll'),(287,'R 2 Zoll'),(288,'M24x2'),(289,'M30 x 3.5'),(290,'NPT 1/4 Zoll'),(291,'NPT 1/2 Zoll'),(292,'NPT 3/4 Zoll'),(293,'M22X2 6h'),(295,'13,5'),(296,'25,0'),(299,'21,0'),(300,'24,0'),(301,'30,0'),(304,'07,0'),(305,'08,0'),(308,'11.0'),(309,'13,0'),(310,'14,0'),(312,'16,0'),(313,'17,0'),(314,'18,0'),(315,'19,0'),(316,'20,0'),(317,'22,0'),(318,'23,0'),(319,'26,0'),(320,'27,0'),(321,'28,0'),(322,'32,0'),(323,'33,0'),(324,'34,0'),(325,'35,0'),(326,'36,0'),(327,'37,0'),(328,'38,0'),(329,'40,0'),(330,'42,0'),(331,'43,0'),(332,'44,0'),(333,'47,0'),(334,'50,0'),(335,'55,0'),(336,'60,0'),(337,'M22'),(338,'0-15mm'),(339,'0-30mm'),(340,'PU Schutzhandschuhe '),(341,'CR1632'),(342,'CR2016'),(343,'LR44 - L1154 - AG13 - SR 58'),(344,'AA LR6 1.5V'),(345,'Diverse'),(346,'CR2032'),(347,'D 1,5V Mono'),(348,'C LR14 1,5V Baby'),(349,'LS 14250 3,6V Renishaw'),(350,'AAA LR03 1,5V'),(351,'C LR14 1,5V AKKU Baby'),(352,'Diverse Drehplatten'),(353,'Diverse Werkzeuge'),(354,'Ersatztaster Renishaw Drehmaschine'),(355,'Messspitzen'),(356,'Flex-Hohn-Brste'),(357,'Gabeln'),(358,'Rotierende Klingen'),(359,'Schleifband endlos'),(360,'undefined'),(361,'Knux'),(362,'Sonder-, Super- und Titanlegierungen'),(363,'V - Geometrie'),(364,'W - Geometrie'),(365,'Stechen'),(366,'15,35'),(367,'A13-19'),(368,'D - Geomertie'),(369,'03,15'),(370,'XOMT'),(371,'SPKX'),(372,'03,90'),(373,'09,3'),(374,'11,9'),(375,'Grundplatten'),(376,'Spannhebel'),(377,'6.900'),(378,'berlauf'),(379,' '),(380,'Innen'),(381,'Ausen'),(382,'Simtek'),(383,'Horn'),(384,'Ghring'),(385,'02.1'),(386,'06.0'),(387,'03,50'),(389,'04,1'),(390,'04,3'),(391,'08,3'),(392,'R=1.5'),(393,'R=4.0'),(394,'R=3.0'),(395,'R=2.0'),(396,'R=2.5'),(397,'08,2'),(398,'09,1'),(399,'02,7'),(400,'2,7'),(401,'02,7');
/*!40000 ALTER TABLE `filter3_names` ENABLE KEYS */;
UNLOCK TABLES;

--
-- Table structure for table `filter4_names`
--

DROP TABLE IF EXISTS `filter4_names`;
/*!40101 SET @saved_cs_client     = @@character_set_client */;
/*!50503 SET character_set_client = utf8mb4 */;
CREATE TABLE `filter4_names` (
  `filter_id` int NOT NULL,
  `name` varchar(45) DEFAULT NULL,
  PRIMARY KEY (`filter_id`)
) ENGINE=InnoDB DEFAULT CHARSET=utf8mb4 COLLATE=utf8mb4_0900_ai_ci;
/*!40101 SET character_set_client = @saved_cs_client */;

--
-- Dumping data for table `filter4_names`
--

LOCK TABLES `filter4_names` WRITE;
/*!40000 ALTER TABLE `filter4_names` DISABLE KEYS */;
INSERT INTO `filter4_names` VALUES (0,'3xD'),(1,'5xD'),(2,'8xD'),(3,'4xD'),(4,'12xD'),(5,'7xD'),(6,'25xD'),(7,'H7'),(8,'20xD'),(9,'35xD'),(10,'100xD'),(11,'10xD'),(12,'IK'),(13,'Gre 06'),(14,'Gre 08'),(15,'Gre 05'),(16,'Gre 07'),(17,'VA/Uni'),(18,'00,2'),(19,'R03.0'),(20,'R04.0'),(21,'R00.75'),(22,'R01.5'),(23,'R02.0'),(24,'R07.0'),(25,'R00.4'),(26,'R00.5'),(27,'R08.0'),(28,'R10.0'),(29,'R11.0'),(30,'R13.0'),(31,'R15.0'),(32,'R02.5'),(33,'R05.0'),(34,'R01.0'),(35,'R06.0'),(36,'45'),(37,'R0.8'),(38,'kurz'),(39,'R02,0'),(40,'Bohrgewindefrser'),(41,'Innen & Aussen'),(42,'Innen '),(43,'Multigewindefrser'),(44,'40.0'),(45,'63.0'),(46,'50.0'),(47,'30.0'),(48,'25.0'),(49,'20.0'),(50,'32.0'),(51,'10.0'),(52,'12.0'),(53,'14.0'),(54,'16.0'),(55,'11,0'),(56,'Guss'),(57,'CPT - Halter'),(58,'A 14.00'),(59,'B5.00'),(60,'B6.00'),(61,'B1.30'),(62,'B3.00'),(63,'B4.00'),(64,'B1.40'),(65,'B1.10'),(66,'B1.50'),(67,'B2.00'),(68,'B4.90'),(69,'27.7'),(70,'F020'),(71,'F211'),(72,'06 er'),(73,'11 er'),(74,'lang'),(75,'Sackloch'),(76,'Durchgangsloch'),(77,'Sack/Durchgang'),(78,'G09'),(79,'G06'),(80,'G12'),(81,'G04'),(82,'G11'),(83,'G15'),(84,'G07'),(85,'G16'),(86,'Trapez'),(87,'Dmin=08.0'),(88,'Dmin=09.0'),(89,'Dmin=11.0'),(90,'Dmin=14.0'),(91,'Gerade'),(92,'Radius'),(93,'B1.00'),(94,'R1.5'),(95,'Planfilterhalter'),(96,'B1.20'),(97,'B1.70'),(98,'Nut b=1.2'),(99,'B02.98'),(100,'B03.97'),(101,'Dmin=15.5'),(102,'P=1.2 '),(103,'P=1.0 '),(104,'P=0.6 '),(105,'P=1.2'),(106,'Gre 04'),(107,'Gre 10'),(108,'XCNT Gr. 10'),(109,'TE3'),(110,'15,5'),(111,'12,5'),(112,'19,5'),(113,'Analog'),(114,'Digital'),(115,'M42X1.5 AUSSCHU'),(116,'M52X2.0 AUSSCHU'),(117,'AUSSCHU'),(118,'M12X0.75'),(119,'M16X1.0'),(120,'M20X1.0'),(121,'M24X1.0'),(122,'M25X1.5'),(123,'M30X1.5'),(124,'M32X1.5'),(125,'M34X1.5'),(126,'M16X1.5'),(127,'M18X1.5'),(128,'M19X1.5'),(129,'M22X1.5'),(130,'M28X1.5'),(131,'M35X1.5'),(132,'M48X1.5'),(133,'M60X2.0'),(134,'M56X2.0'),(135,'M42X1.5 GUT'),(136,'M52X2.0 GUT'),(137,'GUT'),(138,'GUT LINKS'),(139,'N7'),(140,'M07'),(141,'H9'),(142,'E7'),(143,'H8'),(144,'F7'),(145,'G7'),(146,'M05X0.5'),(147,'M08X1.0'),(148,'M30'),(149,'07,0'),(150,'4.26-4.75'),(151,'2.2-2.4'),(152,'2.4-2.6'),(153,'2.80 - 3.18'),(154,'3.96-4.36'),(155,'4.74 - 5.15'),(156,'5.15 - 5.56'),(157,'6.35-6.76'),(158,'7.95 - 8.33'),(159,'8.33 - 8.71'),(160,'8.71 - 9.11'),(161,'10mm'),(162,'L'),(163,'G08'),(164,'Sonderlegierung'),(165,'08'),(166,'30xD'),(167,'Gre 03'),(168,'Schrg'),(169,'Plattengr. D14'),(170,'Plattengr. D16'),(171,'Plattengr. D11'),(172,'Plattengr. D08'),(173,'11IR'),(174,'Universal'),(175,'R'),(176,'Dmin=11,0'),(177,'Dmin=10'),(178,'Dmin=8,0'),(179,'Dmin=10.5'),(180,'Dmin=7.8'),(181,'D=8'),(182,'Gedralt'),(183,'W-Halter'),(184,' '),(185,'Metrisch'),(186,'Zllig'),(187,'ALU'),(188,'09,99'),(189,'15xD');
/*!40000 ALTER TABLE `filter4_names` ENABLE KEYS */;
UNLOCK TABLES;

--
-- Table structure for table `filter5_names`
--

DROP TABLE IF EXISTS `filter5_names`;
/*!40101 SET @saved_cs_client     = @@character_set_client */;
/*!50503 SET character_set_client = utf8mb4 */;
CREATE TABLE `filter5_names` (
  `filter_id` int NOT NULL,
  `name` varchar(45) DEFAULT NULL,
  PRIMARY KEY (`filter_id`)
) ENGINE=InnoDB DEFAULT CHARSET=utf8mb4 COLLATE=utf8mb4_0900_ai_ci;
/*!40101 SET character_set_client = @saved_cs_client */;

--
-- Dumping data for table `filter5_names`
--

LOCK TABLES `filter5_names` WRITE;
/*!40000 ALTER TABLE `filter5_names` DISABLE KEYS */;
INSERT INTO `filter5_names` VALUES (0,'ohne Ik'),(1,'mit Ik'),(2,'Kegelaufnahme'),(3,'Zylinderschaft'),(4,'Blank'),(5,'Bweschichtet'),(6,'abgestetzt'),(7,'Higspeed Lang kurze Schneide'),(8,'Schlichtfrser'),(9,'6 x D'),(10,'Schruppen'),(11,'2 x D'),(12,'extra lang'),(13,'Z=4'),(14,'Abgerundet'),(15,'Z4'),(16,'Mehrzahn'),(17,'B31'),(18,'A10-525'),(19,'B03-73'),(20,'B21-63 lang'),(21,'B31-63'),(22,'20 lang'),(23,'40 lang'),(24,'45 lang'),(25,'50 lang'),(26,'B3'),(27,'R=0,4'),(28,'R=1.0'),(29,'R=0.2'),(30,'R=0.8'),(31,'R=1.2'),(32,'R=0.6'),(33,'Oval'),(34,'R=5.0'),(35,'Planfrser'),(36,'21.70'),(37,'28.00'),(38,'35.70'),(39,'22.00'),(40,'SS 1,8-1'),(41,'SS 2,5-1'),(42,'Stahl / Alu'),(43,'Stahl / VA / Titan'),(44,'PC9030'),(45,'Normal'),(46,'berlauf'),(47,'Extra stark'),(48,'Extra stark mit IK'),(49,'R0.4'),(50,'R1.2'),(51,'R0.2'),(52,'P0.80'),(53,'P0.35'),(54,'P0.50'),(55,'P0.70'),(56,'P1.25'),(57,'P1.50'),(58,'P1.75'),(59,'11 W'),(60,'14 W'),(61,'18 W'),(62,'19 W'),(63,'TR 2.0'),(64,'P2.00'),(65,'P2.50'),(66,'P3.00'),(67,'P3.50'),(68,'P4.00'),(69,'P4.50'),(70,'P5.00'),(71,'P5.50'),(72,'P1.00'),(73,'8 W'),(74,'TR 4.0'),(75,'TR 5.0'),(76,'P1.00-P1.25'),(77,'B3.0'),(78,'B6.0'),(79,'B3.1'),(80,'B4.1'),(81,'R1.0'),(82,'R1.5'),(83,'B4.0'),(84,'B1.2'),(85,'B2.15'),(86,'B=0.7'),(87,'B1.60'),(88,'B2.0'),(89,'tmax=0.80'),(90,'tmax=1.80'),(91,'B1.00 '),(92,'R0.80 (Kurz)'),(93,'R0.40'),(94,'R0.20'),(95,'D4'),(96,'Kurz ST'),(97,'Mittel HM'),(98,'Lang HM'),(99,'Korn 120'),(100,'Korn 180'),(101,'Beidhndig'),(102,'120'),(103,'R0.5'),(104,'R3.0'),(105,'R2.5'),(106,'TR 3.0'),(107,'Rechtshnder'),(108,'B3.00 '),(109,'R=0.5'),(110,' '),(111,'B=1.2'),(112,'3xD'),(113,'5xD'),(114,'8xD'),(115,'12xD'),(116,'Kurz'),(117,'R0.8');
/*!40000 ALTER TABLE `filter5_names` ENABLE KEYS */;
UNLOCK TABLES;

--
-- Table structure for table `floor_group_item_relations`
--

DROP TABLE IF EXISTS `floor_group_item_relations`;
/*!40101 SET @saved_cs_client     = @@character_set_client */;
/*!50503 SET character_set_client = utf8mb4 */;
CREATE TABLE `floor_group_item_relations` (
  `id` int NOT NULL,
  `item_id` varchar(45) DEFAULT NULL,
  `group_id` varchar(45) DEFAULT NULL,
  `item_quantity` varchar(45) DEFAULT NULL,
  PRIMARY KEY (`id`)
) ENGINE=InnoDB DEFAULT CHARSET=utf8mb4 COLLATE=utf8mb4_0900_ai_ci;
/*!40101 SET character_set_client = @saved_cs_client */;

--
-- Dumping data for table `floor_group_item_relations`
--

LOCK TABLES `floor_group_item_relations` WRITE;
/*!40000 ALTER TABLE `floor_group_item_relations` DISABLE KEYS */;
/*!40000 ALTER TABLE `floor_group_item_relations` ENABLE KEYS */;
UNLOCK TABLES;

--
-- Table structure for table `floor_group_objects`
--

DROP TABLE IF EXISTS `floor_group_objects`;
/*!40101 SET @saved_cs_client     = @@character_set_client */;
/*!50503 SET character_set_client = utf8mb4 */;
CREATE TABLE `floor_group_objects` (
  `id` varchar(45) NOT NULL,
  `floor_id` varchar(45) DEFAULT NULL,
  `group_id` varchar(45) DEFAULT NULL,
  PRIMARY KEY (`id`)
) ENGINE=InnoDB DEFAULT CHARSET=utf8mb4 COLLATE=utf8mb4_0900_ai_ci;
/*!40101 SET character_set_client = @saved_cs_client */;

--
-- Dumping data for table `floor_group_objects`
--

LOCK TABLES `floor_group_objects` WRITE;
/*!40000 ALTER TABLE `floor_group_objects` DISABLE KEYS */;
/*!40000 ALTER TABLE `floor_group_objects` ENABLE KEYS */;
UNLOCK TABLES;

--
-- Table structure for table `floor_objects`
--

DROP TABLE IF EXISTS `floor_objects`;
/*!40101 SET @saved_cs_client     = @@character_set_client */;
/*!50503 SET character_set_client = utf8mb4 */;
CREATE TABLE `floor_objects` (
  `floor_id` int NOT NULL,
  `floor_name` varchar(45) DEFAULT NULL,
  `floor_quantity` varchar(45) DEFAULT NULL,
  PRIMARY KEY (`floor_id`)
) ENGINE=InnoDB DEFAULT CHARSET=utf8mb4 COLLATE=utf8mb4_0900_ai_ci;
/*!40101 SET character_set_client = @saved_cs_client */;

--
-- Dumping data for table `floor_objects`
--

LOCK TABLES `floor_objects` WRITE;
/*!40000 ALTER TABLE `floor_objects` DISABLE KEYS */;
/*!40000 ALTER TABLE `floor_objects` ENABLE KEYS */;
UNLOCK TABLES;

--
-- Table structure for table `group_objects`
--

DROP TABLE IF EXISTS `group_objects`;
/*!40101 SET @saved_cs_client     = @@character_set_client */;
/*!50503 SET character_set_client = utf8mb4 */;
CREATE TABLE `group_objects` (
  `group_id` int NOT NULL,
  `group_name` varchar(45) DEFAULT NULL,
  `group_quantity` varchar(45) DEFAULT NULL,
  PRIMARY KEY (`group_id`)
) ENGINE=InnoDB DEFAULT CHARSET=utf8mb4 COLLATE=utf8mb4_0900_ai_ci;
/*!40101 SET character_set_client = @saved_cs_client */;

--
-- Dumping data for table `group_objects`
--

LOCK TABLES `group_objects` WRITE;
/*!40000 ALTER TABLE `group_objects` DISABLE KEYS */;
/*!40000 ALTER TABLE `group_objects` ENABLE KEYS */;
UNLOCK TABLES;

--
-- Table structure for table `history_log`
--

DROP TABLE IF EXISTS `history_log`;
/*!40101 SET @saved_cs_client     = @@character_set_client */;
/*!50503 SET character_set_client = utf8mb4 */;
CREATE TABLE `history_log` (
  `history_id` int NOT NULL AUTO_INCREMENT,
  `item_id` varchar(255) DEFAULT NULL,
  `item_quantity` int DEFAULT NULL,
  `item_location_old` varchar(255) DEFAULT NULL,
  `item_location_new` varchar(255) DEFAULT NULL,
  `old_zone` int DEFAULT '0',
  `new_zone` int DEFAULT '0',
  `action_id` int DEFAULT NULL,
  `user_id` varchar(255) DEFAULT NULL,
  `createdAt` datetime DEFAULT NULL,
  `updatedAt` datetime DEFAULT NULL,
  `show_trigger` tinyint DEFAULT NULL,
  PRIMARY KEY (`history_id`)
) ENGINE=InnoDB AUTO_INCREMENT=525 DEFAULT CHARSET=utf8mb4 COLLATE=utf8mb4_0900_ai_ci;
/*!40101 SET character_set_client = @saved_cs_client */;

--
-- Dumping data for table `history_log`
--

LOCK TABLES `history_log` WRITE;
/*!40000 ALTER TABLE `history_log` DISABLE KEYS */;
INSERT INTO `history_log` VALUES (337,'5510 3.000',1,'S01:L01:A8','',0,0,1,'rs','2024-07-01 15:28:48','2024-07-01 15:28:48',1),(338,'WNMG 060404-PF 4425',1,'SD02:L09:B3','',0,0,1,'1507','2024-07-31 09:33:51','2024-07-31 09:33:51',1),(339,'WNMG 060404-PF 4425',1,'SD02:L09:B3','',0,0,1,'1507','2024-08-01 15:14:46','2024-08-01 15:14:46',1),(340,'105.0512.3968 TN35',3,'SD02:L07:E9','',0,0,1,'Lange','2024-08-02 12:22:46','2024-08-02 12:22:46',1),(341,'R105.1019.005.4.4 TH35',1,'SD02:L07:C10','',0,0,1,'Lange','2024-08-19 09:45:19','2024-08-19 09:45:19',1),(342,'CPT 16 ER 11 W BMA',1,'SD02:L07:B3','',0,0,1,'1507','2024-08-20 08:13:32','2024-08-20 08:13:32',1),(343,'DCMT 070204 PM 4425',1,'SD02:L09:D5','',0,0,1,'1507','2024-08-27 11:14:14','2024-08-27 11:14:14',1),(344,'WNMG 060404-PF 4425',1,'SD02:L09:B3','',0,0,1,'1507','2024-08-28 10:13:54','2024-08-28 10:13:54',1),(345,'DCMT 11T304-HMP CC2500 ALU',1,'SD02:L08:F2','',0,0,1,'1507','2024-09-11 08:24:51','2024-09-11 08:24:51',1),(346,'DCMT 070204 PM 4425',1,'SD02:L09:D5','',0,0,1,'1507','2024-09-11 11:47:55','2024-09-11 11:47:55',1),(347,'DCMT 070204 PM 4425',1,'SD02:L09:D5','',0,0,1,'1507','2024-09-12 08:29:05','2024-09-12 08:29:05',1),(348,'6859 6.000',1,'S01:L06:G11','',0,0,1,'Cammaroto','2024-09-12 10:33:58','2024-09-12 10:33:58',1),(349,'CCMT 09T304 PM 4335',1,'SD02:L09:B6','',0,0,1,'1507','2024-09-13 07:59:58','2024-09-13 07:59:58',1),(350,'CCMT 09T304 PM 4335',1,'SD02:L09:B6','',0,0,1,'1507','2024-09-16 09:19:14','2024-09-16 09:19:14',1),(351,'VCGT 160402 AL K10',1,'SD02:L07:J9','',0,0,1,'1507','2024-09-17 10:21:24','2024-09-17 10:21:24',1),(352,'DCMT 11T304-MM 2220',1,'SD02:L09:D1','',0,0,1,'1507','2024-09-17 12:10:54','2024-09-17 12:10:54',1),(353,'DNMG 150604-MF 2025',1,'SD02:L08:K1','',0,0,1,'1507','2024-09-18 15:09:42','2024-09-18 15:09:42',1),(354,'26601 22.020',1,'SD02:L07:I5','',0,0,1,'1507','2024-09-19 14:14:51','2024-09-19 14:14:51',1),(355,'CCMT 060204-MM 2015',1,'SD02:L09:B4','',0,0,1,'1507','2024-09-25 08:58:00','2024-09-25 08:58:00',1),(356,'CCMT 060204-PM 4425',1,'SD02:L09:A7','',0,0,1,'1507','2024-09-25 09:42:17','2024-09-25 09:42:17',1),(357,'WNMG 080408-MM 2220',1,'SD02:L09:A4','',0,0,1,'1507','2024-09-25 10:14:26','2024-09-25 10:14:26',1),(358,'DNMG150608PM4335',1,'SD02:L07:H2','',0,0,1,'1507','2024-09-26 07:37:43','2024-09-26 07:37:43',1),(359,'CNMG 120408 PR 4425',1,'SD02:L08:D8','',0,0,1,'1507','2024-09-26 11:01:11','2024-09-26 11:01:11',1),(360,'WNMG080408-PF 4425',1,'SD02:L07:J2','',0,0,1,'1507','2024-09-26 11:28:01','2024-09-26 11:28:01',1),(361,'WNMG 080408-PM 4425',1,'SD02:L07:J10','',0,0,1,'1507','2024-09-27 08:46:51','2024-09-27 08:46:51',1),(362,'WNMG 080408-PM 4425',1,'SD02:L07:J10','',0,0,1,'1507','2024-10-07 08:53:05','2024-10-07 08:53:05',1),(363,'25084 4.012',3,'SD02:L09:A8','',0,0,1,'1507','2024-10-08 08:15:21','2024-10-08 08:15:21',1),(364,'XCMT 060204-EN RT300',1,'SD02:L07:H4','',0,0,1,'1507','2024-10-08 08:53:12','2024-10-08 08:53:12',1),(365,'25084 4.012',2,'SD02:L09:A8','',0,0,1,'1507','2024-10-08 10:21:12','2024-10-08 10:21:12',1),(366,'XCNT 10T304-EN CTPP 430',1,'SD02:L09:C4','',0,0,1,'1507','2024-10-14 09:25:30','2024-10-14 09:25:30',1),(367,'WNMG 080408-MM 2220',1,'SD02:L09:A4','',0,0,1,'1507','2024-10-15 10:01:10','2024-10-15 10:01:10',1),(368,'XCNT 10T304-EN CTPP 430',1,'SD02:L09:C4','',0,0,1,'1507','2024-10-15 11:38:39','2024-10-15 11:38:39',1),(369,'CCMT 060204-PM 4425',1,'SD02:L09:A7','',0,0,1,'1507','2024-10-15 13:20:05','2024-10-15 13:20:05',1),(370,'27290 8.003',1,'SD02:L09:B8','',0,0,1,'Cammaroto','2024-10-15 13:37:30','2024-10-15 13:37:30',1),(371,'DCMT 070204 PM 4425',3,'SD02:L09:D5','',0,0,1,'1507','2024-10-16 11:18:15','2024-10-16 11:18:15',1),(372,'R105.0150.2.6 TN35',1,'SD02:L07:F4','',0,0,1,'Cammaroto','2024-10-16 14:28:32','2024-10-16 14:28:32',1),(373,'XCMT 050204-EN RT300',1,'SD02:L07:C2','',0,0,1,'Cammaroto','2024-10-17 08:18:41','2024-10-17 08:18:41',1),(374,'27290 8.003',1,'SD02:L09:B8','',0,0,1,'Lange','2024-10-17 08:49:25','2024-10-17 08:49:25',1),(375,'27208 8320',2,'SD02:L09:D7','',0,0,1,'1507','2024-10-17 10:07:55','2024-10-17 10:07:55',1),(376,'XCMT 050204-EN RT300',1,'SD02:L07:C2','',0,0,1,'Cammaroto','2024-10-17 10:10:33','2024-10-17 10:10:33',1),(377,'R105.0150.2.6 TN35',1,'SD02:L07:F4','',0,0,1,'Cammaroto','2024-10-17 10:38:29','2024-10-17 10:38:29',1),(378,'XCMT 050204-EN RT300',1,'SD02:L07:C2','',0,0,1,'Cammaroto','2024-10-17 14:09:49','2024-10-17 14:09:49',1),(379,'26601 22.020',1,'SD02:L07:I5','',0,0,1,'Cammaroto','2024-10-18 07:54:28','2024-10-18 07:54:28',1),(380,'XCNT 050204-EN CTPP 430',1,'SD02:L09:C2','',0,0,1,'Cammaroto','2024-10-18 10:29:01','2024-10-18 10:29:01',1),(381,'27208 8320',2,'SD02:L09:D7','',0,0,1,'1507','2024-10-21 09:47:19','2024-10-21 09:47:19',1),(382,'26601 22.030',4,'SD02:L09:F2','',0,0,1,'Lange','2024-10-23 14:29:29','2024-10-23 14:29:29',1),(383,'26601 22.020',1,'SD02:L07:I5','',0,0,1,'Lange','2024-10-23 14:36:39','2024-10-23 14:36:39',1),(384,'DCMT 11T304-PM 4425',4,'SD02:L09:A6','',0,0,1,'Cammaroto','2024-10-25 08:25:45','2024-10-25 08:25:45',1),(385,'DCMT 11T304-MM 2220',1,'SD02:L09:D1','',0,0,1,'Cammaroto','2024-10-25 11:20:15','2024-10-25 11:20:15',1),(386,'CPT 16 ER 1.25 ISO BMA',2,'SD02:L08:I10','',0,0,1,'1507','2024-10-29 10:59:55','2024-10-29 10:59:55',1),(387,'DCMT 11T304-PM 4425',1,'SD02:L09:A6','',0,0,1,'Cammaroto','2024-10-29 12:23:10','2024-10-29 12:23:10',1),(388,'DCMT 070204 PM 4425',1,'SD02:L09:D5','',0,0,1,'Cammaroto','2024-10-29 12:52:05','2024-10-29 12:52:05',1),(389,'26601 22.030',1,'SD02:L09:F2','',0,0,1,'Cammaroto','2024-10-30 08:18:13','2024-10-30 08:18:13',1),(390,'XCNT 10T304-EN CTPP 430',3,'SD02:L09:C4','',0,0,1,'Cammaroto','2024-10-30 08:33:03','2024-10-30 08:33:03',1),(391,'CCMT 060204-PM 4425',1,'SD02:L09:A7','',0,0,1,'1507','2024-10-30 09:46:35','2024-10-30 09:46:35',1),(392,'DCMT 11T304-MM 2220',1,'SD02:L09:D1','',0,0,1,'Cammaroto','2024-10-30 10:04:29','2024-10-30 10:04:29',1),(393,'WNMG 080408-MM 2220',1,'SD02:L09:A4','',0,0,1,'Cammaroto','2024-11-04 07:50:35','2024-11-04 07:50:35',1),(394,'KORLOY CCGT060204-AK H01',1,'SD02:L08:E3','',0,0,1,'1507','2024-11-06 09:30:00','2024-11-06 09:30:00',1),(395,'DCMT 070202-HMP CN2500',1,'SD02:L08:E9','',0,0,1,'1507','2024-11-06 09:31:34','2024-11-06 09:31:34',1),(396,'5584 3.000',1,'S02:L03:B4','',0,0,1,'Lange','2024-11-07 12:00:46','2024-11-07 12:00:46',1),(397,'GY2M0500H250N-BM VP20RT',2,'SD02:L09:E1','',0,0,1,'1507','2024-11-07 12:54:51','2024-11-07 12:54:51',1),(398,'5584 3.000',3,'S03:L04:E11','',0,0,1,'RALF','2024-11-11 09:52:39','2024-11-11 09:52:39',1),(399,'5584 3.000',1,'Vesta 2','S03:L04:E11',0,0,2,'RALF','2024-11-11 09:58:44','2024-11-11 09:58:44',1),(400,'XCNT 060204-EN CTPP 430',1,'SD02:L09:C5','',0,0,1,'1507','2024-11-11 10:18:43','2024-11-11 10:18:43',1),(401,'DNMG 150608 PM4335',8,'','',0,0,4,'Lange','2024-11-12 14:49:42','2024-11-12 14:49:42',1),(402,'D14.1415.02 AR GN39',1,'SD02:L08:H8','',0,0,1,'Cammaroto','2024-11-13 09:17:19','2024-11-13 09:17:19',1),(403,'DCMT 11T304-PM 4425',1,'SD02:L09:A6','',0,0,1,'Cammaroto','2024-11-13 09:45:02','2024-11-13 09:45:02',1),(404,'VBMT 160404 MF 2220',1,'SD02:L09:A5','',0,0,1,'Eduard','2024-11-13 12:14:07','2024-11-13 12:14:07',1),(405,'CCGT 120404 UM H10A',1,'SD02:L07:D1','',0,0,1,'Lange','2024-11-13 12:18:39','2024-11-13 12:18:39',1),(406,'CCGT 120404 UM H10A',1,'SD02:L07:D1','SD02:L07:D1',0,0,10,'Lange','2024-11-13 12:19:28','2024-11-13 12:19:28',1),(407,'WNMG 080408-MM 2220',1,'SD02:L09:A4','',0,0,1,'Eduard','2024-11-14 09:19:57','2024-11-14 09:19:57',1),(408,'VBMT 160404 MF 2220',1,'SD02:L09:A5','',0,0,1,'Eduard','2024-11-14 10:43:31','2024-11-14 10:43:31',1),(409,'DCMT 11T304-MM 2220',1,'SD02:L09:D1','',0,0,1,'Eduard','2024-11-14 10:46:10','2024-11-14 10:46:10',1),(410,'CPT 16 ER 11 W BMA',1,'SD02:L07:B3','',0,0,1,'Eduard','2024-11-14 11:25:25','2024-11-14 11:25:25',1),(411,'5650 3.500',1,'S02:L05:F9','',0,0,1,'Cammaroto','2024-11-14 13:05:09','2024-11-14 13:05:09',1),(412,'R105.2140.2.7 EG35',2,'SD02:L07:H5','',0,0,1,'Lange','2024-11-14 14:32:21','2024-11-14 14:32:21',1),(413,'CPT 16 ER 2.0 ISO BMA',2,'SD02:L08:J2','',0,0,1,'Lange','2024-11-14 15:12:11','2024-11-14 15:12:11',1),(414,'XCMT 060204-EN RT300',4,'SD02:L07:H4','',0,0,1,'Cammaroto','2024-11-15 08:22:28','2024-11-15 08:22:28',1),(415,'WNMG 060404-PF 4425',1,'SD02:L09:B3','',0,0,1,'rs','2024-11-15 11:08:29','2024-11-15 11:08:29',1),(416,'WNMG 060404-PF 4425',1,'Fanuc 2','SD02:L09:B3',0,0,2,'rs','2024-11-15 11:09:50','2024-11-15 11:09:50',1),(417,'CCMT 060204-MM 2015',1,'SD02:L09:B4','',0,0,1,'Eduard','2024-11-18 08:11:05','2024-11-18 08:11:05',1),(418,'CCMT 060204-MM 2015',1,'SD02:L09:B4','',0,0,1,'Eduard','2024-11-18 11:23:42','2024-11-18 11:23:42',1),(419,'CCMT 060204-MM 2015',2,'SD02:L09:B4','',0,0,1,'Eduard','2024-11-18 12:50:18','2024-11-18 12:50:18',1),(420,'TP3.1808.020.10 YR X400',1,'SD02:L09:H1','',0,0,1,'Eduard','2024-11-18 14:59:25','2024-11-18 14:59:25',1),(421,'CCMT 060204-MM 2015',2,'SD02:L09:B4','',0,0,1,'Eduard','2024-11-19 09:16:33','2024-11-19 09:16:33',1),(422,'DCMT 11T304-MM 2220',8,'SD02:L09:D1','',0,0,1,'Cammaroto','2024-11-19 11:17:48','2024-11-19 11:17:48',1),(423,'5650 6.200',1,'S02:L07:F4','',0,0,1,'Lange','2024-11-20 12:52:18','2024-11-20 12:52:18',1),(424,'TE3.0070.00 GR HT45',1,'SD02:L08:H10','',0,0,1,'Cammaroto','2024-11-21 09:20:30','2024-11-21 09:20:30',1),(425,'WNMG 080408-MM 2220',1,'SD02:L09:A4','',0,0,1,'Lange','2024-11-21 12:00:22','2024-11-21 12:00:22',1),(426,'1026570440',1,'S02:L07:F1','',0,0,1,'Cammaroto','2024-11-21 12:12:24','2024-11-21 12:12:24',1),(427,'WNMG 080408-PM 4425',1,'SD02:L07:J10','',0,0,1,'Eduard','2024-11-21 14:03:19','2024-11-21 14:03:19',1),(428,'DNMG 150604-MF 2025',1,'SD02:L08:K1','',0,0,1,'Cammaroto','2024-11-25 10:23:55','2024-11-25 10:23:55',1),(429,'6023 5.400',1,'S02:L02:D2','',0,0,1,'rs','2024-11-25 10:46:55','2024-11-25 10:46:55',1),(430,'6023 5.400',1,'Fanuc 2','S02:L02:D2',0,0,2,'rs','2024-11-25 10:47:49','2024-11-25 10:47:49',1),(431,'VBMT 160404 MF 2220',1,'SD02:L09:A5','',0,0,1,'Cammaroto','2024-11-25 11:43:34','2024-11-25 11:43:34',1),(432,'VBMT 160404 MF 2220',1,'SD02:L09:A5','',0,0,1,'Cammaroto','2024-11-25 14:25:01','2024-11-25 14:25:01',1),(433,'KORLOY CCGT060204-AK H01',1,'Cutex 160','',0,0,6,'rs','2024-11-25 14:49:05','2024-11-25 14:49:05',1),(434,'WNMG 060404-PF 4425',1,'Fanuc 1','',0,0,6,'rs','2024-11-25 14:49:21','2024-11-25 14:49:21',1),(435,'WNMG 060404-PF 4425',1,'Fanuc 1','',0,0,6,'rs','2024-11-25 14:49:27','2024-11-25 14:49:27',1),(436,'105.0512.3968 TN35',3,'Fanuc 1','',0,0,6,'rs','2024-11-25 14:49:35','2024-11-25 14:49:35',1),(437,'R105.1019.005.4.4 TH35',1,'Fanuc 1','',0,0,6,'rs','2024-11-25 14:49:42','2024-11-25 14:49:42',1),(438,'CPT 16 ER 11 W BMA',1,'Fanuc 1','',0,0,6,'rs','2024-11-25 14:49:51','2024-11-25 14:49:51',1),(439,'WNMG 060404-PF 4425',1,'Fanuc 1','',0,0,6,'rs','2024-11-25 14:50:04','2024-11-25 14:50:04',1),(440,'DCMT 11T304-HMP CC2500 ALU',1,'Fanuc 1','',0,0,6,'rs','2024-11-25 14:50:17','2024-11-25 14:50:17',1),(441,'DCMT 070204 PM 4425',1,'Fanuc 1','',0,0,6,'rs','2024-11-25 14:50:21','2024-11-25 14:50:21',1),(442,'DCMT 070204 PM 4425',1,'Fanuc 1','',0,0,6,'rs','2024-11-25 14:50:26','2024-11-25 14:50:26',1),(443,'CCMT 09T304 PM 4335',1,'Fanuc 1','',0,0,6,'rs','2024-11-25 14:50:30','2024-11-25 14:50:30',1),(444,'CCMT 060204-PM 4425',1,'Fanuc 1','',0,0,6,'rs','2024-11-25 14:51:21','2024-11-25 14:51:21',1),(445,'CCMT 09T304 PM 4335',1,'Fanuc 1','',0,0,6,'rs','2024-11-25 14:51:31','2024-11-25 14:51:31',1),(446,'VCGT 160402 AL K10',1,'Fanuc 1','',0,0,6,'rs','2024-11-25 14:51:36','2024-11-25 14:51:36',1),(447,'DCMT 11T304-MM 2220',1,'Fanuc 1','',0,0,6,'rs','2024-11-25 14:51:42','2024-11-25 14:51:42',1),(448,'DNMG 150604-MF 2025',1,'Fanuc 1','',0,0,6,'rs','2024-11-25 14:51:48','2024-11-25 14:51:48',1),(449,'26601 22.020',1,'Fanuc 1','',0,0,6,'rs','2024-11-25 14:51:57','2024-11-25 14:51:57',1),(450,'CCMT 060204-MM 2015',1,'Fanuc 1','',0,0,6,'rs','2024-11-25 14:52:03','2024-11-25 14:52:03',1),(451,'CCMT 060204-PM 4425',1,'Fanuc 1','',0,0,6,'rs','2024-11-25 14:52:09','2024-11-25 14:52:09',1),(452,'WNMG 080408-MM 2220',1,'Fanuc 1','',0,0,6,'rs','2024-11-25 14:52:14','2024-11-25 14:52:14',1),(453,'DNMG 150608 PM4335',1,'Fanuc 1','',0,0,6,'rs','2024-11-25 14:52:24','2024-11-25 14:52:24',1),(454,'CNMG 120408 PR 4425',1,'Fanuc 1','',0,0,6,'rs','2024-11-25 14:52:30','2024-11-25 14:52:30',1),(455,'WNMG 080408-PF 4425',1,'Fanuc 1','',0,0,6,'rs','2024-11-25 14:52:40','2024-11-25 14:52:40',1),(456,'25084 4.012',2,'Fanuc 1','',0,0,6,'rs','2024-11-25 14:53:36','2024-11-25 14:53:36',1),(457,'WNMG 080408-PM 4425',1,'Fanuc 1','',0,0,6,'rs','2024-11-25 14:53:41','2024-11-25 14:53:41',1),(458,'WNMG 080408-PM 4425',1,'Fanuc 1','',0,0,6,'rs','2024-11-25 14:53:48','2024-11-25 14:53:48',1),(459,'25084 4.012',3,'Fanuc 1','',0,0,6,'rs','2024-11-25 14:53:58','2024-11-25 14:53:58',1),(460,'XCMT 060204-EN RT300',1,'Fanuc 1','',0,0,6,'mk','2024-11-25 14:57:54','2024-11-25 14:57:54',1),(461,'26601 22.030',4,'Cutex 160','',0,0,6,'mk','2024-11-25 14:58:19','2024-11-25 14:58:19',1),(462,'XCNT 10T304-EN CTPP 430',1,'Fanuc 1','',0,0,6,'Stefan','2024-11-25 14:58:56','2024-11-25 14:58:56',1),(463,'26601 22.020',1,'Cutx 180','',0,0,6,'Stefan','2024-11-25 15:00:44','2024-11-25 15:00:44',1),(464,'6859 6.000',1,'Cutx 180','',0,0,6,'Stefan','2024-11-25 15:00:52','2024-11-25 15:00:52',1),(465,'R105.0150.2.6 TN35',1,'Cutx 180','',0,0,6,'Stefan','2024-11-25 15:01:01','2024-11-25 15:01:01',1),(466,'27290 8.003',1,'Cutx 180','',0,0,6,'Stefan','2024-11-25 15:01:14','2024-11-25 15:01:14',1),(467,'5650 6.200',1,'Vesta 1','',0,0,6,'Stefan','2024-11-25 15:01:29','2024-11-25 15:01:29',1),(468,'WNMG 080408-MM 2220',1,'Fanuc 1','',0,0,6,'Stefan','2024-11-25 15:01:35','2024-11-25 15:01:35',1),(469,'XCNT 10T304-EN CTPP 430',1,'Fanuc 1','',0,0,6,'Stefan','2024-11-25 15:01:41','2024-11-25 15:01:41',1),(470,'XCMT 050204-EN RT300',1,'Cutx 180','',0,0,6,'Stefan','2024-11-25 15:01:53','2024-11-25 15:01:53',1),(471,'XCNT 10T304-EN CTPP 430',3,'Hi-Tech 200','',0,0,6,'Cammaroto','2024-11-25 15:03:37','2024-11-25 15:03:37',1),(472,'DCMT 11T304-MM 2220',1,'Hi-Tech 200','',0,0,6,'Cammaroto','2024-11-25 15:03:45','2024-11-25 15:03:45',1),(473,'26601 22.030',1,'Hi-Tech 200','',0,0,6,'Cammaroto','2024-11-25 15:03:51','2024-11-25 15:03:51',1),(474,'DCMT 11T304-MM 2220',8,'Hi-Tech 200','',0,0,6,'Cammaroto','2024-11-25 15:04:01','2024-11-25 15:04:01',1),(475,'6023 3.000',1,'Sge','',0,0,6,'Cammaroto','2024-11-25 15:04:14','2024-11-25 15:04:14',1),(476,'TE3.0070.00 GR HT45',1,'Hi-Tech 200','',0,0,6,'Cammaroto','2024-11-25 15:04:21','2024-11-25 15:04:21',1),(477,'XCMT 060204-EN RT300',1,'Fanuc 1','',0,0,6,'rs','2024-11-25 15:08:52','2024-11-25 15:08:52',1),(478,'DCMT 11T304-MM 2220',1,'SD02:L09:D1','',0,0,1,'Cammaroto','2024-11-26 09:13:15','2024-11-26 09:13:15',1),(479,'CCMT 060204-MM 2015',1,'SD02:L09:B4','',0,0,1,'Eduard','2024-11-26 14:30:42','2024-11-26 14:30:42',1),(480,'CCMT 060204-MM 2015',2,'SD02:L09:B4','',0,0,1,'Eduard','2024-11-26 15:11:04','2024-11-26 15:11:04',1),(481,' DCMT 11T308-MM 4425',1,'S01:L01:E7','',0,0,1,'Root','2024-12-13 10:27:30','2024-12-13 10:27:30',1),(482,' DCMT 11T308-MM 4425',1,'Fanuc 1','SD02:L07:C3',0,0,2,'Root','2024-12-13 10:27:37','2024-12-13 10:27:37',1),(483,'5584 3.000',3,'Vesta 1','Fanuc 4L',0,0,11,'Root','2024-12-13 10:43:37','2024-12-13 10:43:37',1),(484,'1026570440',1,'','',0,0,3,'Root','2025-01-02 11:17:22','2025-01-02 11:17:22',1),(485,' 25605 12.008',1,'SD02:L07:G4','',0,0,1,'Root','2025-01-03 07:51:38','2025-01-03 07:51:38',1),(486,' 25605 12.008',1,'SD02:L07:G4','',0,0,1,'Root','2025-01-03 07:56:38','2025-01-03 07:56:38',1),(487,' 25605 12.008',1,'SD02:L07:G4','',0,0,1,'Root','2025-01-03 07:58:59','2025-01-03 07:58:59',1),(488,' 25605 12.008',1,'Fanuc 1','SD02:L07:G4',0,0,2,'Root','2025-01-03 08:00:05','2025-01-03 08:00:05',1),(489,' 25605 12.008',1,'Fanuc 1','SD02:L07:G6',0,0,2,'Root','2025-01-03 08:02:23','2025-01-03 08:02:23',1),(490,' 25605 12.008',1,'Fanuc 1','S01:L06:A1',0,0,2,'Root','2025-01-03 08:02:34','2025-01-03 08:02:34',1),(491,'5584 3.000',1,'Fanuc 4L','S02:L03:B4',0,0,2,'Root','2025-01-03 08:55:00','2025-01-03 08:55:00',1),(492,'5584 3.000',1,'S02:L03:B4','',0,0,1,'Root','2025-01-03 08:56:40','2025-01-03 08:56:40',1),(493,'5584 3.000',1,'S02:L03:B4','',0,0,1,'Root','2025-01-03 09:02:13','2025-01-03 09:02:13',1),(494,'5584 3.000',1,'Fanuc 1','S02:L03:B4',0,0,2,'Root','2025-01-03 09:02:32','2025-01-03 09:02:32',1),(495,'5584 3.000',1,'Fanuc 2','SD02:L07:G10',0,0,2,'Root','2025-01-03 09:05:19','2025-01-03 09:05:19',1),(496,'5584 3.000',1,'SD02:L07:G8','',0,0,1,'Root','2025-01-03 09:05:42','2025-01-03 09:05:42',1),(497,'5584 3.000',1,'Fanuc 1','SD02:L07:G9',0,0,2,'Root','2025-01-03 09:05:52','2025-01-03 09:05:52',1),(498,'6023 3.100',1,'S02:L01:A13','',0,0,1,'Root','2025-01-03 15:53:19','2025-01-03 15:53:19',1),(499,'XXXASD',1,'','SD02:L07:G8',0,0,4,'Root','2025-01-03 16:07:04','2025-01-03 16:07:04',1),(500,'Messchieber 01',1,'ASd','',0,0,1,'Root','2025-01-13 13:10:36','2025-01-13 13:10:36',1),(501,'Messchieber 01',1,'','ASd',0,0,2,'Root','2025-01-13 13:16:18','2025-01-13 13:16:18',1),(502,'TEST MESSMITTEL',1,'','FDS',0,0,2,'Root','2025-01-13 13:16:20','2025-01-13 13:16:20',1),(503,'Messchieber 01',1,'ASd','',0,0,1,'Root','2025-01-13 13:16:21','2025-01-13 13:16:21',1),(504,'TEST MESSMITTEL',1,'FDS','',0,0,1,'Root','2025-01-13 13:16:39','2025-01-13 13:16:39',1),(505,'Messchieber 01',1,'','GDS',0,0,2,'Root','2025-01-13 13:46:52','2025-01-13 13:46:52',1),(506,'Messchieber 01',1,'GDS','',0,0,1,'Root','2025-01-13 13:46:53','2025-01-13 13:46:53',1),(507,'Messchieber 01',1,'','GDS',0,0,2,'Root','2025-01-13 13:46:57','2025-01-13 13:46:57',1),(508,'Messchieber 01',1,'GDS','',0,0,1,'Root','2025-01-15 09:14:12','2025-01-15 09:14:12',1),(509,'Messchieber 01',1,'','GDS',0,0,2,'Root','2025-01-15 09:14:13','2025-01-15 09:14:13',1),(510,'Messchieber 01',1,'GDS','',0,0,1,'Root','2025-01-15 09:14:14','2025-01-15 09:14:14',1),(511,'Messchieber 01',1,'','GDS',0,0,2,'Root','2025-01-15 09:14:14','2025-01-15 09:14:14',1),(512,'Messchieber 01',1,'GDS','',0,0,1,'Root','2025-01-15 09:14:15','2025-01-15 09:14:15',1),(513,'Messchieber 01',1,'','GDS',0,0,2,'Root','2025-01-15 09:14:16','2025-01-15 09:14:16',1),(514,'Messchieber 01',1,'GDS','',0,0,1,'Root','2025-01-15 09:14:18','2025-01-15 09:14:18',1),(515,'Messchieber 01',1,'','GDS',0,0,2,'Root','2025-01-15 09:14:19','2025-01-15 09:14:19',1),(516,'TEST MESSMITTEL',1,'','L01-MM',0,0,2,'Root','2025-01-15 09:14:21','2025-01-15 09:14:21',1),(517,'Messchieber 01',1,'GDS','',0,0,1,'Root','2025-01-15 09:14:22','2025-01-15 09:14:22',1),(518,'TEST MESSMITTEL',1,'L01-MM','',0,0,1,'Root','2025-01-15 09:14:24','2025-01-15 09:14:24',1),(519,'Messchieber 01',1,'','GDS',0,0,2,'Root','2025-01-15 10:14:17','2025-01-15 10:14:17',1),(520,'TEST MESSMITTEL',1,'','L01-MM',0,0,2,'Root','2025-01-15 10:14:19','2025-01-15 10:14:19',1),(521,'sdf',1,'ASd','',0,0,1,'Root','2025-01-15 10:14:33','2025-01-15 10:14:33',1),(522,'asd',1,'FDS','',0,0,1,'Root','2025-01-15 10:14:34','2025-01-15 10:14:34',1),(523,'TEST MESSMITTEL',1,'L01-MM','',0,0,1,'Root','2025-01-15 10:14:36','2025-01-15 10:14:36',1),(524,'Messchieber 01',1,'GDS','',0,0,1,'Root','2025-01-15 10:14:37','2025-01-15 10:14:37',1);
/*!40000 ALTER TABLE `history_log` ENABLE KEYS */;
UNLOCK TABLES;

--
-- Table structure for table `item_filter_relations`
--

DROP TABLE IF EXISTS `item_filter_relations`;
/*!40101 SET @saved_cs_client     = @@character_set_client */;
/*!50503 SET character_set_client = utf8mb4 */;
CREATE TABLE `item_filter_relations` (
  `item_id` int NOT NULL,
  `filter1_id` int DEFAULT NULL,
  `filter2_id` int DEFAULT NULL,
  `filter3_id` int DEFAULT NULL,
  `filter4_id` int DEFAULT NULL,
  `filter5_id` int DEFAULT NULL,
  PRIMARY KEY (`item_id`)
) ENGINE=InnoDB DEFAULT CHARSET=utf8mb4 COLLATE=utf8mb4_0900_ai_ci;
/*!40101 SET character_set_client = @saved_cs_client */;

--
-- Dumping data for table `item_filter_relations`
--

LOCK TABLES `item_filter_relations` WRITE;
/*!40000 ALTER TABLE `item_filter_relations` DISABLE KEYS */;
INSERT INTO `item_filter_relations` VALUES (2,0,0,1,0,NULL),(3,0,0,2,0,1),(4,0,0,3,0,1),(5,0,0,4,0,1),(6,0,0,5,0,1),(7,0,1,152,0,1),(8,0,1,7,0,1),(9,0,1,8,0,1),(10,0,2,9,0,1),(11,0,2,10,0,1),(13,0,2,12,0,1),(14,0,2,13,0,1),(15,0,3,14,0,NULL),(16,0,3,15,0,NULL),(17,0,3,160,0,-1),(18,0,3,17,0,-1),(19,0,4,18,0,-1),(20,0,4,19,0,-1),(21,0,4,20,0,-1),(22,0,4,167,0,-1),(23,0,4,22,0,-1),(24,0,4,23,0,-1),(25,0,4,24,0,-1),(26,0,5,25,0,-1),(27,0,5,391,0,1),(28,0,5,26,0,-1),(29,0,5,168,0,-1),(30,0,6,28,0,-1),(31,0,6,29,0,-1),(32,0,6,30,0,-1),(33,0,6,31,0,-1),(34,0,6,32,0,-1),(35,0,7,33,0,-1),(36,0,7,34,0,-1),(37,0,7,35,0,-1),(38,0,8,36,0,-1),(39,0,8,37,0,-1),(40,0,8,149,0,-1),(41,0,8,39,0,-1),(42,0,8,40,0,-1),(43,0,9,310,0,NULL),(44,0,2,42,0,NULL),(45,0,7,-1,0,-1),(46,0,7,43,0,-1),(48,0,7,44,0,-1),(49,0,8,45,0,-1),(50,0,9,313,0,NULL),(52,0,0,1,1,-1),(53,0,0,47,1,-1),(54,0,0,2,1,-1),(55,0,0,48,1,-1),(56,0,1,7,1,-1),(57,0,1,162,1,-1),(58,0,1,50,1,-1),(59,0,2,156,1,-1),(60,0,2,52,1,-1),(61,0,2,10,1,-1),(62,0,2,53,1,-1),(63,0,2,159,1,-1),(64,0,2,55,1,-1),(65,0,2,11,1,-1),(66,0,2,12,1,-1),(67,0,2,13,1,-1),(68,0,3,14,1,-1),(69,0,3,56,1,NULL),(70,0,3,57,1,-1),(71,0,3,15,1,-1),(72,0,3,58,1,-1),(73,0,3,59,1,-1),(74,0,4,304,1,-1),(75,0,4,18,1,-1),(76,0,4,20,1,-1),(77,0,4,61,1,-1),(78,0,4,167,1,-1),(79,0,4,23,1,-1),(80,0,4,24,1,-1),(81,0,5,25,1,-1),(82,0,5,26,1,-1),(83,0,5,163,1,-1),(84,0,5,63,1,-1),(85,0,5,64,1,-1),(86,0,6,164,1,-1),(87,0,6,30,1,-1),(88,0,6,66,1,-1),(89,0,6,32,1,-1),(90,0,7,148,1,-1),(91,0,7,68,1,-1),(92,0,7,35,1,-1),(93,0,8,69,1,-1),(94,0,8,70,1,-1),(95,0,8,149,1,-1),(96,0,8,71,1,-1),(97,0,9,72,1,-1),(98,0,1,73,1,-1),(99,0,7,148,1,-1),(100,0,7,43,1,-1),(101,0,0,5,5,1),(102,0,1,162,2,-1),(103,0,1,50,2,-1),(104,0,4,304,2,-1),(105,0,8,69,2,-1),(106,0,8,71,2,-1),(107,0,10,155,1,0),(108,0,10,155,0,0),(109,0,10,75,0,0),(110,0,10,76,0,0),(111,0,10,77,0,0),(112,0,10,78,0,0),(113,0,10,79,0,0),(114,0,11,153,0,0),(115,0,11,81,0,0),(116,0,11,82,0,0),(117,0,10,154,NULL,NULL),(118,0,10,84,0,-1),(119,0,10,85,0,-1),(120,0,10,86,1,NULL),(121,0,10,166,1,NULL),(122,0,10,88,1,NULL),(123,0,10,89,1,NULL),(124,0,10,90,1,NULL),(125,0,11,153,1,NULL),(126,0,11,91,1,NULL),(127,0,11,81,1,NULL),(128,0,11,92,1,NULL),(129,0,11,153,2,NULL),(130,0,10,155,3,0),(131,0,11,153,3,0),(132,0,0,1,4,-1),(133,0,3,150,4,-1),(134,0,3,160,4,-1),(135,0,6,157,4,-1),(136,0,0,0,4,NULL),(137,0,2,10,4,NULL),(138,0,3,15,4,NULL),(139,0,6,164,4,NULL),(140,0,0,0,4,1),(141,0,0,1,5,1),(142,0,7,68,5,-1),(143,0,8,70,5,-1),(144,0,2,9,5,-1),(145,0,2,12,5,-1),(146,0,4,167,5,-1),(147,0,4,23,5,-1),(148,0,5,305,5,-1),(149,0,5,25,5,-1),(150,0,0,2,-1,-1),(151,0,0,96,-1,-1),(152,0,0,0,6,-1),(153,0,9,97,0,-1),(154,0,6,98,0,-1),(155,0,9,99,3,0),(156,0,7,100,1,-1),(157,0,6,29,1,NULL),(158,0,7,100,5,-1),(159,1,12,156,7,2),(160,1,12,150,7,2),(161,1,12,304,7,2),(162,1,12,69,7,2),(163,1,12,149,7,2),(164,1,12,310,7,2),(165,1,12,-1,7,2),(166,1,12,101,7,3),(167,1,12,102,7,3),(168,1,12,56,7,3),(169,1,12,103,7,3),(170,1,12,104,7,3),(171,1,12,0,7,3),(172,1,12,156,7,3),(173,1,12,304,7,3),(174,1,12,305,7,3),(175,1,12,157,7,3),(176,1,12,149,7,3),(177,1,12,309,7,3),(178,1,12,310,7,3),(179,1,12,166,7,3),(180,1,12,158,7,3),(181,1,12,107,7,3),(182,1,12,47,7,3),(183,1,12,48,7,3),(184,1,12,3,7,3),(185,1,12,161,7,3),(186,1,12,109,7,3),(187,1,12,8,7,3),(188,1,12,52,7,3),(189,1,12,159,7,3),(190,1,12,55,7,3),(191,1,12,11,7,3),(192,1,12,12,7,3),(193,1,12,13,7,3),(194,1,12,167,7,3),(195,1,12,110,7,3),(196,1,12,23,7,3),(197,1,12,24,7,3),(198,1,12,25,7,3),(199,1,12,111,7,3),(200,1,12,30,7,3),(201,1,12,112,7,3),(202,1,12,113,7,3),(203,1,12,114,7,3),(204,1,12,115,7,3),(205,1,12,116,7,3),(206,1,12,117,7,3),(207,1,12,118,7,3),(208,1,12,119,7,3),(209,1,12,120,7,3),(210,1,12,121,7,3),(211,1,12,122,7,3),(212,1,12,101,7,3),(213,1,12,123,7,3),(214,1,12,124,7,3),(215,1,12,125,7,3),(216,1,12,126,7,3),(217,1,12,127,7,3),(218,1,12,128,7,-1),(219,1,13,304,7,3),(220,2,12,-1,-1,4),(221,2,12,-1,-1,4),(222,2,12,-1,-1,4),(223,2,12,-1,-1,4),(224,2,12,-1,-1,4),(225,2,12,-1,-1,5),(226,2,12,-1,-1,5),(227,2,12,-1,-1,5),(228,2,12,-1,-1,5),(229,2,12,-1,-1,5),(230,2,12,-1,-1,5),(231,3,14,-1,-1,-1),(232,3,15,-1,-1,-1),(233,3,16,-1,-1,-1),(234,3,17,-1,-1,-1),(235,4,18,154,-1,-1),(236,4,18,129,-1,-1),(237,4,18,153,-1,-1),(238,4,18,158,-1,-1),(239,4,18,152,-1,-1),(240,5,19,150,8,-1),(241,5,19,160,8,-1),(242,5,19,0,8,-1),(243,5,20,2,0,0),(244,5,20,152,0,0),(245,5,20,389,-1,-1),(246,5,20,131,0,0),(247,5,20,156,0,0),(248,5,20,159,0,0),(249,5,20,150,0,0),(250,5,20,305,0,0),(251,5,20,72,-1,-1),(252,5,21,158,-1,-1),(253,5,21,2,-1,-1),(254,5,21,131,-1,-1),(255,5,21,156,-1,-1),(256,5,19,0,6,-1),(257,5,19,152,6,-1),(258,5,19,158,9,-1),(259,5,19,0,9,-1),(260,5,19,153,10,-1),(261,5,19,132,8,NULL),(262,5,22,39,11,-1),(263,5,22,305,11,-1),(264,5,22,149,12,-1),(265,5,22,39,3,-1),(266,5,22,312,3,-1),(267,5,22,313,3,-1),(268,5,22,152,3,-1),(269,5,22,305,3,-1),(270,5,22,131,5,-1),(271,5,22,34,5,-1),(272,5,22,134,5,-1),(273,6,23,NULL,NULL,NULL),(274,6,23,-1,-1,-1),(275,6,23,-1,-1,-1),(276,6,23,-1,-1,-1),(277,6,24,135,13,-1),(278,6,24,136,13,-1),(279,6,24,137,14,-1),(280,6,25,138,13,-1),(281,6,25,138,15,-1),(282,6,25,138,15,-1),(283,6,25,139,13,-1),(284,6,25,140,13,-1),(285,6,26,141,15,NULL),(286,6,26,141,13,-1),(287,6,26,141,16,-1),(288,6,27,142,-1,-1),(289,7,28,143,-1,-1),(290,7,28,143,-1,-1),(291,7,29,144,-1,-1),(292,7,30,144,-1,-1),(293,7,31,144,-1,-1),(294,7,32,144,-1,-1),(295,7,33,144,-1,-1),(296,7,34,145,-1,-1),(297,7,29,145,-1,-1),(298,7,30,145,-1,-1),(299,7,31,145,-1,-1),(300,7,32,145,-1,-1),(301,7,33,145,-1,-1),(302,7,35,145,-1,-1),(303,7,36,146,-1,-1),(304,7,35,146,-1,-1),(305,7,37,-1,-1,-1),(306,7,38,-1,-1,-1),(307,7,39,-1,-1,-1),(308,7,40,-1,-1,-1),(309,7,41,-1,-1,-1),(310,7,42,-1,-1,-1),(311,7,43,143,-1,-1),(312,7,44,143,-1,-1),(313,7,31,143,-1,-1),(314,7,35,144,-1,-1),(315,7,35,143,-1,-1),(316,7,45,145,-1,-1),(317,7,46,145,-1,-1),(318,8,3,147,17,NULL),(319,8,48,148,17,-1),(320,8,48,149,17,6),(321,8,3,150,17,6),(322,8,5,NULL,17,6),(323,8,50,-1,17,-1),(324,8,48,149,17,7),(325,8,0,0,NULL,6),(326,8,1,152,NULL,6),(327,8,3,150,NULL,6),(328,8,50,-1,-1,-1),(329,8,52,153,17,-1),(330,8,52,154,17,-1),(331,8,52,155,17,-1),(332,8,0,0,NULL,NULL),(333,8,1,152,17,NULL),(334,8,2,156,17,NULL),(335,8,1,152,17,6),(336,8,6,157,17,6),(337,8,50,-1,-1,6),(338,8,50,-1,17,-1),(339,8,2,156,17,6),(340,8,5,NULL,17,NULL),(341,8,50,-1,17,-1),(342,8,50,-1,17,-1),(343,8,2,156,17,6),(344,8,3,150,17,8),(345,8,5,NULL,17,8),(346,8,7,148,17,8),(347,8,0,0,NULL,NULL),(348,8,7,148,NULL,NULL),(349,8,8,149,NULL,1),(350,8,50,-1,-1,1),(351,8,3,150,NULL,1),(352,8,5,NULL,NULL,NULL),(353,8,52,158,17,-1),(354,8,2,159,17,NULL),(355,8,3,160,17,NULL),(356,8,1,161,NULL,NULL),(357,8,1,162,NULL,NULL),(358,8,0,0,NULL,NULL),(359,8,48,148,17,9),(360,8,5,163,17,NULL),(361,8,6,157,17,10),(362,8,0,0,17,6),(363,8,6,164,17,6),(364,8,52,165,17,-1),(365,8,52,155,17,-1),(366,8,52,166,17,-1),(367,8,50,-1,17,-1),(368,8,52,158,17,-1),(369,8,2,156,17,NULL),(370,8,3,150,17,NULL),(371,8,5,NULL,17,NULL),(372,8,3,160,17,6),(373,8,4,167,17,6),(374,8,5,168,17,6),(375,8,48,148,-1,-1),(376,8,50,-1,-1,-1),(377,8,52,153,-1,-1),(378,8,52,153,17,-1),(379,8,52,153,17,11),(380,8,1,152,NULL,6),(381,8,2,156,NULL,6),(382,8,1,152,NULL,12),(383,8,48,148,-1,12),(384,8,50,-1,-1,12),(385,8,50,-1,-1,6),(386,8,1,152,NULL,6),(387,8,1,152,17,NULL),(388,8,52,153,17,11),(389,7,50,312,0,1),(390,8,50,-1,17,8),(391,8,48,149,17,6),(392,8,5,NULL,17,NULL),(393,8,48,149,17,6),(394,8,3,150,NULL,6),(395,8,48,149,17,14),(396,9,53,-1,-1,-1),(397,9,54,169,-1,-1),(398,9,54,170,-1,-1),(399,9,55,171,18,-1),(400,9,55,171,-1,-1),(401,9,55,172,-1,-1),(402,9,55,171,-1,-1),(403,9,56,-1,-1,15),(404,9,56,148,-1,15),(405,9,56,149,-1,15),(406,9,56,173,-1,15),(407,9,57,148,-1,15),(408,9,57,149,-1,15),(409,10,58,394,NULL,NULL),(410,10,58,393,NULL,NULL),(411,10,58,-1,21,-1),(412,10,58,392,NULL,NULL),(413,10,58,395,NULL,NULL),(414,10,58,-1,24,-1),(415,10,58,-1,19,-1),(416,10,59,-1,25,-1),(417,10,59,-1,25,-1),(418,10,59,-1,26,-1),(419,10,59,-1,27,-1),(420,10,59,-1,28,-1),(421,10,59,-1,29,-1),(422,10,59,-1,30,-1),(423,10,59,-1,31,-1),(424,10,59,-1,23,-1),(425,10,59,-1,32,-1),(426,10,59,-1,19,-1),(427,10,59,-1,20,-1),(428,10,59,-1,33,-1),(429,10,59,-1,26,-1),(430,10,59,-1,34,-1),(431,10,59,-1,22,-1),(432,8,0,0,NULL,NULL),(433,10,58,-1,32,-1),(434,10,58,-1,35,-1),(435,11,60,174,-1,-1),(436,11,60,175,-1,-1),(437,11,60,-1,-1,-1),(438,11,60,-1,-1,-1),(439,11,60,-1,-1,-1),(440,11,61,-1,-1,-1),(441,11,62,-1,-1,-1),(442,11,63,-1,36,-1),(443,11,63,-1,-1,-1),(444,11,64,152,37,-1),(445,11,65,176,-1,-1),(446,11,65,176,-1,-1),(447,11,65,177,-1,-1),(448,11,66,150,38,-1),(449,11,66,152,38,-1),(450,11,66,-1,38,-1),(451,11,64,148,39,-1),(452,12,67,178,40,-1),(453,12,67,179,-1,16),(454,12,67,180,-1,16),(455,12,67,179,-1,16),(456,12,67,181,-1,6),(457,12,67,178,-1,6),(458,12,67,182,-1,6),(459,12,67,183,-1,6),(460,12,67,184,-1,6),(461,12,67,180,-1,6),(462,12,67,178,-1,16),(463,12,67,185,-1,16),(464,12,67,186,-1,16),(465,12,67,186,-1,-1),(466,12,68,187,-1,-1),(467,12,68,188,41,16),(468,12,68,189,41,16),(469,12,68,190,42,16),(470,12,68,191,41,16),(471,12,68,191,41,16),(472,12,67,192,-1,-1),(473,12,67,181,-1,-1),(474,12,68,193,-1,-1),(475,12,67,186,-1,-1),(476,12,67,194,-1,-1),(477,12,67,194,43,NULL),(478,12,67,180,43,NULL),(479,13,69,195,44,-1),(480,13,69,195,45,-1),(481,13,69,195,46,-1),(482,13,69,195,46,17),(483,13,69,195,45,17),(484,13,69,195,44,18),(485,13,69,195,44,18),(486,13,69,196,47,-1),(487,13,69,196,48,19),(488,13,69,195,44,-1),(489,13,69,195,46,-1),(490,13,69,196,49,-1),(491,13,69,196,49,-1),(492,13,69,196,49,-1),(493,13,69,196,48,-1),(494,13,69,196,50,-1),(495,13,69,196,48,-1),(496,13,69,196,50,-1),(497,13,69,196,44,-1),(498,13,69,196,51,-1),(499,13,69,196,52,-1),(500,13,69,196,52,-1),(501,13,69,196,53,-1),(502,13,69,196,53,-1),(503,13,69,196,54,-1),(504,13,69,196,54,20),(505,13,69,196,49,-1),(506,13,69,196,49,-1),(507,13,69,196,48,21),(508,13,69,196,50,-1),(509,13,69,197,-1,-1),(510,13,69,196,54,-1),(511,13,69,196,49,-1),(512,13,69,196,48,-1),(513,13,69,197,-1,-1),(514,13,69,197,-1,-1),(515,13,69,197,-1,-1),(516,13,69,197,-1,-1),(517,13,69,197,-1,-1),(518,13,69,197,-1,-1),(519,13,70,198,-1,-1),(520,13,70,198,55,-1),(521,13,69,199,-1,22),(522,13,69,199,-1,23),(523,13,69,199,-1,24),(524,13,69,199,-1,25),(525,13,71,200,-1,-1),(526,13,69,196,-1,-1),(527,13,69,196,48,-1),(528,13,69,196,50,26),(529,14,69,201,-1,27),(530,14,69,202,56,28),(531,14,69,202,-1,28),(532,14,69,203,-1,28),(533,14,69,204,56,28),(534,14,69,204,-1,28),(535,14,69,205,56,27),(536,14,69,205,-1,27),(537,14,69,206,-1,29),(538,14,69,207,-1,30),(539,14,69,207,-1,31),(540,14,69,208,-1,27),(541,14,69,208,-1,28),(542,14,69,208,-1,28),(543,14,69,208,56,28),(544,14,69,209,-1,32),(545,14,69,210,-1,30),(546,14,69,211,-1,30),(547,14,69,212,-1,30),(548,14,72,-1,-1,-1),(549,12,67,213,57,-1),(550,12,67,180,58,-1),(551,12,67,184,58,-1),(552,12,68,191,-1,-1),(553,12,67,180,-1,-1),(554,12,67,214,-1,-1),(555,14,69,215,-1,33),(556,14,69,215,-1,33),(557,14,69,216,-1,34),(558,14,69,217,-1,34),(559,14,23,-1,-1,-1),(560,14,69,218,-1,35),(561,12,67,184,-1,-1),(562,12,67,219,-1,-1),(563,14,70,220,59,-1),(564,14,70,220,60,-1),(565,14,70,220,61,36),(566,14,70,220,62,36),(567,14,70,220,63,36),(568,14,70,220,60,37),(569,14,70,220,64,-1),(570,14,70,220,63,-1),(571,14,70,220,65,38),(572,14,70,220,66,38),(573,14,70,220,67,38),(574,14,73,220,68,-1),(575,14,74,220,62,39),(576,14,70,221,69,-1),(577,14,69,222,-1,40),(578,14,69,222,-1,41),(579,14,70,223,-1,-1),(580,14,75,224,70,42),(581,14,75,224,70,-1),(582,14,75,224,70,-1),(583,14,75,224,71,-1),(584,14,75,224,71,43),(585,14,75,224,71,-1),(586,14,75,224,71,-1),(587,12,67,225,NULL,NULL),(588,14,75,-1,72,44),(589,14,75,-1,73,44),(590,15,5,305,74,NULL),(591,16,77,-1,-1,-1),(592,16,78,-1,-1,-1),(593,16,79,-1,-1,-1),(594,16,80,-1,-1,-1),(595,16,81,-1,-1,-1),(596,16,82,-1,-1,-1),(597,16,92,-1,-1,-1),(598,16,84,227,75,45),(599,16,85,227,76,0),(600,16,86,228,75,45),(601,16,87,228,76,45),(602,16,85,228,76,46),(603,16,88,228,76,45),(604,16,88,228,76,46),(605,16,89,228,76,46),(606,16,90,228,76,45),(608,16,84,228,76,45),(609,16,91,228,76,45),(610,16,91,228,76,46),(612,16,88,227,76,45),(613,16,88,227,76,46),(614,16,88,227,76,47),(615,16,89,227,76,46),(616,16,89,227,76,47),(617,16,89,227,76,45),(618,16,90,227,76,46),(619,16,90,227,76,47),(620,16,90,227,76,45),(621,16,84,227,76,45),(622,16,87,228,75,45),(623,16,87,228,75,45),(624,16,85,228,75,46),(625,16,92,228,75,45),(626,16,88,228,75,45),(627,16,90,228,75,45),(628,16,84,228,75,46),(629,16,84,228,75,45),(630,16,91,228,75,46),(631,16,91,228,75,45),(632,16,87,227,75,46),(633,16,87,227,75,47),(634,16,87,227,75,48),(635,16,87,227,75,45),(636,16,85,227,75,48),(637,16,85,227,75,46),(638,16,78,227,75,46),(639,16,88,227,75,47),(640,16,88,227,75,48),(641,16,88,227,75,45),(642,16,90,227,75,45),(643,16,84,227,75,48),(644,16,84,227,75,45),(645,16,91,227,75,46),(646,16,91,227,75,48),(647,16,91,227,75,45),(648,17,93,228,76,46),(649,17,94,228,76,46),(650,17,95,228,76,46),(651,17,96,228,76,46),(652,17,97,228,76,46),(653,17,98,228,76,46),(654,17,99,228,76,46),(655,17,100,228,76,46),(656,17,101,228,76,46),(657,17,102,228,76,45),(658,17,103,228,76,46),(659,17,104,228,76,46),(660,17,105,228,76,46),(661,17,106,228,75,46),(662,17,97,228,75,46),(663,17,102,228,75,45),(664,17,105,228,75,45),(665,17,107,-1,-1,-1),(666,17,108,-1,-1,-1),(667,17,109,-1,-1,-1),(668,17,110,-1,-1,-1),(669,17,111,-1,-1,-1),(670,17,112,-1,-1,-1),(671,17,113,-1,-1,-1),(672,17,114,-1,-1,-1),(673,17,115,-1,-1,-1),(674,17,116,-1,-1,-1),(675,17,117,-1,-1,-1),(676,17,118,-1,-1,-1),(677,17,119,-1,-1,-1),(678,17,120,-1,-1,-1),(679,17,121,-1,-1,-1),(680,17,122,-1,-1,-1),(681,17,123,-1,-1,-1),(682,17,124,-1,-1,-1),(683,17,125,-1,-1,-1),(684,18,87,227,77,45),(685,18,82,228,77,45),(686,18,82,227,77,45),(687,18,85,228,77,45),(688,18,89,228,77,45),(689,18,90,228,77,45),(690,18,84,228,77,45),(691,18,91,228,77,45),(692,18,90,228,77,45),(693,18,84,227,77,45),(694,18,91,227,77,45),(695,18,84,229,77,45),(696,18,126,227,77,45),(697,19,127,-1,-1,-1),(698,19,91,-1,-1,-1),(699,19,90,228,75,45),(700,19,91,228,75,45),(701,20,129,228,75,46),(702,20,130,-1,-1,-1),(703,20,131,-1,-1,-1),(704,20,132,-1,-1,-1),(705,20,133,-1,-1,-1),(706,20,134,-1,-1,-1),(707,20,135,-1,-1,-1),(708,20,136,-1,76,-1),(709,21,137,-1,76,-1),(710,22,138,230,78,49),(711,22,138,230,79,49),(712,22,138,230,80,50),(713,22,138,230,80,117),(714,22,138,230,80,49),(715,22,138,230,80,50),(716,22,138,230,80,117),(717,22,138,230,79,49),(718,22,138,230,80,49),(719,22,138,230,79,51),(720,22,138,230,79,49),(721,22,138,230,81,51),(722,22,139,231,82,49),(723,22,139,231,83,117),(724,22,139,231,83,49),(725,22,139,231,83,49),(726,22,139,231,82,117),(727,22,139,231,82,117),(728,22,139,231,84,51),(729,22,139,231,82,49),(730,22,139,231,82,117),(731,22,139,231,82,NULL),(732,22,139,231,84,49),(733,22,139,231,82,51),(734,22,139,231,82,49),(735,22,139,231,82,117),(736,22,139,231,85,49),(737,22,140,232,NULL,NULL),(738,22,140,233,-1,-1),(739,22,140,233,-1,-1),(740,22,140,233,-1,-1),(741,22,140,233,-1,52),(742,22,140,233,-1,-1),(743,22,140,381,185,53),(744,22,140,381,185,54),(745,22,140,381,185,55),(746,22,140,381,185,56),(747,22,140,381,185,57),(748,22,140,381,185,58),(749,22,140,381,186,59),(750,22,140,381,186,60),(751,22,140,381,186,61),(752,22,140,381,186,62),(753,22,140,381,86,63),(754,22,140,381,185,64),(755,22,140,381,185,65),(756,22,140,381,185,66),(757,22,140,381,185,67),(758,22,140,381,185,68),(759,22,140,381,185,69),(760,22,140,381,185,70),(761,22,140,381,185,71),(762,22,140,380,185,57),(763,22,140,380,186,60),(764,22,140,380,185,64),(765,22,140,380,185,72),(766,22,140,380,185,56),(767,22,140,380,185,57),(768,22,140,380,185,58),(769,22,140,380,186,59),(770,22,140,380,186,60),(771,22,140,380,186,62),(772,22,140,380,86,63),(773,22,140,380,185,64),(774,22,140,380,185,65),(775,22,140,380,185,66),(776,22,140,380,186,73),(777,22,140,380,86,74),(778,22,140,380,86,75),(779,22,140,232,87,76),(780,22,140,232,88,57),(781,22,140,232,89,72),(782,22,140,232,89,64),(783,22,140,232,90,57),(784,22,141,234,91,77),(785,22,141,234,91,78),(786,22,141,234,91,77),(787,22,141,234,91,77),(788,22,141,234,91,79),(789,22,141,234,91,79),(790,22,141,234,91,79),(791,22,141,234,91,79),(792,22,141,234,91,80),(793,22,141,234,91,80),(794,22,141,234,92,81),(795,22,141,234,91,77),(796,22,141,234,92,82),(797,22,141,234,91,83),(798,22,141,234,91,84),(799,22,141,234,91,85),(800,22,141,234,91,86),(801,22,141,234,91,91),(802,22,141,234,91,NULL),(803,22,141,234,91,87),(804,22,141,234,91,88),(805,22,141,233,93,90),(806,22,141,-1,93,90),(807,22,141,-1,94,-1),(808,22,141,221,91,110),(809,22,141,NULL,NULL,NULL),(810,22,141,232,176,0),(811,22,141,NULL,NULL,NULL),(812,22,141,232,89,1),(813,22,141,NULL,NULL,NULL),(814,22,141,221,-1,-1),(815,22,141,221,-1,-1),(816,22,141,221,-1,-1),(817,22,141,221,-1,-1),(818,22,141,221,-1,-1),(819,22,141,221,91,91),(820,22,141,221,92,92),(821,22,141,221,92,93),(822,22,141,221,92,-1),(823,22,141,221,91,NULL),(824,22,141,221,91,NULL),(825,22,141,221,91,NULL),(826,22,141,-1,98,-1),(827,22,141,221,91,-1),(828,22,141,-1,67,-1),(829,22,142,-1,99,-1),(830,22,142,-1,100,-1),(831,22,143,NULL,NULL,NULL),(832,22,143,-1,-1,-1),(833,22,143,384,NULL,NULL),(834,22,144,235,102,NULL),(835,22,144,236,103,0),(836,22,144,237,104,0),(837,22,144,237,105,0),(838,22,145,383,NULL,NULL),(839,22,145,238,106,NULL),(840,22,145,228,15,-1),(841,22,145,228,13,-1),(842,22,145,238,15,NULL),(843,22,145,238,13,-1),(844,22,145,238,107,-1),(845,22,146,239,108,-1),(846,22,146,239,109,NULL),(847,23,147,241,-1,-1),(848,23,147,241,-1,-1),(849,23,147,242,-1,-1),(850,23,147,242,-1,-1),(851,23,147,242,-1,-1),(852,23,147,242,-1,-1),(853,23,147,242,-1,-1),(854,23,147,242,110,-1),(855,23,147,242,111,-1),(856,23,147,242,112,-1),(857,23,147,243,-1,-1),(858,23,147,244,-1,-1),(859,23,147,243,NULL,NULL),(860,23,147,243,NULL,NULL),(861,23,147,243,NULL,NULL),(862,23,147,243,NULL,NULL),(863,23,147,243,NULL,NULL),(864,23,147,243,0,0),(865,23,147,243,NULL,NULL),(866,23,147,243,NULL,NULL),(867,23,148,245,-1,-1),(868,23,149,246,-1,-1),(869,24,150,247,-1,-1),(870,24,150,248,-1,-1),(871,24,150,249,-1,-1),(872,24,150,250,-1,-1),(873,24,150,251,-1,-1),(874,24,150,252,-1,-1),(875,24,150,253,-1,-1),(876,24,151,-1,-1,-1),(877,24,151,254,-1,-1),(878,24,152,255,113,-1),(879,24,152,256,113,-1),(880,24,152,257,113,-1),(881,24,152,258,113,-1),(882,24,152,255,114,-1),(883,24,152,256,114,-1),(884,24,152,257,114,-1),(885,24,153,259,115,-1),(886,24,153,259,116,-1),(887,24,151,260,117,-1),(888,24,153,259,118,-1),(889,24,153,259,119,-1),(890,24,153,259,120,-1),(891,24,153,259,121,-1),(892,24,153,259,122,-1),(893,24,153,259,123,-1),(894,24,153,259,124,-1),(895,24,153,259,125,-1),(896,24,153,259,126,-1),(897,24,153,259,127,-1),(898,24,153,261,128,-1),(899,24,153,259,129,-1),(900,24,153,259,130,-1),(901,24,153,261,123,-1),(902,24,153,259,131,-1),(903,24,153,259,132,-1),(904,24,153,259,133,-1),(905,24,153,259,134,-1),(906,24,153,259,135,-1),(907,24,153,259,136,-1),(908,24,151,262,137,-1),(909,24,151,263,137,-1),(910,24,151,-1,138,-1),(911,24,151,260,137,-1),(912,24,151,-1,-1,-1),(913,24,151,264,137,-1),(914,24,151,-1,137,-1),(915,24,151,-1,137,-1),(916,24,151,-1,137,-1),(917,24,151,-1,137,-1),(918,24,151,-1,137,-1),(919,24,151,-1,137,-1),(920,24,151,265,137,-1),(921,24,151,266,137,-1),(922,24,151,267,-1,-1),(923,24,151,268,-1,-1),(924,24,151,269,-1,-1),(925,24,151,-1,-1,-1),(926,24,151,270,-1,-1),(927,24,151,271,-1,-1),(928,24,151,272,-1,-1),(929,24,151,273,-1,-1),(930,24,151,274,-1,-1),(931,24,151,275,-1,-1),(932,24,151,276,-1,-1),(933,24,151,-1,-1,-1),(934,24,151,277,-1,-1),(935,24,151,254,-1,-1),(936,24,151,278,-1,-1),(937,24,151,279,-1,-1),(938,24,151,280,137,-1),(939,24,154,-1,137,-1),(940,24,154,-1,137,-1),(941,24,154,-1,137,-1),(942,24,154,281,137,-1),(943,24,154,282,137,-1),(944,24,154,283,-1,-1),(945,24,154,284,-1,-1),(946,24,154,285,-1,-1),(947,24,154,286,-1,-1),(948,24,154,287,-1,-1),(949,24,153,288,-1,-1),(950,24,155,289,-1,-1),(951,24,154,290,137,-1),(952,24,154,291,137,-1),(953,24,154,292,137,-1),(954,24,151,293,-1,-1),(955,24,156,156,139,-1),(956,24,156,159,7,-1),(957,24,156,295,7,-1),(958,24,156,296,140,-1),(959,24,156,296,141,-1),(960,24,156,150,142,-1),(961,24,156,103,7,-1),(962,24,156,149,143,-1),(963,24,156,299,140,-1),(964,24,156,300,144,-1),(965,24,156,301,145,-1),(966,24,156,0,7,-1),(967,24,156,152,7,-1),(968,24,156,156,7,-1),(969,24,156,150,7,-1),(970,24,156,304,7,-1),(971,24,156,305,7,-1),(972,24,156,157,7,-1),(973,24,156,148,7,-1),(974,24,156,308,7,-1),(975,24,156,149,7,-1),(976,24,156,309,7,-1),(977,24,156,310,7,-1),(978,24,156,173,143,-1),(979,24,156,312,7,-1),(980,24,156,313,7,-1),(981,24,156,314,141,-1),(982,24,156,315,7,-1),(983,24,156,316,7,-1),(984,24,156,299,7,-1),(985,24,156,317,7,-1),(986,24,156,318,7,-1),(987,24,156,300,7,-1),(988,24,156,296,7,-1),(989,24,156,319,7,-1),(990,24,156,320,7,-1),(991,24,156,321,7,-1),(992,24,156,301,7,-1),(993,24,156,322,7,-1),(994,24,156,323,7,-1),(995,24,156,324,7,-1),(996,24,156,325,7,-1),(997,24,156,326,7,-1),(998,24,156,327,7,-1),(999,24,156,328,7,-1),(1000,24,156,329,7,-1),(1001,24,156,330,7,-1),(1002,24,156,331,7,-1),(1003,24,156,332,7,-1),(1004,24,156,333,7,-1),(1005,24,156,334,7,-1),(1006,24,156,335,7,-1),(1007,24,156,336,7,-1),(1008,24,151,-1,-1,-1),(1009,24,153,259,146,-1),(1010,24,153,259,147,-1),(1011,24,151,-1,117,-1),(1012,24,151,-1,137,-1),(1013,24,151,-1,137,-1),(1014,24,151,-1,137,-1),(1015,24,151,-1,137,-1),(1016,24,151,-1,137,-1),(1017,24,151,-1,137,-1),(1018,24,151,-1,137,-1),(1019,24,151,-1,137,-1),(1020,24,151,337,137,-1),(1021,24,151,-1,137,-1),(1022,24,153,-1,-1,-1),(1023,24,153,-1,-1,-1),(1024,24,153,-1,-1,-1),(1025,24,153,-1,-1,-1),(1026,24,153,-1,-1,-1),(1027,24,153,-1,-1,-1),(1028,24,153,-1,-1,-1),(1029,24,153,-1,-1,-1),(1030,24,153,-1,148,-1),(1031,24,72,-1,-1,-1),(1032,24,157,338,-1,-1),(1033,24,157,339,-1,-1),(1034,25,158,340,-1,-1),(1035,25,158,-1,-1,-1),(1036,25,159,341,-1,-1),(1037,25,159,342,-1,-1),(1038,25,159,343,-1,-1),(1039,25,159,344,-1,-1),(1040,25,159,345,-1,-1),(1041,25,159,346,-1,-1),(1042,25,159,347,-1,-1),(1043,25,159,348,-1,-1),(1044,25,159,349,-1,-1),(1045,25,159,350,-1,-1),(1046,25,159,351,-1,-1),(1047,25,160,NULL,NULL,NULL),(1048,25,161,352,-1,-1),(1049,25,161,353,-1,-1),(1050,25,162,354,-1,-1),(1051,25,162,355,38,-1),(1052,25,163,356,149,99),(1053,25,163,356,-1,99),(1054,25,163,356,55,99),(1055,25,163,356,-1,100),(1056,25,163,356,-1,100),(1057,25,164,357,150,-1),(1058,25,164,357,151,-1),(1059,25,164,357,152,-1),(1060,25,164,357,153,-1),(1061,25,164,357,154,-1),(1062,25,164,357,155,-1),(1063,25,164,357,156,-1),(1064,25,164,357,157,-1),(1065,25,164,357,158,-1),(1066,25,164,357,159,-1),(1067,25,164,357,160,-1),(1068,25,165,355,-1,-1),(1069,25,164,358,-1,101),(1070,25,164,358,74,101),(1071,25,163,359,161,102),(1072,26,166,-1,-1,-1),(1073,26,166,-1,-1,-1),(1074,26,166,-1,-1,-1),(1075,26,167,-1,-1,-1),(1076,26,168,-1,-1,-1),(1077,26,166,-1,-1,-1),(1078,26,166,-1,-1,-1),(1079,26,166,-1,-1,-1),(1080,26,166,-1,-1,-1),(1081,26,167,-1,-1,-1),(1082,26,167,-1,-1,-1),(1083,26,167,-1,-1,-1),(1084,26,166,-1,-1,-1),(1085,26,167,-1,-1,-1),(1086,26,167,-1,-1,-1),(1087,26,167,-1,-1,-1),(1088,26,167,-1,-1,-1),(1089,26,167,-1,-1,-1),(1090,26,167,-1,-1,-1),(1091,26,167,-1,-1,-1),(1092,26,167,-1,-1,-1),(1093,26,167,-1,-1,-1),(1094,26,167,-1,-1,-1),(1095,26,167,-1,-1,-1),(1096,26,167,-1,-1,-1),(1097,26,166,-1,-1,-1),(1098,26,166,-1,-1,-1),(1099,26,166,-1,-1,-1),(1100,26,166,-1,-1,-1),(1101,26,167,-1,-1,-1),(1102,26,167,-1,-1,-1),(1103,27,167,360,-1,-1),(1104,27,166,-1,-1,-1),(1105,22,138,361,162,103),(1106,16,90,362,-1,-1),(1107,22,141,234,91,88),(1108,22,141,234,168,77),(1109,22,139,363,85,29),(1110,22,138,364,163,49),(1111,22,138,364,163,49),(1112,22,138,364,163,NULL),(1113,8,48,149,164,-1),(1114,8,7,148,164,NULL),(1115,22,141,234,91,-1),(1116,22,141,234,91,83),(1117,22,141,234,91,77),(1118,16,88,362,-1,-1),(1119,23,148,364,-1,-1),(1120,23,147,243,-1,-1),(1121,23,148,365,-1,-1),(1122,23,147,241,165,-1),(1123,0,9,366,1,-1),(1124,22,143,384,NULL,NULL),(1125,5,20,148,0,0),(1126,14,69,367,-1,35),(1127,5,19,157,166,NULL),(1128,25,158,340,-1,-1),(1129,12,67,180,-1,6),(1130,6,25,138,167,NULL),(1131,22,139,363,85,49),(1132,22,138,230,79,49),(1133,22,138,230,79,49),(1134,22,145,238,15,0),(1135,22,145,238,13,NULL),(1136,6,169,138,167,-1),(1137,18,88,229,77,45),(1138,22,145,238,107,NULL),(1139,22,141,234,168,77),(1140,22,141,234,168,88),(1141,23,148,368,83,-1),(1142,23,147,243,169,-1),(1143,23,147,243,170,-1),(1144,23,147,243,169,-1),(1145,23,147,243,171,-1),(1146,23,147,243,172,-1),(1147,23,147,243,171,-1),(1148,23,147,243,172,-1),(1149,23,170,-1,173,-1),(1150,22,141,221,92,104),(1151,22,141,221,92,105),(1152,10,59,-1,32,-1),(1153,22,140,380,86,106),(1154,0,5,25,1,-1),(1155,16,91,227,75,45),(1156,18,84,227,77,45),(1157,18,91,227,77,45),(1158,16,88,227,75,45),(1159,16,89,227,75,45),(1160,0,3,134,1,-1),(1161,8,52,153,174,-1),(1162,25,164,358,-1,107),(1163,22,138,361,175,50),(1164,22,138,361,175,103),(1165,22,139,231,82,49),(1166,22,138,231,82,0),(1167,22,138,364,163,117),(1168,22,139,231,82,49),(1169,22,139,231,83,49),(1170,18,89,227,77,45),(1171,4,18,369,-1,-1),(1172,0,9,309,5,-1),(1173,22,138,364,163,117),(1174,22,139,363,85,0),(1178,22,139,363,85,49),(1183,22,139,231,84,49),(1184,10,58,-1,28,-1),(1185,22,143,NULL,NULL,NULL),(1186,22,141,221,92,-1),(1187,22,143,NULL,NULL,NULL),(1188,22,140,381,185,64),(1189,22,141,221,92,NULL),(1190,22,141,221,92,-1),(1191,22,141,221,91,108),(1192,12,67,180,NULL,NULL),(1193,22,143,-1,-1,-1),(1194,8,52,153,17,-1),(1195,22,140,381,185,72),(1196,22,138,230,78,49),(1197,22,139,231,82,51),(1198,22,138,230,80,117),(1199,22,143,NULL,NULL,NULL),(1200,22,141,234,168,77),(1201,22,141,234,91,77),(1202,22,141,234,168,77),(1203,6,26,141,13,NULL),(1204,6,26,370,15,0),(1205,6,26,370,13,NULL),(1206,6,26,370,13,0),(1207,22,143,NULL,NULL,NULL),(1208,22,140,232,-1,-1),(1209,22,141,234,91,83),(1210,6,171,371,16,NULL),(1211,22,143,NULL,NULL,NULL),(1212,22,141,221,92,109),(1213,22,145,384,NULL,NULL),(1214,22,138,364,163,117),(1215,9,56,312,182,NULL),(1216,22,145,238,14,-1),(1217,0,0,372,1,-1),(1218,0,6,29,5,-1),(1219,0,6,373,0,-1),(1220,0,3,160,1,-1),(1221,0,3,160,1,-1),(1222,0,8,374,0,NULL),(1223,22,146,375,183,-1),(1224,22,146,376,-1,-1),(1225,0,3,59,0,1),(1226,17,101,0,0,0),(1227,17,102,0,0,0),(1228,22,143,233,0,0),(1229,22,138,230,80,49),(1230,22,139,231,82,117),(1231,16,90,227,75,1),(1234,22,140,233,0,0),(1235,22,143,233,93,0),(1236,22,141,233,0,0),(1237,22,145,383,NULL,NULL),(1238,22,139,231,82,117),(1239,22,139,231,82,51),(1240,22,138,364,79,49),(1241,22,143,232,90,NULL),(1242,22,143,233,0,0),(1243,22,143,232,90,NULL),(1244,0,11,385,1,1),(1245,1,3,386,0,0),(1246,1,5,305,0,0),(1247,1,7,148,0,0),(1248,1,0,0,0,0),(1249,1,1,152,0,0),(1250,1,1,152,0,0),(1251,1,8,149,0,0),(1252,8,7,148,187,112),(1253,8,8,149,187,112),(1254,8,9,312,187,112),(1255,8,2,156,187,112),(1256,8,3,150,187,112),(1257,8,8,149,17,112),(1258,8,3,150,17,112),(1259,8,5,305,17,112),(1260,8,7,148,17,112),(1261,8,0,0,17,112),(1262,8,1,152,17,112),(1263,8,2,156,17,112),(1264,8,2,156,17,0),(1265,8,7,148,17,0),(1266,8,8,149,17,0),(1267,8,3,150,17,0),(1268,8,3,150,17,0),(1269,8,7,148,17,0),(1270,8,48,149,17,0),(1271,8,8,149,17,116),(1272,8,7,148,17,116),(1273,8,5,305,17,116),(1274,8,1,152,17,116),(1275,8,2,156,17,116),(1276,8,3,150,17,116),(1277,8,0,48,17,116),(1278,8,7,148,17,1),(1279,8,8,149,17,1),(1280,8,3,150,17,1),(1281,8,5,305,17,1),(1282,0,11,158,1,1),(1283,16,87,227,76,0),(1284,16,84,227,76,0),(1286,16,87,227,75,1),(1287,16,85,227,75,1),(1288,16,84,227,75,1),(1289,16,91,227,75,1),(1290,16,90,227,75,1),(1291,16,85,228,76,45),(1292,16,89,228,76,45),(1293,16,89,227,76,45),(1294,16,90,227,76,45),(1295,16,84,227,76,45),(1296,16,91,227,76,45),(1297,16,87,227,76,45),(1298,16,89,228,75,45),(1299,16,90,228,75,45),(1300,16,87,228,75,45),(1301,16,85,228,75,45),(1302,16,87,227,75,45),(1303,16,85,227,75,45),(1304,18,90,228,76,1),(1305,18,84,228,76,1),(1306,18,91,228,76,1),(1307,18,92,228,76,45),(1308,18,88,228,76,45),(1309,18,89,228,76,45),(1310,18,90,228,76,45),(1311,18,84,228,76,45),(1312,18,91,228,76,45),(1313,18,87,228,76,45),(1314,18,85,228,76,45),(1315,18,92,227,77,45),(1316,18,88,227,77,45),(1317,18,90,227,77,45),(1318,18,87,227,77,45),(1319,18,85,227,77,1),(1320,0,2,11,0,1),(1323,22,143,384,185,52),(1324,22,143,384,184,110),(1325,1,6,0,188,0),(1326,1,7,148,0,0),(1327,1,7,379,0,0),(1328,0,0,47,0,1),(1329,0,0,96,0,1),(1330,0,0,387,0,1),(1331,0,0,372,0,1),(1332,0,1,389,0,1),(1333,0,1,131,0,1),(1334,0,1,390,0,1),(1335,10,58,396,NULL,NULL),(1336,5,20,69,0,0),(1337,0,5,111,0,1),(1338,22,141,232,89,0),(1339,22,143,232,89,88),(1340,5,19,157,8,NULL),(1341,5,19,148,6,NULL),(1342,5,19,148,8,NULL),(1343,5,19,157,8,NULL),(1344,5,172,148,189,NULL),(1345,5,21,69,8,NULL),(1346,5,21,157,6,NULL),(1347,8,2,156,187,6),(1348,0,0,48,1,1),(1349,0,1,109,1,1),(1350,12,67,180,NULL,NULL),(1351,0,0,372,1,1),(1352,0,2,159,0,1),(1353,0,1,389,1,1),(1354,0,1,109,0,1),(1355,0,1,162,0,1),(1356,0,1,161,0,1),(1357,0,1,50,0,1),(1358,0,2,156,0,1),(1359,0,2,52,0,1),(1360,0,2,53,0,1),(1361,0,2,55,0,1),(1362,0,3,150,0,1),(1363,0,3,14,0,1),(1364,0,3,56,0,1),(1365,0,3,57,0,1),(1366,0,3,15,0,1),(1367,0,3,160,0,1),(1368,0,3,17,0,1),(1369,0,3,58,0,1),(1370,0,3,134,0,1),(1371,0,4,304,0,1),(1372,0,4,18,0,1),(1373,0,4,19,0,1),(1374,0,4,20,0,1),(1375,0,4,61,0,1),(1376,0,4,167,0,1),(1377,0,4,22,0,1),(1378,0,4,110,0,1),(1379,0,4,23,0,1),(1380,0,4,24,0,1),(1381,0,5,305,0,1),(1382,0,5,25,0,1),(1383,0,5,391,0,1),(1384,0,5,26,0,1),(1385,0,5,168,0,1),(1386,0,5,163,0,1),(1387,0,5,63,0,1),(1388,0,5,64,0,1),(1389,0,5,397,0,1),(1390,0,0,372,1,1),(1391,0,0,0,1,1),(1392,0,1,8,1,1),(1393,0,8,69,1,1),(1394,0,0,48,5,1),(1395,0,6,157,0,1),(1396,0,6,398,0,1),(1397,0,0,1,1,1),(1398,0,2,156,5,1),(1399,0,3,150,5,1),(1400,0,7,148,0,1),(1401,0,1,50,1,1),(1402,0,4,23,1,1),(1403,0,4,304,5,1),(1404,0,0,2,1,1),(1405,0,0,96,1,1),(1406,0,0,3,1,1),(1407,0,0,4,1,1),(1408,0,1,390,1,1),(1409,0,2,156,1,1),(1410,0,2,52,1,1),(1411,0,2,9,1,1),(1412,0,1,131,1,1),(1413,0,2,12,1,1),(1414,0,2,13,1,1),(1415,0,6,373,0,1),(1416,0,6,28,0,1),(1417,0,6,29,0,1),(1418,0,3,14,1,1),(1419,0,3,160,1,1),(1420,0,3,17,1,1),(1421,0,3,58,1,1),(1422,0,3,59,1,1),(1423,0,4,18,1,1),(1424,0,4,20,1,1),(1425,0,1,161,1,1),(1426,22,138,364,163,49),(1427,0,0,47,1,1),(1428,0,6,164,0,1),(1429,0,6,30,0,1),(1430,0,6,31,0,1),(1431,0,6,66,0,1),(1432,0,6,32,0,1),(1433,0,1,162,1,1),(1434,0,0,2,5,1),(1435,0,1,109,5,1),(1436,0,1,162,5,1),(1437,0,3,160,5,1),(1438,0,1,50,5,1),(1439,1,12,152,7,3),(1440,1,12,153,7,3),(1441,1,12,150,7,3),(1442,0,1,73,0,1),(1443,0,1,73,1,1),(1444,10,58,392,NULL,NULL),(1445,25,160,NULL,NULL,NULL),(1446,22,139,231,82,117),(1447,9,56,150,182,NULL),(1448,9,56,305,182,NULL),(1449,9,56,148,182,NULL),(1450,14,69,205,56,27),(1451,8,52,76,17,NULL),(1452,8,52,166,17,10),(1453,8,2,156,17,0),(1454,8,1,152,17,0),(1455,NULL,NULL,NULL,NULL,NULL),(1456,14,69,208,56,28),(1457,14,169,NULL,NULL,NULL),(1458,9,56,150,182,NULL),(1459,18,92,227,77,0),(1460,16,89,227,75,0),(1461,17,106,228,76,46),(1462,8,3,14,0,NULL),(1463,8,7,14,0,NULL),(1464,8,3,157,17,10),(1465,8,76,305,17,10),(1466,8,7,148,17,10),(1467,8,48,149,17,10),(1468,8,76,148,187,112),(1469,8,47,150,17,8),(1470,8,76,305,17,8),(1471,8,48,149,17,8),(1472,8,0,0,0,NULL),(1473,8,1,152,0,NULL),(1474,8,2,156,0,NULL),(1475,8,2,156,17,8),(1476,8,48,148,17,7),(1477,8,3,386,17,10),(1478,8,48,148,17,10),(1479,0,6,157,1,1),(1480,8,0,0,17,8),(1481,1,12,57,7,3),(1482,1,12,17,7,3),(1483,0,10,155,1,1),(1484,0,10,75,1,1),(1485,0,10,76,1,NULL),(1486,0,10,85,1,1),(1487,0,10,77,1,1),(1488,0,10,129,1,1),(1489,0,10,78,1,1),(1490,0,10,79,1,1),(1491,0,11,82,1,1),(1492,0,11,107,1,NULL),(1493,0,11,401,1,NULL),(1494,9,56,305,182,NULL),(1495,22,145,238,106,NULL);
/*!40000 ALTER TABLE `item_filter_relations` ENABLE KEYS */;
UNLOCK TABLES;

--
-- Table structure for table `item_location_relations`
--

DROP TABLE IF EXISTS `item_location_relations`;
/*!40101 SET @saved_cs_client     = @@character_set_client */;
/*!50503 SET character_set_client = utf8mb4 */;
CREATE TABLE `item_location_relations` (
  `id` int NOT NULL AUTO_INCREMENT,
  `item_id` int DEFAULT NULL,
  `location_id` int DEFAULT NULL,
  `location_item_quantity` int DEFAULT NULL,
  PRIMARY KEY (`id`)
) ENGINE=InnoDB AUTO_INCREMENT=1847 DEFAULT CHARSET=utf8mb4 COLLATE=utf8mb4_0900_ai_ci;
/*!40101 SET character_set_client = @saved_cs_client */;

--
-- Dumping data for table `item_location_relations`
--

LOCK TABLES `item_location_relations` WRITE;
/*!40000 ALTER TABLE `item_location_relations` DISABLE KEYS */;
/*!40000 ALTER TABLE `item_location_relations` ENABLE KEYS */;
UNLOCK TABLES;

--
-- Table structure for table `item_objects`
--

DROP TABLE IF EXISTS `item_objects`;
/*!40101 SET @saved_cs_client     = @@character_set_client */;
/*!50503 SET character_set_client = utf8mb4 */;
CREATE TABLE `item_objects` (
  `item_id` int NOT NULL,
  `item_ident` text,
  `item_quantity_total` int DEFAULT NULL,
  `item_quantity_total_new` int DEFAULT NULL,
  `item_onetime_use` int DEFAULT NULL,
  `item_quantity_min` int DEFAULT NULL,
  `item_orderquant_min` int DEFAULT '0',
  `item_orderable` tinyint(1) DEFAULT '0',
  `item_onorder` int DEFAULT '0',
  `item_description` text,
  `item_description_2` text,
  `item_diameter` varchar(45) DEFAULT NULL,
  `item_documentation_path` text,
  `item_image_path` text,
  `item_objectscol` varchar(45) DEFAULT NULL,
  `item_documentation` varchar(255) DEFAULT '',
  PRIMARY KEY (`item_id`)
) ENGINE=InnoDB DEFAULT CHARSET=utf8mb4 COLLATE=utf8mb4_0900_ai_ci;
/*!40101 SET character_set_client = @saved_cs_client */;

--
-- Dumping data for table `item_objects`
--

LOCK TABLES `item_objects` WRITE;
/*!40000 ALTER TABLE `item_objects` DISABLE KEYS */;
INSERT INTO `item_objects` VALUES (2,'6023 3.100',5,233,0,3,1,1,0,'Bohrer VHM TiAlN 3xD IK UNI','DIN6537 HB   3,10 mm','3,10','','6023.jpg','','FRITZ!Box 7690_qig_de_DE.pdf'),(3,'6023 3.300',10,3,0,3,1,1,0,'Bohrer VHM TiAlN 3xD IK UNI','DIN6537 HB   3,30 mm','3,30','','6023.jpg','','MesstechnikAllgemeineGrundlagen.pdf'),(4,'6023 3.600',2,2,0,3,1,1,0,'Bohrer VHM TiAlN 3xD IK UNI','DIN6537 HB   3,60 mm','3,60','','6023.jpg','',''),(5,'6023 3.700',2,-1,0,3,1,1,0,'Bohrer VHM TiAlN 3xD IK UNI','DIN6537 HB   3,70 mm','3,70','','6023.jpg','',''),(6,'6023 3.800',2,2,0,3,1,1,0,'Bohrer VHM TiAlN 3xD IK UNI','DIN6537 HB   3,80 mm','3,80','','6023.jpg','',''),(7,'6023 4.000',10,10,0,3,1,1,0,'Bohrer VHM TiAlN 3xD IK UNI','DIN6537 HB   4,00 mm','4,00','','6023.jpg','',''),(8,'6023 4.400',1,1,0,2,1,1,0,'Bohrer VHM TiAlN 3xD IK UNI','DIN6537 HB   4,40 mm  ','4,40','','6023.jpg','',''),(9,'6023 4.700',1,1,0,2,1,1,0,'Bohrer VHM TiAlN 3xD IK UNI','DIN6537 HB   4,70 mm   ','4,70','','6023.jpg','',''),(10,'6023 5.200',2,2,0,2,1,1,0,'Bohrer VHM TiAlN 3xD IK UNI','DIN6537 HB   5,20 mm','5,20','','6023.jpg','',''),(11,'6023 5.300',2,2,0,2,1,1,0,'Bohrer VHM TiAlN 3xD IK UNI','DIN6537 HB   5,30 mm','5,30','','6023.jpg','',''),(13,'6023 5.800',6,0,0,2,1,1,0,'Bohrer VHM TiAlN 3xD IK UNI','DIN6537 HB   5,80 mm','5,80','','6023.jpg','',''),(14,'6023 5.900',6,-1,0,2,1,1,0,'Bohrer VHM TiAlN 3xD IK UNI','DIN6537 HB   5,90 mm','5,90','','6023.jpg','',''),(15,'5510 6.100',0,0,0,2,1,1,0,'Bohrer VHM TiAlN 3xD IK UNI','DIN6537 HB   6,10 mm   ECOLINE','','','5510.jpg','',''),(16,'5510 6.400',0,0,0,2,1,1,0,'Bohrer VHM TiAlN 3xD IK UNI','DIN6537 HB   6,40 mm   ECOLINE','','','5510.jpg','',''),(17,'5510 6.500',0,0,0,2,1,1,0,'Bohrer VHM TiAlN 3xD IK UNI','DIN6537 HB   6,50 mm   ECOLINE','','','6023.jpg','',''),(18,'5510 6.600',0,0,0,2,1,1,0,'Bohrer VHM TiAlN 3xD IK UNI','DIN6537 HB   6,60 mm   ECOLINE','','','6023.jpg','',''),(19,'5510 7.100',0,0,0,2,1,1,0,'Bohrer VHM TiAlN 3xD IK UNI','DIN6537 HB   7,10 mm   ECOLINE','','','6023.jpg','',''),(20,'5510 7.200',0,0,0,2,1,1,0,'Bohrer VHM TiAlN 3xD IK UNI','DIN6537 HB   7,20 mm   ECOLINE','','','6023.jpg','',''),(21,'5510 7.300',0,0,0,2,1,1,0,'Bohrer VHM TiAlN 3xD IK UNI','DIN6537 HB   7,30 mm   ECOLINE','','','6023.jpg','',''),(22,'5510 7.500',0,0,0,2,1,1,0,'Bohrer VHM TiAlN 3xD IK UNI','DIN6537 HB   7,50 mm   ECOLINE','','','6023.jpg','',''),(23,'5510 7.600',0,0,0,2,1,1,0,'Bohrer VHM TiAlN 3xD IK UNI','DIN6537 HB   7,60 mm   ECOLINE','','','6023.jpg','',''),(24,'5510 7.800',0,0,0,2,1,1,0,'Bohrer VHM TiAlN 3xD IK UNI','DIN6537 HB   7,80 mm   ECOLINE','','','6023.jpg','',''),(25,'5510 7.900',0,0,0,2,1,1,0,'Bohrer VHM TiAlN 3xD IK UNI','DIN6537 HB   7,90 mm   ECOLINE','','','6023.jpg','',''),(26,'5510 8.100',0,0,0,2,1,1,0,'Bohrer VHM TiAlN 3xD IK UNI','DIN6537 HB   8,10 mm   ECOLINE','','','6023.jpg','',''),(27,'5510 8.300',0,0,0,2,1,1,0,'Bohrer VHM TiAlN 3xD IK UNI','DIN6537 HB   8,30 mm   ECOLINE','','','6023.jpg','',''),(28,'5510 8.400',0,0,0,2,1,1,0,'Bohrer VHM TiAlN 3xD IK UNI','DIN6537 HB   8,40 mm   ECOLINE','','','6023.jpg','',''),(29,'5510 8.500',0,0,0,2,1,1,0,'Bohrer VHM TiAlN 3xD IK UNI','DIN6537 HB   8,50 mm   ECOLINE','','','6023.jpg','',''),(30,'5510 9.200',0,0,0,2,1,1,0,'Bohrer VHM TiAlN 3xD IK UNI','DIN6537 HB   9,20 mm   ECOLINE','','','6023.jpg','',''),(31,'5510 9.400',0,0,0,2,1,1,0,'Bohrer VHM TiAlN 3xD IK UNI','DIN6537 HB   9,40 mm   ECOLINE','','','6023.jpg','',''),(32,'5510 9.600',0,0,0,2,1,1,0,'Bohrer VHM TiAlN 3xD IK UNI','DIN6537 HB   9,60 mm   ECOLINE','','','6023.jpg','',''),(33,'5510 9.700',0,0,0,2,1,1,0,'Bohrer VHM TiAlN 3xD IK UNI','DIN6537 HB   9,70 mm   ECOLINE','','','6023.jpg','',''),(34,'5510 9.900',0,0,0,2,1,1,0,'Bohrer VHM TiAlN 3xD IK UNI','DIN6537 HB   9,90 mm   ECOLINE','','','6023.jpg','',''),(35,'5510 10.300',0,0,0,1,1,1,0,'Bohrer VHM TiAlN 3xD IK UNI','DIN6537 HB  10,30 mm   ECOLINE','','','6023.jpg','',''),(36,'5510 10.500',0,0,0,1,1,1,0,'Bohrer VHM TiAlN 3xD IK UNI','DIN6537 HB  10,50 mm   ECOLINE','','','6023.jpg','',''),(37,'5510 10.800',0,0,0,2,1,1,0,'Bohrer VHM TiAlN 3xD IK UNI','DIN6537 HB  10,80 mm   ECOLINE','','','6023.jpg','',''),(38,'5510 11.200',0,0,0,2,1,1,0,'Bohrer VHM TiAlN 3xD IK UNI','DIN6537 HB  11,20 mm   ECOLINE','','','6023.jpg','',''),(39,'5510 11.500',0,0,0,1,1,1,0,'Bohrer VHM TiAlN 3xD IK UNI','DIN6537 HB  11,50 mm   ECOLINE','','','6023.jpg','',''),(40,'5510 12.000',0,0,0,1,1,1,0,'Bohrer VHM TiAlN 3xD IK UNI','DIN6537 HB  12,00 mm   ECOLINE','','','6023.jpg','',''),(41,'5510 12.500',0,0,0,1,1,1,0,'Bohrer VHM TiAlN 3xD IK UNI','DIN6537 HB  12,50 mm   ECOLINE','','','6023.jpg','',''),(42,'5510 12.800',0,0,0,1,1,1,0,'Bohrer VHM TiAlN 3xD IK UNI','DIN6537 HB  12,80 mm   ECOLINE','','','6023.jpg','',''),(43,'5510 14.000',0,0,0,3,1,1,0,'Bohrer VHM TiAlN 3xD IK UNI','DIN6537 HB  14,00 mm   ECOLINE','','','6023.jpg','',''),(44,'5510 5.550',0,0,0,3,1,1,0,'Bohrer VHM TiAlN 3xD IK UNI','DIN6537 HB   5,55 mm  PRECI-GP','5,55','','6023.jpg','',''),(45,'5510 10.400',0,0,0,1,1,1,0,'Bohrer VHM TiAlN 3xD IK UNI','DIN6537 HB  10,40 mm  PRECI-GP','','','6023.jpg','',''),(46,'5510 10.600',0,0,0,1,1,1,0,'Bohrer VHM TiAlN 3xD IK UNI','DIN6537 HB  10,60 mm  PRECI-GP','','','6023.jpg','',''),(47,'5510 10.800',0,0,0,3,1,1,0,'Bohrer VHM TiAlN 3xD IK UNI','DIN6537 HB  10,80 mm  PRECI-GP','10,80','','6023.jpg','',''),(48,'5510 10.900',0,0,0,1,1,1,0,'Bohrer VHM TiAlN 3xD IK UNI','DIN6537 HB  10,90 mm  PRECI-GP','','','6023.jpg','',''),(49,'5510 11.600',0,0,0,1,1,1,0,'Bohrer VHM TiAlN 3xD IK UNI','DIN6537 HB  11,60 mm  PRECI-GP','','','6023.jpg','',''),(50,'5510 17.000',0,0,0,3,1,1,0,'Bohrer VHM TiAlN 3xD INOX','DIN6537 HA  17,00 mm ECOLINE,DIN 6537','','','6023.jpg','',''),(51,'5510 10.600',0,0,0,3,1,1,0,'Bohrer VHM TiAlN 3xD Stahl','DIN6537 HB  10,60 mm  PRECI-GP','','','6023.jpg','',''),(52,'1026570310',0,0,0,2,1,1,0,'Bohrer VHM TiAlN 5xD IK UNI','DIN6537 HB   3,10 mm   ECOLINE','','','Bilder Sonstige Lieferanten\\Default\\default.jpg','',''),(53,'1026570320',0,0,0,2,1,1,0,'Bohrer VHM TiAlN 5xD IK UNI','DIN6537 HB   3,20 mm   ECOLINE','','','Bilder Sonstige Lieferanten\\Default\\default.jpg','',''),(54,'1026570330',0,0,0,2,1,1,0,'Bohrer VHM TiAlN 5xD IK UNI','DIN6537 HB   3,30 mm   ECOLINE','','','Bilder Sonstige Lieferanten\\Default\\default.jpg','',''),(55,'1026570350',0,0,0,2,1,1,0,'Bohrer VHM TiAlN 5xD IK UNI','DIN6537 HB   3,50 mm   ECOLINE','','','Bilder Sonstige Lieferanten\\Default\\default.jpg','',''),(56,'1026570440',1,-1,0,1,1,1,0,'Bohrer VHM TiAlN 5xD IK UNI','DIN6537 HB   4,40 mm   ECOLINE','','','Bilder Sonstige Lieferanten\\Default\\default.jpg','',''),(57,'1026570480',0,0,0,1,1,1,0,'Bohrer VHM TiAlN 5xD IK UNI','DIN6537 HB   4,80 mm   ECOLINE','','','Bilder Sonstige Lieferanten\\Default\\default.jpg','',''),(58,'1026570490',0,0,0,1,1,1,0,'Bohrer VHM TiAlN 5xD IK UNI','DIN6537 HB   4,90 mm   ECOLINE','','','Bilder Sonstige Lieferanten\\Default\\default.jpg','',''),(59,'1026570500',0,0,0,2,1,1,0,'Bohrer VHM TiAlN 5xD IK UNI','DIN6537 HB   5,00 mm   ECOLINE','','','Bilder Sonstige Lieferanten\\Default\\default.jpg','',''),(60,'1026570510',0,0,0,2,1,1,0,'Bohrer VHM TiAlN 5xD IK UNI','DIN6537 HB   5,10 mm   ECOLINE','','','Bilder Sonstige Lieferanten\\Default\\default.jpg','',''),(61,'1026570530',0,0,0,1,1,1,0,'Bohrer VHM TiAlN 5xD IK UNI','DIN6537 HB   5,30 mm   ECOLINE','','','Bilder Sonstige Lieferanten\\Default\\default.jpg','',''),(62,'1026570540',0,0,0,1,1,1,0,'Bohrer VHM TiAlN 5xD IK UNI','DIN6537 HB   5,40 mm   ECOLINE','','','Bilder Sonstige Lieferanten\\Default\\default.jpg','',''),(63,'1026570550',0,0,0,1,1,1,0,'Bohrer VHM TiAlN 5xD IK UNI','DIN6537 HB   5,50 mm   ECOLINE','','','Bilder Sonstige Lieferanten\\Default\\default.jpg','',''),(64,'1026570560',0,0,0,1,1,1,0,'Bohrer VHM TiAlN 5xD IK UNI','DIN6537 HB   5,60 mm   ECOLINE','','','Bilder Sonstige Lieferanten\\Default\\default.jpg','',''),(65,'1026570570',0,0,0,1,1,1,0,'Bohrer VHM TiAlN 5xD IK UNI','DIN6537 HB   5,70 mm   ECOLINE','','','Bilder Sonstige Lieferanten\\Default\\default.jpg','',''),(66,'1026570580',0,0,0,2,1,1,0,'Bohrer VHM TiAlN 5xD IK UNI','DIN6537 HB   5,80 mm   ECOLINE','','','Bilder Sonstige Lieferanten\\Default\\default.jpg','',''),(67,'1026570590',0,0,0,1,1,1,0,'Bohrer VHM TiAlN 5xD IK UNI','DIN6537 HB   5,90 mm   ECOLINE','','','Bilder Sonstige Lieferanten\\Default\\default.jpg','',''),(68,'1026570610',0,0,0,2,1,1,0,'Bohrer VHM TiAlN 5xD IK UNI','DIN6537 HB   6,10 mm   ECOLINE','','','Bilder Sonstige Lieferanten\\Default\\default.jpg','',''),(69,'5650 6.200',1,-1,0,3,1,1,0,'Bohrer VHM TiAlN 5xD IK UNI','DIN6537 HB   6,20 mm','6,20','','5650.jpg','',''),(70,'1026570630',0,0,0,1,1,1,0,'Bohrer VHM TiAlN 5xD IK UNI','DIN6537 HB   6,30 mm   ECOLINE','','','Bilder Sonstige Lieferanten\\Default\\default.jpg','',''),(71,'1026570640',0,0,0,1,1,1,0,'Bohrer VHM TiAlN 5xD IK UNI','DIN6537 HB   6,40 mm   ECOLINE','','','Bilder Sonstige Lieferanten\\Default\\default.jpg','',''),(72,'1026570670',0,0,0,1,1,1,0,'Bohrer VHM TiAlN 5xD IK UNI','DIN6537 HB   6,70 mm   ECOLINE','','','Bilder Sonstige Lieferanten\\Default\\default.jpg','',''),(73,'1026570690',0,0,0,1,1,1,0,'Bohrer VHM TiAlN 5xD IK UNI','DIN6537 HB   6,90 mm   ECOLINE','','','Bilder Sonstige Lieferanten\\Default\\default.jpg','',''),(74,'1026570700',0,0,0,1,1,1,0,'Bohrer VHM TiAlN 5xD IK UNI','DIN6537 HB   7,00 mm   ECOLINE','','','Bilder Sonstige Lieferanten\\Default\\default.jpg','',''),(75,'1026570710',0,0,0,1,1,1,0,'Bohrer VHM TiAlN 5xD IK UNI','DIN6537 HB   7,10 mm   ECOLINE','','','Bilder Sonstige Lieferanten\\Default\\default.jpg','',''),(76,'1026570730',0,0,0,1,1,1,0,'Bohrer VHM TiAlN 5xD IK UNI','DIN6537 HB   7,30 mm   ECOLINE','','','Bilder Sonstige Lieferanten\\Default\\default.jpg','',''),(77,'1026570740',0,0,0,1,1,1,0,'Bohrer VHM TiAlN 5xD IK UNI','DIN6537 HB   7,40 mm   ECOLINE','','','Bilder Sonstige Lieferanten\\Default\\default.jpg','',''),(78,'1026570750',0,0,0,1,1,1,0,'Bohrer VHM TiAlN 5xD IK UNI','DIN6537 HB   7,50 mm   ECOLINE','','','Bilder Sonstige Lieferanten\\Default\\default.jpg','',''),(79,'1026570780',0,0,0,1,1,1,0,'Bohrer VHM TiAlN 5xD IK UNI','DIN6537 HB   7,80 mm   ECOLINE','','','Bilder Sonstige Lieferanten\\Default\\default.jpg','',''),(80,'1026570790',0,0,0,2,1,1,0,'Bohrer VHM TiAlN 5xD IK UNI','DIN6537 HB   7,90 mm   ECOLINE','','','Bilder Sonstige Lieferanten\\Default\\default.jpg','',''),(81,'1026570810',0,0,0,2,1,1,0,'Bohrer VHM TiAlN 5xD IK UNI','DIN6537 HB   8,10 mm   ECOLINE','','','Bilder Sonstige Lieferanten\\Default\\default.jpg','',''),(82,'1026570840',0,0,0,1,1,1,0,'Bohrer VHM TiAlN 5xD IK UNI','DIN6537 HB   8,40 mm   ECOLINE','','','Bilder Sonstige Lieferanten\\Default\\default.jpg','',''),(83,'1026570870',0,0,0,1,1,1,0,'Bohrer VHM TiAlN 5xD IK UNI','DIN6537 HB   8,70 mm   ECOLINE','','','Bilder Sonstige Lieferanten\\Default\\default.jpg','',''),(84,'1026570880',0,0,0,1,1,1,0,'Bohrer VHM TiAlN 5xD IK UNI','DIN6537 HB   8,80 mm   ECOLINE','','','Bilder Sonstige Lieferanten\\Default\\default.jpg','',''),(85,'1026570890',0,0,0,1,1,1,0,'Bohrer VHM TiAlN 5xD IK UNI','DIN6537 HB   8,90 mm   ECOLINE','','','Bilder Sonstige Lieferanten\\Default\\default.jpg','',''),(86,'1026570950',0,0,0,1,1,1,0,'Bohrer VHM TiAlN 5xD IK UNI','DIN6537 HB   9,50 mm   ECOLINE','','','Bilder Sonstige Lieferanten\\Default\\default.jpg','',''),(87,'1026570960',0,0,0,1,1,1,0,'Bohrer VHM TiAlN 5xD IK UNI','DIN6537 HB   9,60 mm   ECOLINE','','','Bilder Sonstige Lieferanten\\Default\\default.jpg','',''),(88,'1026570980',0,0,0,1,1,1,0,'Bohrer VHM TiAlN 5xD IK UNI','DIN6537 HB   9,80 mm   ECOLINE','','','Bilder Sonstige Lieferanten\\Default\\default.jpg','',''),(89,'1026570990',0,0,0,2,1,1,0,'Bohrer VHM TiAlN 5xD IK UNI','DIN6537 HB   9,90 mm   ECOLINE','','','Bilder Sonstige Lieferanten\\Default\\default.jpg','',''),(90,'1026571000',0,0,0,1,1,1,0,'Bohrer VHM TiAlN 5xD IK UNI','DIN6537 HB  10,00 mm   ECOLINE','','','Bilder Sonstige Lieferanten\\Default\\default.jpg','',''),(91,'1026571020',0,0,0,1,1,1,0,'Bohrer VHM TiAlN 5xD IK UNI','DIN6537 HB  10,20 mm   ECOLINE','','','Bilder Sonstige Lieferanten\\Default\\default.jpg','',''),(92,'1026571080',0,0,0,1,1,1,0,'Bohrer VHM TiAlN 5xD IK UNI','DIN6537 HB  10,80 mm   ECOLINE','','','Bilder Sonstige Lieferanten\\Default\\default.jpg','',''),(93,'1026571100',0,0,0,1,1,1,0,'Bohrer VHM TiAlN 5xD IK UNI','DIN6537 HB  11,00 mm   ECOLINE','','','Bilder Sonstige Lieferanten\\Default\\default.jpg','',''),(94,'1026571180',0,0,0,1,1,1,0,'Bohrer VHM TiAlN 5xD IK UNI','DIN6537 HB  11,80 mm   ECOLINE','','','Bilder Sonstige Lieferanten\\Default\\default.jpg','',''),(95,'1026571200',0,0,0,1,1,1,0,'Bohrer VHM TiAlN 5xD IK UNI','DIN6537 HB  12,00 mm   ECOLINE','','','Bilder Sonstige Lieferanten\\Default\\default.jpg','',''),(96,'1026571220',0,0,0,1,1,1,0,'Bohrer VHM TiAlN 5xD IK UNI','DIN6537 HB  12,20 mm   ECOLINE','','','Bilder Sonstige Lieferanten\\Default\\default.jpg','',''),(97,'1026571420',0,0,0,1,1,1,0,'Bohrer VHM TiAlN 5xD IK UNI','DIN6537 HB  14,20 mm   ECOLINE','','','Bilder Sonstige Lieferanten\\Default\\default.jpg','',''),(98,'1027570465',0,0,0,2,1,1,0,'Bohrer VHM TiAlN 5xD IK UNI','DIN6537 HB   4,65 mm  PRECI-GP','','','Bilder Sonstige Lieferanten\\Default\\default.jpg','',''),(99,'1027571000',0,0,0,1,1,1,0,'Bohrer VHM TiAlN 5xD IK UNI','DIN6537 HB  10,00 mm  PRECI-GP','','','Bilder Sonstige Lieferanten\\Default\\default.jpg','',''),(100,'1027571060',0,0,0,1,1,1,0,'Bohrer VHM TiAlN 5xD IK UNI','DIN6537 HB  10,60 mm  PRECI-GP','','','Bilder Sonstige Lieferanten\\Default\\default.jpg','',''),(101,'5612 3.800',2,2,0,1,1,1,1,'Bohrer VHM TiAlN 7xD IK UNI','DIN6537 HA   3,80 mm','3,80','','5612.jpg','',''),(102,'1027860480',0,0,0,1,1,1,0,'Bohrer VHM TiAlN 8xD IK UNI','DIN6537 HA   4,80 mm PRECI-GP','','','Bilder Sonstige Lieferanten\\Default\\default.jpg','',''),(103,'1027860490',0,0,0,1,1,1,0,'Bohrer VHM TiAlN 8xD IK UNI','DIN6537 HA   4,90 mm PRECI-GP','','','Bilder Sonstige Lieferanten\\Default\\default.jpg','',''),(104,'1027860700',0,0,0,1,1,1,0,'Bohrer VHM TiAlN 8xD IK UNI','DIN6537 HA   7,00 mm PRECI-GP','','','Bilder Sonstige Lieferanten\\Default\\default.jpg','',''),(105,'1027861100',0,0,0,1,1,1,0,'Bohrer VHM TiAlN 8xD IK UNI','DIN6537 HA  11,00 mm PRECI-GP','','','Bilder Sonstige Lieferanten\\Default\\default.jpg','',''),(106,'1027861220',0,0,0,1,1,1,0,'Bohrer VHM TiAlN 8xD IK UNI','DIN6537 HA  12,20 mm PRECI-GP','','','Bilder Sonstige Lieferanten\\Default\\default.jpg','',''),(107,'301 1.000',0,0,0,2,1,1,0,'Kleinstbohrer ohne IK 5xD','D=01.00 L2=06.80 Ds=01.50','','','Bilder Sonstige Lieferanten\\Default\\default.jpg','',''),(108,'5652 1.000',0,0,0,3,10,1,0,'Spiralbohrer VHM TiAlN UNI','DIN 338N     1,00mm PRECITOOL,DIN 338','','','5652.jpg','',''),(109,'5652 1.100',0,0,0,3,10,1,0,'Spiralbohrer VHM TiAlN UNI','DIN 338N     1,10mm PRECITOOL,DIN 338','','','5652.jpg','',''),(110,'5652 1.200',0,0,0,3,10,1,0,'Spiralbohrer VHM TiAlN UNI','DIN 338N     1,20mm PRECITOOL,DIN 338','','','5652.jpg','',''),(111,'5652 1.400',0,0,0,3,10,1,0,'Spiralbohrer VHM TiAlN UNI','DIN 338N     1,40mm PRECITOOL,DIN 338','','','5652.jpg','',''),(112,'5652 1.800',0,0,0,3,10,1,0,'Spiralbohrer VHM TiAlN UNI','DIN 338N     1,80mm PRECITOOL,DIN 338','','','5652.jpg','',''),(113,'5652 1.900',0,0,0,3,10,1,0,'Spiralbohrer VHM TiAlN UNI','DIN 338N     1,90mm PRECITOOL,DIN 338','','','5652.jpg','',''),(114,'1026250200',0,0,0,3,10,1,0,'Spiralbohrer VHM TiAlN UNI','DIN 338N     2,00mm PRECITOOL,DIN 338','','','Bilder Sonstige Lieferanten\\Default\\default.jpg','',''),(115,'1026250230',0,0,0,3,1,1,0,'Spiralbohrer VHM TiAlN UNI','DIN 338N     2,30mm PRECITOOL,DIN 338','','','Bilder Sonstige Lieferanten\\Default\\default.jpg','',''),(116,'1026250240',0,0,0,3,1,1,0,'Spiralbohrer VHM TiAlN UNI','DIN 338N     2,40mm PRECITOOL,DIN 338','','','Bilder Sonstige Lieferanten\\Default\\default.jpg','',''),(117,'730 0.500',0,0,0,3,1,1,0,'VHM Bohrer Mini 3xD','D=0.50 l1=3','','','730.jpg','',''),(118,'6487 0.950',1,1,0,2,1,1,0,'VHM Kleinstbohrer mit IK 3xD','D=0.95','','','Bilder Sonstige Lieferanten\\ghring\\6405.jpg','',''),(119,'6488 1.300',0,0,0,2,1,1,0,'VHM Kleinstbohrer mit IK 3xD','D=1.3 ','','','Bilder Sonstige Lieferanten\\ghring\\6405.jpg','',''),(120,'6405 1.450',0,0,0,2,1,1,0,'VHM Kleinstbohrer mit IK 5xD','D=01.45 L=12.00 Ds=04.00','','','6405.jpg','',''),(121,'6405 1.500',3,-1,0,3,1,1,0,'VHM Kleinstbohrer mit IK 5xD','D=01.50 L=12.00 Ds=04.00','','','6405.jpg','',''),(122,'6405 1.550',0,0,0,2,1,1,0,'VHM Kleinstbohrer mit IK 5xD','D=01.55 L=12.00 Ds=04.00','','','6405.jpg','',''),(123,'6405 1.700',2,-1,0,3,1,1,0,'VHM Kleinstbohrer mit IK 5xD','D=01.70 L=14.00 Ds=04.00','','','6405.jpg','',''),(124,'6405 1.850',0,0,0,2,1,1,0,'VHM Kleinstbohrer mit IK 5xD','D=01.85 L=15.00 Ds=04.00','','','6405.jpg','',''),(125,'6405 2.000',0,0,0,2,1,1,0,'VHM Kleinstbohrer mit IK 5xD','D=02.00 L=16.00 Ds=04.00','','','6405.jpg','',''),(126,'6405 2.200',6,-1,0,2,1,1,0,'VHM Kleinstbohrer mit IK 5xD','D=02.20 L=18.00 Ds=04.00','','','6405.jpg','',''),(127,'6405 2.300',0,0,0,2,1,1,0,'VHM Kleinstbohrer mit IK 5xD','D=02.30 L=18.00 Ds=04.00','','','6405.jpg','',''),(128,'6405 2.550',0,0,0,2,1,1,0,'VHM Kleinstbohrer mit IK 5xD','D=02.55 L=20.00 Ds=04.00','','','6405.jpg','',''),(129,'6408 2.000',0,0,0,2,1,1,0,'VHM Kleinstbohrer mit IK 8xD','D=02.00 L=19.50 Ds=04.00','','','6408.jpg','',''),(130,'6400 1.000',0,0,0,1,1,1,0,'VHM Kleinstbohrer ohne IK 4xD','D=01.00 L1=06.00 Ds=3.00','','','6400.jpg','',''),(131,'6400 2.200',0,0,0,2,1,1,0,'VHM Kleinstbohrer ohne IK 4xD','D=02.00 L1=13.20 Ds=3.00','','','6400.jpg','',''),(132,'5525 3.100',0,0,0,1,1,1,0,'VHM Ratiobohrer mit IK 12xD','D=3.1 Ds=6 Ln=50','','','Bilder Sonstige Lieferanten\\ghring\\5525.jpg','',''),(133,'5525 6.000',0,0,0,1,1,1,0,'VHM Ratiobohrer mit IK 12xD','D=06.00 Ln=78','','','Bilder Sonstige Lieferanten\\ghring\\5525.jpg','',''),(134,'5525 6.500',0,0,0,1,1,1,0,'VHM Ratiobohrer mit IK 12xD','D=6.5 Ds=8 Ln=108','','','Bilder Sonstige Lieferanten\\ghring\\5525.jpg','',''),(135,'5525 9.000',0,0,0,1,1,1,0,'VHM Ratiobohrer mit IK 12xD','D=9 Ln=120','','','Bilder Sonstige Lieferanten\\ghring\\5525.jpg','',''),(136,'5525 3.000',0,0,0,1,1,1,0,'VHM Ratiobohrer mit IK 12xD','D=03.00 L1=50.00','','','5525.jpg','',''),(137,'5525 5.300',0,0,0,2,1,1,0,'VHM Ratiobohrer mit IK 12xD','D=05.30 L1=78.00','','','5525.jpg','',''),(138,'5525 6.400',0,0,0,2,1,1,0,'VHM Ratiobohrer mit IK 12xD','D=06.40 L1=108.00','','','5525.jpg','',''),(139,'5525 9.500',0,0,0,2,1,1,0,'VHM Ratiobohrer mit IK 12xD','D=09.50 L1=120.00','','','5525.jpg','',''),(140,'5513 3.000',0,0,0,1,1,1,0,'VHM Ratiobohrer mit IK D=3 mit 12xD','(Ls=42) (Ln=55) Ds=6','','','Bilder Sonstige Lieferanten\\ghring\\5513.jpg','',''),(141,'5612 3.100',4,4,0,1,1,1,0,'VHM-Bohrer 7xD IK UNI','D=03.10 L2=30.00','3,10','','5612.jpg','',''),(142,'5612 10.200',0,0,0,2,1,1,0,'VHM-Bohrer 7xD IK UNI','D=10.20 L2=106.00','','','Bilder Sonstige Lieferanten\\Default\\default.jpg','',''),(143,'5612 11.800',0,0,0,1,1,1,0,'VHM-Bohrer 7xD IK UNI','D=11.80 L2=114.00','','','Bilder Sonstige Lieferanten\\Default\\default.jpg','',''),(144,'5612 5.200',0,0,0,1,1,1,0,'VHM-Bohrer 7xD IK UNI','D=05.20 L2=50.00','','','Bilder Sonstige Lieferanten\\Default\\default.jpg','',''),(145,'5612 5.800',0,0,0,1,1,1,0,'VHM-Bohrer 7xD IK UNI','D=05.80 L2=57.00','','','Bilder Sonstige Lieferanten\\Default\\default.jpg','',''),(146,'5612 7.500',0,0,0,1,1,1,0,'VHM-Bohrer 7xD IK UNI','D=07.50 L2=76.00','','','Bilder Sonstige Lieferanten\\Default\\default.jpg','',''),(147,'5612 7.800',0,0,0,1,1,1,0,'VHM-Bohrer 7xD IK UNI','D=07.80 L2=76.00','','','Bilder Sonstige Lieferanten\\Default\\default.jpg','',''),(148,'5612 8.000',0,0,0,1,1,1,0,'VHM-Bohrer 7xD IK UNI','D=08.00 L2=76.00','','','Bilder Sonstige Lieferanten\\Default\\default.jpg','',''),(149,'5612 8.300',0,0,0,1,1,1,0,'VHM-Bohrer 7xD IK UNI','D=08.10 L2=87.00','','','Bilder Sonstige Lieferanten\\Default\\default.jpg','',''),(150,'5518 3.000',0,0,0,1,1,1,0,'VHM-Kleinstbohrer 3-Schneidig','D=03.00 ','','','Bilder Sonstige Lieferanten\\Default\\default.jpg','',''),(151,'5510 3.400',0,0,0,3,1,1,0,'VHM-Kleinstbohrer mit IK ','D=03.40 L=28','','','6023.jpg','',''),(152,'6512 3.000',0,0,0,1,1,1,0,'VHM-Ratiobohrer mit IK 25xD','D=03.00 L1=81.00','','','Bilder Sonstige Lieferanten\\Default\\default.jpg','',''),(153,'5510 14.300',0,0,0,1,1,1,0,'VHM-Ratiobohrer mit IK 3xD','D=14.30 L1=65.00 Ds=16','','','6023.jpg','',''),(154,'5510 9.250',0,0,0,1,1,1,0,'VHM-Ratiobohrer mit IK 3xD','D=09.25 L1=47.00 Ds=10','','','6023.jpg','',''),(155,'6023 13.300',0,0,0,1,1,1,0,'VHM-Ratiobohrer mit IK 4xD','D=13.30 Ln=60','','','Bilder Sonstige Lieferanten\\ghring\\6026.jpg','',''),(156,'5611 10.100',0,0,0,2,1,1,0,'VHM-Ratiobohrer mit IK 5xD','D=10.10 L1=71.00','','','Bilder Sonstige Lieferanten\\Default\\default.jpg','',''),(157,'5650 9.400',0,0,0,1,1,1,0,'VHM-Ratiobohrer mit IK 5xD','D=09.40 L1=61.00','9,40','','5650.jpg','',''),(158,'5512 10.100',0,0,0,1,1,1,0,'VHM-Ratiobohrer mit IK 7xD','D=10.10 Ln=106','','','Bilder Sonstige Lieferanten\\ghring\\5510.jpg','',''),(159,'128000050',0,0,0,1,1,1,0,'Maschinen-Reibahle HSSE','DIN 208B    5,00 mm PRECITOOL,DIN 208 B  H7','','','Bilder Sonstige Lieferanten\\Default\\default.jpg','',''),(160,'128000060',0,0,0,1,1,1,0,'Maschinen-Reibahle HSSE','DIN 208B    6,00 mm PRECITOOL,DIN 208 B  H7','','','Bilder Sonstige Lieferanten\\Default\\default.jpg','',''),(161,'128000070',0,0,0,1,1,1,0,'Maschinen-Reibahle HSSE','DIN 208B    7,00 mm PRECITOOL,DIN 208 B  H7','','','Bilder Sonstige Lieferanten\\Default\\default.jpg','',''),(162,'128000110',0,0,0,1,1,1,0,'Maschinen-Reibahle HSSE','DIN 208B   11,00 mm PRECITOOL,DIN 208 B  H7','','','Bilder Sonstige Lieferanten\\Default\\default.jpg','',''),(163,'128000120',0,0,0,1,1,1,0,'Maschinen-Reibahle HSSE','DIN 208B   12,00 mm PRECITOOL,DIN 208 B  H7','','','Bilder Sonstige Lieferanten\\Default\\default.jpg','',''),(164,'128000140',0,0,0,1,1,1,0,'Maschinen-Reibahle HSSE','DIN 208B   14,00 mm PRECITOOL,DIN 208 B  H7','','','Bilder Sonstige Lieferanten\\Default\\default.jpg','',''),(165,'128000150',0,0,0,1,1,1,0,'Maschinen-Reibahle HSSE','DIN 208B   15,00 mm PRECITOOL,DIN 208 B  H7','','','Bilder Sonstige Lieferanten\\Default\\default.jpg','',''),(166,'1255000602',0,0,0,2,1,1,0,'Maschinen-Reibahle HSSE','DIN 212D    6,02 mm PRECITOOL,DIN 212 BD','','','Bilder Sonstige Lieferanten\\Default\\default.jpg','',''),(167,'1255000603',0,0,0,3,1,1,0,'Maschinen-Reibahle HSSE','DIN 212D    6,03 mm PRECITOOL,DIN 212 BD','','','Bilder Sonstige Lieferanten\\Default\\default.jpg','',''),(168,'1255000620',0,0,0,2,1,1,0,'Maschinen-Reibahle HSSE','DIN 212D    6,20 mm PRECITOOL,DIN 212 BD','','','Bilder Sonstige Lieferanten\\Default\\default.jpg','',''),(169,'1255000632',0,0,0,3,1,1,0,'Maschinen-Reibahle HSSE','DIN 212D    6,32 mm PRECITOOL,DIN 212 BD','','','Bilder Sonstige Lieferanten\\Default\\default.jpg','',''),(170,'1255000633',0,0,0,2,1,1,0,'Maschinen-Reibahle HSSE','DIN 212D    6,33 mm PRECITOOL,DIN 212 BD','','','Bilder Sonstige Lieferanten\\Default\\default.jpg','',''),(171,'1251003',0,0,0,2,1,1,0,'NC-Maschinen-Reibahle HSSE','Werksn.B    3,00 mm      BECK,DIN 212 BD  H7','','','Bilder Sonstige Lieferanten\\Default\\default.jpg','',''),(172,'1251005',0,0,0,2,1,1,0,'NC-Maschinen-Reibahle HSSE','Werksn.B    5,00 mm      BECK,DIN 212 BD  H7','','','Bilder Sonstige Lieferanten\\Default\\default.jpg','',''),(173,'1251007',0,0,0,2,1,1,0,'NC-Maschinen-Reibahle HSSE','Werksn.B    7,00 mm      BECK,DIN 212 BD  H7','','','Bilder Sonstige Lieferanten\\Default\\default.jpg','',''),(174,'1251008',0,0,0,1,1,1,0,'NC-Maschinen-Reibahle HSSE','Werksn.B    8,00 mm      BECK,DIN 212 BD  H7','','','Bilder Sonstige Lieferanten\\Default\\default.jpg','',''),(175,'1251009',0,0,0,1,1,1,0,'NC-Maschinen-Reibahle HSSE','Werksn.B    9,00 mm      BECK,DIN 212 BD  H7','','','Bilder Sonstige Lieferanten\\Default\\default.jpg','',''),(176,'12510012',0,0,0,2,1,1,0,'NC-Maschinen-Reibahle HSSE','Werksn.B   12,00 mm      BECK,DIN 212 BD  H7','','','Bilder Sonstige Lieferanten\\Default\\default.jpg','',''),(177,'12510013',0,0,0,1,1,1,0,'NC-Maschinen-Reibahle HSSE','Werksn.B   13,00 mm      BECK,DIN 212 BD  H7','','','Bilder Sonstige Lieferanten\\Default\\default.jpg','',''),(178,'12510014',0,0,0,1,1,1,0,'NC-Maschinen-Reibahle HSSE','Werksn.B   14,00 mm      BECK,DIN 212 BD  H7','','','Bilder Sonstige Lieferanten\\Default\\default.jpg','',''),(179,'125100015',1,1,0,2,1,1,0,'NC-Maschinen-Reibahle HSSE','Werksn.B    1,50 mm      BECK,DIN 212 BD  H7','','','Bilder Sonstige Lieferanten\\Default\\default.jpg','',''),(180,'125100025',3,3,0,2,1,1,0,'NC-Maschinen-Reibahle HSSE','Werksn.B    2,50 mm      BECK,DIN 212 BD  H7','','','Bilder Sonstige Lieferanten\\Default\\default.jpg','',''),(181,'125100026',0,0,0,2,1,1,0,'NC-Maschinen-Reibahle HSSE','Werksn.B    2,60 mm      BECK,DIN 212 BD  H7','','','Bilder Sonstige Lieferanten\\Default\\default.jpg','',''),(182,'125100032',1,1,0,1,1,1,0,'NC-Maschinen-Reibahle HSSE','Werksn.B    3,20 mm      BECK,DIN 212 BD  H7','','','Bilder Sonstige Lieferanten\\Default\\default.jpg','',''),(183,'125100035',2,2,0,2,1,1,0,'NC-Maschinen-Reibahle HSSE','Werksn.B    3,50 mm      BECK,DIN 212 BD  H7','','','Bilder Sonstige Lieferanten\\Default\\default.jpg','',''),(184,'125100036',0,0,0,2,1,1,0,'NC-Maschinen-Reibahle HSSE','Werksn.B    3,60 mm      BECK,DIN 212 BD  H7','','','Bilder Sonstige Lieferanten\\Default\\default.jpg','',''),(185,'125100045',2,2,0,2,1,1,0,'NC-Maschinen-Reibahle HSSE','Werksn.B    4,50 mm      BECK,DIN 212 BD  H7','','','Bilder Sonstige Lieferanten\\Default\\default.jpg','',''),(186,'125100046',0,0,0,2,1,1,0,'NC-Maschinen-Reibahle HSSE','Werksn.B    4,60 mm      BECK,DIN 212 BD  H7','','','Bilder Sonstige Lieferanten\\Default\\default.jpg','',''),(187,'125100047',0,0,0,2,1,1,0,'NC-Maschinen-Reibahle HSSE','Werksn.B    4,70 mm      BECK,DIN 212 BD  H7','','','Bilder Sonstige Lieferanten\\Default\\default.jpg','',''),(188,'125100051',0,0,0,2,1,1,0,'NC-Maschinen-Reibahle HSSE','Werksn.B    5,10 mm      BECK,DIN 212 BD  H7','','','Bilder Sonstige Lieferanten\\Default\\default.jpg','',''),(189,'125100055',0,0,0,2,1,1,0,'NC-Maschinen-Reibahle HSSE','Werksn.B    5,50 mm      BECK,DIN 212 BD  H7','','','Bilder Sonstige Lieferanten\\Default\\default.jpg','',''),(190,'125100056',0,0,0,2,1,1,0,'NC-Maschinen-Reibahle HSSE','Werksn.B    5,60 mm      BECK,DIN 212 BD  H7','','','Bilder Sonstige Lieferanten\\Default\\default.jpg','',''),(191,'125100057',0,0,0,2,1,1,0,'NC-Maschinen-Reibahle HSSE','Werksn.B    5,70 mm      BECK,DIN 212 BD  H7','','','Bilder Sonstige Lieferanten\\Default\\default.jpg','',''),(192,'125100058',0,0,0,2,1,1,0,'NC-Maschinen-Reibahle HSSE','Werksn.B    5,80 mm      BECK,DIN 212 BD  H7','','','Bilder Sonstige Lieferanten\\Default\\default.jpg','',''),(193,'125100059',0,0,0,2,1,1,0,'NC-Maschinen-Reibahle HSSE','Werksn.B    5,90 mm      BECK,DIN 212 BD  H7','','','Bilder Sonstige Lieferanten\\Default\\default.jpg','',''),(194,'125100075',0,0,0,1,1,1,0,'NC-Maschinen-Reibahle HSSE','Werksn.B    7,50 mm      BECK,DIN 212 BD  H7','','','Bilder Sonstige Lieferanten\\Default\\default.jpg','',''),(195,'125100077',0,0,0,2,1,1,0,'NC-Maschinen-Reibahle HSSE','Werksn.B    7,70 mm      BECK,DIN 212 BD  H7','','','Bilder Sonstige Lieferanten\\Default\\default.jpg','',''),(196,'125100078',0,0,0,2,1,1,0,'NC-Maschinen-Reibahle HSSE','Werksn.B    7,80 mm      BECK,DIN 212 BD  H7','','','Bilder Sonstige Lieferanten\\Default\\default.jpg','',''),(197,'125100079',0,0,0,2,1,1,0,'NC-Maschinen-Reibahle HSSE','Werksn.B    7,90 mm      BECK,DIN 212 BD  H7','','','Bilder Sonstige Lieferanten\\Default\\default.jpg','',''),(198,'125100081',0,0,0,2,1,1,0,'NC-Maschinen-Reibahle HSSE','Werksn.B    8,10 mm      BECK,DIN 212 BD  H7','','','Bilder Sonstige Lieferanten\\Default\\default.jpg','',''),(199,'125100086',0,0,0,2,1,1,0,'NC-Maschinen-Reibahle HSSE','Werksn.B    8,60 mm      BECK,DIN 212 BD  H7','','','Bilder Sonstige Lieferanten\\Default\\default.jpg','',''),(200,'125100096',0,0,0,2,1,1,0,'NC-Maschinen-Reibahle HSSE','Werksn.B    9,60 mm      BECK,DIN 212 BD  H7','','','Bilder Sonstige Lieferanten\\Default\\default.jpg','',''),(201,'1251000298',0,0,0,2,1,1,0,'NC-Maschinen-Reibahle HSSE','Werksn.B    2,98 mm      BECK,DIN 212 BD  H7','','','Bilder Sonstige Lieferanten\\Default\\default.jpg','',''),(202,'1251000301',4,4,0,1,1,1,0,'NC-Maschinen-Reibahle HSSE','Werksn.B    3,01 mm      BECK,DIN 212 BD  H7','','','Bilder Sonstige Lieferanten\\Default\\default.jpg','',''),(203,'1251000302',0,0,0,2,1,1,0,'NC-Maschinen-Reibahle HSSE','Werksn.B    3,02 mm      BECK,DIN 212 BD  H7','','','Bilder Sonstige Lieferanten\\Default\\default.jpg','',''),(204,'1251000398',0,0,0,1,1,1,0,'NC-Maschinen-Reibahle HSSE','Werksn.B    3,98 mm      BECK,DIN 212 BD  H7','','','Bilder Sonstige Lieferanten\\Default\\default.jpg','',''),(205,'1251000401',0,0,0,1,1,1,0,'NC-Maschinen-Reibahle HSSE','Werksn.B    4,01 mm      BECK,DIN 212 BD  H7','','','Bilder Sonstige Lieferanten\\Default\\default.jpg','',''),(206,'1251000402',0,0,0,1,1,1,0,'NC-Maschinen-Reibahle HSSE','Werksn.B    4,02 mm      BECK,DIN 212 BD  H7','','','Bilder Sonstige Lieferanten\\Default\\default.jpg','',''),(207,'1251000498',0,0,0,1,1,1,0,'NC-Maschinen-Reibahle HSSE','Werksn.B    4,98 mm      BECK,DIN 212 BD  H7','','','Bilder Sonstige Lieferanten\\Default\\default.jpg','',''),(208,'1251000499',0,0,0,1,1,1,0,'NC-Maschinen-Reibahle HSSE','Werksn.B    4,99 mm      BECK,DIN 212 BD  H7','','','Bilder Sonstige Lieferanten\\Default\\default.jpg','',''),(209,'1251000502',0,0,0,1,1,1,0,'NC-Maschinen-Reibahle HSSE','Werksn.B    5,02 mm      BECK,DIN 212 BD  H7','','','Bilder Sonstige Lieferanten\\Default\\default.jpg','',''),(210,'1251000598',0,0,0,2,1,1,0,'NC-Maschinen-Reibahle HSSE','Werksn.B    5,98 mm      BECK,DIN 212 BD  H7','','','Bilder Sonstige Lieferanten\\Default\\default.jpg','',''),(211,'1251000599',0,0,0,1,1,1,0,'NC-Maschinen-Reibahle HSSE','Werksn.B    5,99 mm      BECK,DIN 212 BD  H7','','','Bilder Sonstige Lieferanten\\Default\\default.jpg','',''),(212,'1251000602',0,0,0,1,1,1,0,'NC-Maschinen-Reibahle HSSE','Werksn.B    6,02 mm      BECK,DIN 212 BD  H7','','','Bilder Sonstige Lieferanten\\Default\\default.jpg','',''),(213,'1251000798',0,0,0,1,1,1,0,'NC-Maschinen-Reibahle HSSE','Werksn.B    7,98 mm      BECK,DIN 212 BD  H7','','','Bilder Sonstige Lieferanten\\Default\\default.jpg','',''),(214,'1251000801',0,0,0,1,1,1,0,'NC-Maschinen-Reibahle HSSE','Werksn.B    8,01 mm      BECK,DIN 212 BD  H7','','','Bilder Sonstige Lieferanten\\Default\\default.jpg','',''),(215,'1251000998',0,0,0,1,1,1,0,'NC-Maschinen-Reibahle HSSE','Werksn.B    9,98 mm      BECK,DIN 212 BD  H7','','','Bilder Sonstige Lieferanten\\Default\\default.jpg','',''),(216,'1251001001',0,0,0,1,1,1,0,'NC-Maschinen-Reibahle HSSE','Werksn.B   10,01 mm      BECK,DIN 212 BD  H7','','','Bilder Sonstige Lieferanten\\Default\\default.jpg','',''),(217,'1251001002',0,0,0,1,1,1,0,'NC-Maschinen-Reibahle HSSE','Werksn.B   10,02 mm      BECK,DIN 212 BD  H7','','','Bilder Sonstige Lieferanten\\Default\\default.jpg','',''),(218,'1251000403',0,0,0,1,1,1,0,'NC-Maschinen-Reibahle HSSE (Ghring 6020)','Werksn.B    4,03 mm      BECK,DIN 212 BD  H7','','','Bilder Sonstige Lieferanten\\Default\\default.jpg','',''),(219,'1685 7.000',0,0,0,1,1,1,0,'VHM Hochleistungsreibahle mit IK','D=07.00 L1=65.00','','','Bilder Sonstige Lieferanten\\Default\\default.jpg','',''),(220,'106100030',0,0,0,2,10,1,0,'NC-Anbohrer HSS-Co 90','ISO10898N   3,00 mm PRECITOOL,DIN 1835 B','','','Bilder Sonstige Lieferanten\\Default\\default.jpg','',''),(221,'106100050',2,2,0,1,10,1,0,'NC-Anbohrer HSS-Co 90','ISO10898N   5,00 mm PRECITOOL,DIN 1835 B','','','Bilder Sonstige Lieferanten\\Default\\default.jpg','',''),(222,'106100100',0,0,0,2,10,1,0,'NC-Anbohrer HSS-Co 90','ISO10898N  10,00 mm PRECITOOL,DIN 1835 B','','','Bilder Sonstige Lieferanten\\Default\\default.jpg','',''),(223,'106100120',0,0,0,2,1,1,0,'NC-Anbohrer HSS-Co 90','ISO10898N  12,00 mm PRECITOOL,DIN 1835 B','','','Bilder Sonstige Lieferanten\\Default\\default.jpg','',''),(224,'106100160',0,0,0,2,1,1,0,'NC-Anbohrer HSS-Co 90','ISO10898N  16,00 mm PRECITOOL,DIN 1835 B','','','Bilder Sonstige Lieferanten\\Default\\default.jpg','',''),(225,'106130040',0,0,0,2,10,1,0,'NC-Anbohrer HSS-Co TiAlN 90','ISO10898N   4,00 mm PRECITOOL,DIN 1835 B','','','Bilder Sonstige Lieferanten\\Default\\default.jpg','',''),(226,'106130060',0,0,0,2,10,1,0,'NC-Anbohrer HSS-Co TiAlN 90','ISO10898N   6,00 mm PRECITOOL,DIN 1835 B','','','Bilder Sonstige Lieferanten\\Default\\default.jpg','',''),(227,'106130080',0,0,0,2,10,1,0,'NC-Anbohrer HSS-Co TiAlN 90','ISO10898N   8,00 mm PRECITOOL,DIN 1835 B','','','Bilder Sonstige Lieferanten\\Default\\default.jpg','',''),(228,'106130100',0,0,0,2,10,1,0,'NC-Anbohrer HSS-Co TiAlN 90','ISO10898N  10,00 mm PRECITOOL,DIN 1835 B','','','Bilder Sonstige Lieferanten\\Default\\default.jpg','',''),(229,'106130120',0,0,0,1,1,1,0,'NC-Anbohrer HSS-Co TiAlN 90','ISO10898N  12,00 mm PRECITOOL,DIN 1835 B','','','Bilder Sonstige Lieferanten\\Default\\default.jpg','',''),(230,'106130160',0,0,0,1,1,1,0,'NC-Anbohrer HSS-Co TiAlN 90','ISO10898N  16,00 mm PRECITOOL,DIN 1835 B','','','Bilder Sonstige Lieferanten\\Default\\default.jpg','',''),(231,'110110083',0,0,0,2,1,1,0,'Kegelsenker HSS 90','DIN 335C    8,30 mm PRECITOOL,DIN 335 C','','','Bilder Sonstige Lieferanten\\Default\\default.jpg','',''),(232,'110110104',0,0,0,2,1,1,0,'Kegelsenker HSS 90','DIN 335C   10,40 mm PRECITOOL,DIN 335 C','','','Bilder Sonstige Lieferanten\\Default\\default.jpg','',''),(233,'110110150',0,0,0,2,1,1,0,'Kegelsenker HSS 90','DIN 335C   15,00 mm PRECITOOL,DIN 335 C','','','Bilder Sonstige Lieferanten\\Default\\default.jpg','',''),(234,'110110165',0,0,0,2,1,1,0,'Kegelsenker HSS 90','DIN 335C   16,50 mm PRECITOOL,DIN 335 C','','','Bilder Sonstige Lieferanten\\Default\\default.jpg','',''),(235,'582 0.500',0,0,0,1,1,1,0,'Zen','D=00.50 L2=25 Ds=3.15','','','Bilder Sonstige Lieferanten\\Default\\default.jpg','',''),(236,'1050050160',0,0,0,2,10,1,0,'Zentrierbohrer HSS  60','DIN  333A   1,60 mm PRECITOOL,DIN 333 A','','','Bilder Sonstige Lieferanten\\Default\\default.jpg','',''),(237,'1050050200',0,0,0,2,10,1,0,'Zentrierbohrer HSS  60','DIN  333A   2,00 mm PRECITOOL,DIN 333 A','','','Bilder Sonstige Lieferanten\\Default\\default.jpg','',''),(238,'1050050250',0,0,0,2,10,1,0,'Zentrierbohrer HSS  60','DIN  333A   2,50 mm PRECITOOL,DIN 333 A','','','Bilder Sonstige Lieferanten\\Default\\default.jpg','',''),(239,'1050050400',0,0,0,2,10,1,0,'Zentrierbohrer HSS  60','DIN  333A   4,00 mm PRECITOOL,DIN 333 A','','','Bilder Sonstige Lieferanten\\Default\\default.jpg','',''),(240,'5018 6.000',0,0,0,2,1,1,0,'Einlippenbohrer mit IK 20xD','D=06.00 L1=160.00','','','Bilder Sonstige Lieferanten\\Default\\default.jpg','',''),(241,'5018 6.500',0,0,0,1,1,1,0,'Einlippenbohrer mit IK 20xD','D=06.50 L1=170.00','','','Bilder Sonstige Lieferanten\\Default\\default.jpg','',''),(242,'5647 3.000',0,0,0,1,1,1,0,'Einlippenbohrer mit IK 50xD','D=03.00 Lges=230.00','','','Bilder Sonstige Lieferanten\\Default\\default.jpg','',''),(243,'KORLOY MSFD 033-2P',0,0,0,2,0,1,0,'Flachbohrer Kurz','L1=13.90 L2=L1+1.00 L=50.00','','','Bilder Sonstige Lieferanten\\Isak\\Korloy\\ccet2.jpg','',''),(244,'KORLOY MSFD 040-2P',0,0,0,1,0,1,0,'Flachbohrer Kurz','L1=16.80 L2=L1+1.00 L=50.00','','','Bilder Sonstige Lieferanten\\Isak\\Korloy\\ccet2.jpg','',''),(245,'KORLOY MSFD 041-2P',0,0,0,1,0,1,0,'Flachbohrer Kurz','L1=17.20 L2=L1+1.00 L=60.00','','','Bilder Sonstige Lieferanten\\Isak\\Korloy\\ccet2.jpg','',''),(246,'KORLOY MSFD 042-2P',0,0,0,2,0,1,0,'Flachbohrer Kurz','L1=17.60 L2=L1+1.00 L=60.00','','','Bilder Sonstige Lieferanten\\Isak\\Korloy\\ccet2.jpg','',''),(247,'KORLOY MSFD 050-2P',0,0,0,2,0,1,0,'Flachbohrer Kurz','L1=21.00 L2=L1+1.00 L=60.00','','','Bilder Sonstige Lieferanten\\Isak\\Korloy\\ccet2.jpg','',''),(248,'KORLOY MSFD 055-2P',0,0,0,2,0,1,0,'Flachbohrer Kurz','L1=23.10 L2=L1+1.00 L=60.00','','','Bilder Sonstige Lieferanten\\Isak\\Korloy\\ccet2.jpg','',''),(249,'KORLOY MSFD 060-2P',0,0,0,1,0,1,0,'Flachbohrer Kurz','L1=25.20 L2=L1+1.00 L=60.00','','','Bilder Sonstige Lieferanten\\Isak\\Korloy\\ccet2.jpg','',''),(250,'KORLOY MSFD 080-2P',0,0,0,2,0,1,0,'Flachbohrer Kurz','L1=33.60 L2=L1+1.00 L=70.00','','','Bilder Sonstige Lieferanten\\Isak\\Korloy\\ccet2.jpg','',''),(251,'KORLOY MSFD 14.2-2P',1,1,0,1,0,1,0,'Flachbohrer Kurz','D=14.2','','','Bilder Sonstige Lieferanten\\Isak\\Korloy\\ccet2.jpg','',''),(252,'9000 2.500',0,0,0,2,1,1,0,'HSS-Bohrer Uni','D=02.50 l2=57','','','Bilder Sonstige Lieferanten\\Default\\default.jpg','',''),(253,'9000 3.300',0,0,0,2,1,1,0,'HSS-Bohrer Uni','D=03.30 l2=65','','','Bilder Sonstige Lieferanten\\Default\\default.jpg','',''),(254,'9000 4.200',0,0,0,2,1,1,0,'HSS-Bohrer Uni','D=04.20 l2=75','','','Bilder Sonstige Lieferanten\\Default\\default.jpg','',''),(255,'9000 5.000',0,0,0,2,1,1,0,'HSS-Bohrer Uni','D=05.00 l2=86','','','Bilder Sonstige Lieferanten\\Default\\default.jpg','',''),(256,'5646 3.000',0,0,0,2,1,1,0,'VHM Einlippenbohrer mit IK 25xD','D=03.00 L1=105.00','','','Bilder Sonstige Lieferanten\\Default\\default.jpg','',''),(257,'5646 4.000',0,0,0,2,1,1,0,'VHM Einlippenbohrer mit IK 25xD','D=04.00 L1=120.00','','','Bilder Sonstige Lieferanten\\Default\\default.jpg','',''),(258,'5020 2.500',0,0,0,2,1,1,0,'VHM Einlippenbohrer mit IK 35xD','D=02.50 L1=80.00 Ds=10.00','','','Bilder Sonstige Lieferanten\\Default\\default.jpg','',''),(259,'5020 3.000',0,0,0,2,1,1,0,'VHM Einlippenbohrer mit IK 35xD','D=03.00 L1=80.00 Ds=10.00','','','Bilder Sonstige Lieferanten\\Default\\default.jpg','',''),(260,'5021 2.000',0,0,0,1,1,1,0,'VHM Einlippenbohrer mit IK extra lang','D=02.00 L1=205.00 Ds=04.00','','','Bilder Sonstige Lieferanten\\Default\\default.jpg','',''),(261,'5639 7.938',0,0,0,1,1,1,0,'VHM Tieflochbohrer','D=7.938','7,94','','5639.jpg','',''),(262,'769 12.500',0,0,0,1,1,1,0,'VHM-Ratiobohrer mit IK ~10xD','D=12.50 Ln=133','','','Bilder Sonstige Lieferanten\\ghring\\769.jpg','',''),(263,'770 8.000',0,0,0,1,1,1,0,'VHM-Ratiobohrer mit IK 10xD','D=08.00 L1=106.00','','','Bilder Sonstige Lieferanten\\Default\\default.jpg','',''),(264,'6069 12.000',0,0,0,1,1,1,0,'VHM-Ratiobohrer mit IK 3xD mit IK Kanonenbohrer','D=12.00 Ln=114','','','Bilder Sonstige Lieferanten\\ghring\\6069.jpg','',''),(265,'768 12.500',0,0,0,1,1,1,0,'VHM-Ratiobohrer mit IK 4xD','D=12.50 L1=74.00','','','Bilder Sonstige Lieferanten\\Default\\default.jpg','',''),(266,'768 16.000',0,0,0,1,1,1,0,'VHM-Ratiobohrer mit IK 4xD','D=16.00 L1=83.00','','','Bilder Sonstige Lieferanten\\Default\\default.jpg','',''),(267,'768 17.000',0,0,0,1,1,1,0,'VHM-Ratiobohrer mit IK 4xD','D=17.00 L1=93.00','','','Bilder Sonstige Lieferanten\\Default\\default.jpg','',''),(268,'768 4.000',0,0,0,2,1,1,0,'VHM-Ratiobohrer mit IK 4xD','D=04.00 L1=30.00','','','Bilder Sonstige Lieferanten\\Default\\default.jpg','',''),(269,'768 8.000',0,0,0,1,1,1,0,'VHM-Ratiobohrer mit IK 4xD','D=08.00 L1=53.00','','','Bilder Sonstige Lieferanten\\Default\\default.jpg','',''),(270,'6069 4.200',0,0,0,2,1,1,0,'VHM-Ratiobohrer mit IK 7xD','D=04.20 L1=45.00','','','Bilder Sonstige Lieferanten\\Default\\default.jpg','',''),(271,'769 10.500',0,0,0,2,1,1,0,'VHM-Ratiobohrer mit IK 7xD','D=10.50 L1=114.00','','','Bilder Sonstige Lieferanten\\Default\\default.jpg','',''),(272,'769 6.800',0,0,0,1,1,1,0,'VHM-Ratiobohrer mit IK 7xD','D=06.80 L1=76.00','','','Bilder Sonstige Lieferanten\\Default\\default.jpg','',''),(273,'SOMX073505-UM MC102',6,6,0,0,0,0,0,'Mitsubishi Bohren','073505er Platte','','','SOMX073505-UM.jpg','',''),(274,'SOMX073505-UM VP15TF',0,0,0,2,10,0,0,'Mitsubishi Bohren','073505er Platte','','','Bilder Sonstige Lieferanten\\Feike\\SOMX073505-UM.jpg','',''),(275,'SOMX094506-UM MC1020',0,0,0,2,10,0,0,'Mitsubishi Bohren','094506er Platte','','','Bilder Sonstige Lieferanten\\Feike\\SOMX094506-UM.jpg','',''),(276,'SOMX094506-UM VP15TF',0,0,0,2,10,0,0,'Mitsubishi Bohren','094606er Platte','','','Bilder Sonstige Lieferanten\\Feike\\SOMX094506-UM.jpg','',''),(277,'ISCAR WOHL 06T304-GF',0,0,0,5,0,1,0,'WSP Bohren','WOHL Gre 06','','','Bilder Sonstige Lieferanten\\Isak\\WOHL.jpg','',''),(278,'ISCAR WOHL 06T304-SW',0,0,0,3,0,1,0,'WSP Bohren','WOHL Gre 06','','','Bilder Sonstige Lieferanten\\Isak\\WOHL.jpg','',''),(279,'ISCAR WOHL 080404-GF ',0,0,0,3,0,1,0,'WSP Bohren','WOHL Gre 08','','','Bilder Sonstige Lieferanten\\Isak\\WOHL.jpg','',''),(280,'KOMET WCMX 006T308-86',0,0,0,1,0,1,0,'WSP Bohren','WCMX Gre 06','','','Bilder Sonstige Lieferanten\\Isak\\SPMT-PD.jpg','',''),(281,'KOMET WCMX 050308 HP3096',0,0,0,1,0,1,0,'WSP Bohren','WCMX Gre 05','','','Bilder Sonstige Lieferanten\\Isak\\SPMT-PD.jpg','',''),(282,'KOMET WCMX 050308-GW PM2035',2,2,0,1,0,1,0,'WSP Bohren','WCMX Gre 05','','','Bilder Sonstige Lieferanten\\Isak\\SPMT-PD.jpg','',''),(283,'KOMET WOEX 06T304-01 HP3096',0,0,0,1,0,1,0,'WSP Bohren','WOEX Gre 06','','','Bilder Sonstige Lieferanten\\Isak\\WOEX.jpg','',''),(284,'KOMET WOEX 06T304-01 PM2035',5,5,0,1,0,1,0,'WSP Bohren','WOEX Gre 06','','','Bilder Sonstige Lieferanten\\Isak\\WOEX.jpg','',''),(285,'KORLOY SPMT 050204-PD PC5300',11,11,0,3,0,1,0,'WSP Bohren','SPMT Gre 05','','','SPMT-PD.jpg','',''),(286,'KORLOY SPMT060204-PD PC5300',0,0,0,3,0,1,0,'WSP Bohren','SPMT Gre 06','','','Bilder Sonstige Lieferanten\\Isak\\SPMT-PD.jpg','',''),(287,'KORLOY SPMT07T208-PD PC5300',15,15,0,3,0,1,0,'WSP Bohren','SPMT Gre 07','','','Bilder Sonstige Lieferanten\\Isak\\SPMT-PD.jpg','',''),(288,'WIDIA LPGX10030834',0,0,0,1,0,1,0,'WSPn Bohren','LPGX','','','Bilder Sonstige Lieferanten\\Default\\default.jpg','',''),(289,'KORLOY K2D13020-04',0,0,0,1,0,1,0,'SPMT AuenXOMT Innen (GILT NUR FR Fa. KORLOY)','D=13 l=2D Plattengre 04','','','Bilder Sonstige Lieferanten\\Isak\\king.jpg','',''),(290,'KORLOY K2D13020-05',0,0,0,1,0,1,0,'SPMT AuenXOMT Innen (GILT NUR FR Fa. KORLOY)','D=13 l=2D Plattengre 05','','','Bilder Sonstige Lieferanten\\Isak\\king.jpg','',''),(291,'KORLOY K3D18025-06',0,0,0,1,0,1,0,'SPMT AuenXOMT Innen (GILT NUR FR Fa. KORLOY)','D=17 l=3D Plattengre 06','','','Bilder Sonstige Lieferanten\\Isak\\king.jpg','',''),(292,'KORLOY K3D19025-06',0,0,0,1,0,1,0,'SPMT AuenXOMT Innen (GILT NUR FR Fa. KORLOY)','D=18 l=3D Plattengre 06','','','Bilder Sonstige Lieferanten\\Isak\\king.jpg','',''),(293,'KORLOY K3D20025-07',0,0,0,1,0,1,0,'SPMT AuenXOMT Innen (GILT NUR FR Fa. KORLOY)','D=19 l=3D Plattengre 06','','','Bilder Sonstige Lieferanten\\Isak\\king.jpg','',''),(294,'KORLOY K3D21025-07',0,0,0,1,0,1,0,'SPMT AuenXOMT Innen (GILT NUR FR Fa. KORLOY)','D=20 l=3D Plattengre 07','','','Bilder Sonstige Lieferanten\\Isak\\king.jpg','',''),(295,'KORLOY K3D22025-07',0,0,0,1,0,1,0,'SPMT AuenXOMT Innen (GILT NUR FR Fa. KORLOY)','D=21 l=3D Plattengre 07','','','Bilder Sonstige Lieferanten\\Isak\\king.jpg','',''),(296,'KORLOY K4D16020-05',0,0,0,1,0,1,0,'SPMT AuenXOMT Innen (GILT NUR FR Fa. KORLOY)','D=16 l=4D Plattengre 05','','','Bilder Sonstige Lieferanten\\Isak\\king.jpg','',''),(297,'KORLOY K4D17025-06',0,0,0,1,0,1,0,'SPMT AuenXOMT Innen (GILT NUR FR Fa. KORLOY)','D=17 l=4D Plattengre 06','','','Bilder Sonstige Lieferanten\\Isak\\king.jpg','',''),(298,'KORLOY K4D18025-06',0,0,0,1,0,1,0,'SPMT AuenXOMT Innen (GILT NUR FR Fa. KORLOY)','D=18 l=4D Plattengre 06','','','Bilder Sonstige Lieferanten\\Isak\\king.jpg','',''),(299,'KORLOY K4D19025-06',0,0,0,1,0,1,0,'SPMT AuenXOMT Innen (GILT NUR FR Fa. KORLOY)','D=19 l=4D Plattengre 06','','','Bilder Sonstige Lieferanten\\Isak\\king.jpg','',''),(300,'KORLOY K4D20025-07',0,0,0,1,0,1,0,'SPMT AuenXOMT Innen (GILT NUR FR Fa. KORLOY)','D=20 l=4D Plattengre 07','','','Bilder Sonstige Lieferanten\\Isak\\king.jpg','',''),(301,'KORLOY K4D21025-07',0,0,0,1,0,1,0,'SPMT AuenXOMT Innen (GILT NUR FR Fa. KORLOY)','D=21 l=4D Plattengre 07','','','Bilder Sonstige Lieferanten\\Isak\\king.jpg','',''),(302,'KORLOY K4D22025-07',0,0,0,1,0,1,0,'SPMT AuenXOMT Innen (GILT NUR FR Fa. KORLOY)','D=22 l=4D Plattengre 07','','','Bilder Sonstige Lieferanten\\Isak\\king.jpg','',''),(303,'KORLOY K5D14020-05',0,0,0,1,0,1,0,'SPMT AuenXOMT Innen (GILT NUR FR Fa. KORLOY)','D=14 l=5D Plattengre 05','','','Bilder Sonstige Lieferanten\\Isak\\king.jpg','',''),(304,'KORLOY K5D22025-07',0,0,0,1,0,1,0,'SPMT AuenXOMT Innen (GILT NUR FR Fa. KORLOY)','D=22 l=5D Plattengre 07','','','Bilder Sonstige Lieferanten\\Isak\\king.jpg','',''),(305,'ISCAR DZ026-078-32-05',0,0,0,1,0,1,0,'Vollbohrer ISCAR Platten Typ WOHL','D=26mm l=78 Plattengre 05','','','Bilder Sonstige Lieferanten\\Isak\\DZ.jpg','',''),(306,'ISCAR DZ028-108-32-05',0,0,0,1,0,1,0,'Vollbohrer ISCAR Platten Typ WOHL','D=28mm l=108 Plattengre 05','','','Bilder Sonstige Lieferanten\\Isak\\DZ.jpg','',''),(307,'ISCAR DZ030-090-32-05',0,0,0,1,0,1,0,'Vollbohrer ISCAR Platten Typ WOHL','D=30mm l=90 Plattengre 05','','','Bilder Sonstige Lieferanten\\Isak\\DZ.jpg','',''),(308,'ISCAR DZ038-114-32-06',0,0,0,1,0,1,0,'Vollbohrer ISCAR Platten Typ WOHL','D=38mm l=114 Plattengre 06','','','Bilder Sonstige Lieferanten\\Isak\\DZ.jpg','',''),(309,'ISCAR DZ044-099-40-06',0,0,0,1,0,1,0,'Vollbohrer ISCAR Platten Typ WOHL','D=44mm l=99 Plattengre 06','','','Bilder Sonstige Lieferanten\\Isak\\DZ.jpg','',''),(310,'ISCAR DZ055-124-40-08',0,0,0,1,0,1,0,'Vollbohrer ISCAR Platten Typ WOHL','D=55 l=124 Plattengre 08','','','Bilder Sonstige Lieferanten\\Isak\\DZ.jpg','',''),(311,'KOMET V39 73600',0,0,0,1,0,1,0,'Vollbohrer KOMET Platten Typ WOEX','D=36mm l=2D Plattengre 06','','','Bilder Sonstige Lieferanten\\Isak\\KOMET.jpg','',''),(312,'KOMET V39 74000',0,0,0,1,0,1,0,'Vollbohrer KOMET Platten Typ WOEX','D=40mm l=2D Plattengre 06','','','Bilder Sonstige Lieferanten\\Isak\\KOMET.jpg','',''),(313,'WIDIA VOLLBOHRER TCD 19.2D',0,0,0,1,0,1,0,'Vollbohrer WIDAX Platten Typ LPGX','D=19mm l=2D','','','Bilder Sonstige Lieferanten\\Isak\\widax.jpg','',''),(314,'WIDIA Vollbohrer TCD 22.2D',0,0,0,1,0,1,0,'Vollbohrer WIDAX Platten Typ LPGX','D=22mm l=3D','','','Bilder Sonstige Lieferanten\\Isak\\widax.jpg','',''),(315,'WIDIA Vollbohrer TCD 22.3D',0,0,0,1,0,1,0,'Vollbohrer WIDAX Platten Typ LPGX','D=22mm l=2D','','','Bilder Sonstige Lieferanten\\Isak\\widax.jpg','',''),(316,'WIDIA Vollbohrer WCMX  27.4D',0,0,0,1,0,1,0,'Vollbohrer WIDAX Platten Typ WCMX','D=27mm l=4D','','','Bilder Sonstige Lieferanten\\Default\\default.jpg','',''),(317,'WIDIA Vollbohrer WCMX  37.4D',0,0,0,1,0,1,0,'Vollbohrer WIDAX Platten Typ WCMX','D=37mm l=4D','','','Bilder Sonstige Lieferanten\\Default\\default.jpg','',''),(318,'3684 6.750',0,0,0,1,1,1,0,'Bohrnutenfrser Mini (UNI)','D=06.75 Ds=8 l=15.4','','','default.jpg','',''),(319,'Schaftfrser D10',0,0,0,1,0,1,0,'Gemischte Frser','D10','','','Bilder Sonstige Lieferanten\\Default\\default.jpg','',''),(320,'Schaftfrser D12',0,0,0,1,0,1,0,'Gemischte Frser','D12','','','Bilder Sonstige Lieferanten\\Default\\default.jpg','',''),(321,'Schaftfrser D6',0,0,0,1,0,1,0,'Gemischte Frser','D6','','','default.jpg','',''),(322,'Schaftfrser D8',0,0,0,1,0,1,0,'Gemischte Frser','D8','','','default.jpg','',''),(323,'SCHAFTFRSER D16',0,0,0,1,0,1,0,'Gemischte Frser VA','D16','','','Bilder Sonstige Lieferanten\\Default\\default.jpg','',''),(324,'6772 12.000',0,0,0,1,1,1,0,'HSC-Kopierfrser High','D=12.00 L1=10 L2=73','','','Bilder Sonstige Lieferanten\\Default\\default.jpg','',''),(325,'6793 3.000',0,0,0,2,1,1,0,'Langlochfrser (1-Schneider ) Alu','D=03.00 L1=11.00 Z=1','','','default.jpg','',''),(326,'6793 4.000',0,0,0,2,1,1,0,'Langlochfrser (1-Schneider ) Alu','D=04.00 L1=12.00 Z=1','','','default.jpg','',''),(327,'6793 6.000',0,0,0,2,1,1,0,'Langlochfrser (1-Schneider ) Alu','D=06.00 L1=21.00 Z=1','','','default.jpg','',''),(328,'3361 16.000',0,0,0,2,1,1,0,'L-RAD. Kopierfrser','D=16.00 L2=24 Ds=16.00','','','Bilder Sonstige Lieferanten\\Default\\default.jpg','',''),(329,'MNF-2000-FG-MX70',0,0,0,2,1,0,0,'Mikrofrser','D=02.00 L=05.00 Z=2','','','Bilder Sonstige Lieferanten\\Jongen\\MNF.jpg','',''),(330,'5573 0.500',3,3,0,1,1,1,0,'Mini Frser D=0.50 VA  UNI','Ls=1.5 Ln=3.4 Ds=3','','','Bilder Sonstige Lieferanten\\ghring\\5573.jpg','',''),(331,'5573 1.000',1,1,0,2,1,1,0,'Mini Frser D=1.00 VA  UNI','Ls=2.0 Ln=3.9 Ds=3','','','Bilder Sonstige Lieferanten\\ghring\\5573.jpg','',''),(332,'1753150300',0,0,0,2,1,1,0,'Schaftfr.VHM-Alcr.ungl. m.Fase','Werksnorm UNI  3-Kurz  3,00 GP','','','default.jpg','',''),(333,'1753150400',0,0,0,2,1,1,0,'Schaftfr.VHM-Alcr.ungl. m.Fase','Werksnorm UNI  3-Kurz  4,00 GP','','','default.jpg','',''),(334,'1753150500',0,0,0,3,1,1,0,'Schaftfr.VHM-Alcr.ungl. m.Fase','Werksnorm UNI  3-Kurz  5,00 GP','','','default.jpg','',''),(335,'1754870400',0,0,0,2,1,1,0,'Schaftfr.VHM-Alcr.ungl. m.Fase','Werksnorm UNI  4-lang  4,00 GP','','','default.jpg','',''),(336,'1754870900',0,0,0,1,1,1,0,'Schaftfr.VHM-Alcr.ungl. m.Fase','Werksnorm UNI  4-lang  9,00 GP','','','default.jpg','',''),(337,'1754871400',0,0,0,1,1,1,0,'Schaftfr.VHM-Alcr.ungl. m.Fase','Werksnorm UNI  4-lang 14,00 GP','','','Bilder Sonstige Lieferanten\\Default\\default.jpg','',''),(338,'1755841400',0,0,0,1,1,1,0,'Schaftfr.VHM-Alno.ungl. m.Fase','Werksnorm INOX 4-kurz 14,00 GP','','','Bilder Sonstige Lieferanten\\Default\\default.jpg','',''),(339,'1755870500',0,0,0,1,1,1,0,'Schaftfr.VHM-Alno.ungl. m.Fase','Werksnorm INOX 4-lang  5,00 GP','','','default.jpg','',''),(340,'5505 8.000',0,0,0,2,1,1,0,'VHM Schaftfrser 8MM ','Ls=8  Ln=22 Z=3','','','default.jpg','',''),(341,'5505 14.000',0,0,0,1,1,1,0,'VHM Schaftfrser 14MM','LS=14 Ln=30 Z=3','','','Bilder Sonstige Lieferanten\\Default\\default.jpg','',''),(342,'5505 16.000',1,-1,0,1,1,1,0,'VHM Schaftfrser 16MM','LS=16 Ln=34 Z=3','','','Bilder Sonstige Lieferanten\\Default\\default.jpg','',''),(343,'1755880500',0,0,0,2,1,1,0,'Schaftfr.VHM-Alno.ungl. Scharf','Werksnorm INOX 4-lang  5,00 GP','','','default.jpg','',''),(344,'VHM 643-06 TI02',0,0,0,1,0,1,0,'Schlichtfrser','D=06.00 L=19.00 Z=6','','','vhm643.jpg','',''),(345,'VHM 643-08 TI02',0,0,0,1,0,1,0,'Schlichtfrser','D=08.00 L=28.00 Z=6','','','vhm643.jpg','',''),(346,'VHM 643-10 TI02',0,0,0,1,0,1,0,'Schlichtfrser','D=10.00 L=34.00 Z=6','','','vhm643.jpg','',''),(347,'3297 3.000',0,0,0,2,1,1,0,'VHM Bohrnutenfrser Alu','D=03.00 L1=11.40  Z=3','','','default.jpg','',''),(348,'3367 10.000',0,0,0,2,1,1,0,'VHM Bohrnutenfrser mit IK Alu','D=10.00 L1=30.00 Z=3 R=1.5','','','default.jpg','',''),(349,'3367 12.000',0,0,0,2,1,1,0,'VHM Bohrnutenfrser mit IK Alu','D=12.00 L1=36.00 Z=3 R=1.5','','','default.jpg','',''),(350,'3367 16.000',0,0,0,1,1,1,0,'VHM Bohrnutenfrser mit IK Alu','D=16.00 L1=42.00 Z=3 R=2.0','','','Bilder Sonstige Lieferanten\\Default\\default.jpg','',''),(351,'3367 6.000',0,0,0,2,1,1,0,'VHM Bohrnutenfrser mit IK Alu','D=06.00 L1=20.00 Z=3 R=1.0','','','default.jpg','',''),(352,'3367 8.000',0,0,0,2,1,1,0,'VHM Bohrnutenfrser mit IK Alu','D=08.00 L1=26.00 Z=3 R=1.0','','','default.jpg','',''),(353,'3677 2.500',0,0,0,2,1,1,0,'VHM Bohrnutenfrser universal','D=02.50 L1=10.00  Ds=D Z=3','','','Bilder Sonstige Lieferanten\\Default\\default.jpg','',''),(354,'3677 5.500',0,0,0,2,1,1,0,'VHM Bohrnutenfrser universal','D=05.50 L1=21.00  Ds=D Z=3','','','default.jpg','',''),(355,'3677 6.500',0,0,0,2,1,1,0,'VHM Bohrnutenfrser universal','D=06.50 L1=24.00  Ds=D Z=3','','','default.jpg','',''),(356,'ATORN Nr.:10910625',0,0,0,1,10,1,0,'VHM Frser kurz','D=04.50 Ds=6 Z=3 l1=7','','','default.jpg','',''),(357,'ATORN Nr.:10910417',0,0,0,2,10,1,0,'VHM Langlochfrser','D=04.80 l=21 Ds=6 Z=2','','','default.jpg','',''),(358,'3011 3.000',0,0,0,2,10,1,0,'VHM Langlochfrser XL (2-Schneider)','D=03.00 L1=20.00 Z=2','','','default.jpg','',''),(359,'5549 10.000',0,0,0,1,1,1,0,'VHM Langlochfrser XL (2-Schneider)','D=10.00 L1=60.00 Z=2','','','Bilder Sonstige Lieferanten\\Default\\default.jpg','',''),(360,'5574 8.700',0,0,0,1,1,1,0,'VHM Mini-Bohrnutenfrser Uni','D=08.70 L1=23.40 Z=3','','','default.jpg','',''),(361,'6878 9.000',0,0,0,1,1,1,0,'VHM Ratiofrser abgesetzt UNI Schruppen','D=09.00 L1=72 ds=10 ','','','default.jpg','',''),(362,'3800 3.000',0,0,0,2,1,1,0,'VHM Ratiofrser abgesetzt VA','D=03.00 L1=15.00 Z=4','','','default.jpg','',''),(363,'3800 9.500',0,0,0,1,1,1,0,'VHM Ratiofrser abgesetzt VA','D=09.50 L1=30.30 Z=4','','','default.jpg','',''),(364,'6809 1.590',0,0,0,1,1,1,0,'VHM Ratiofrser Mini UNI D=1.59','Ls=7.95 Ln=7.95 Z=3','','','Bilder Sonstige Lieferanten\\ghring\\6809.jpg','',''),(365,'6478 1.000',0,0,0,1,1,1,0,'VHM Ratiofrser UNI D=1 SHARP','Ls=3 Ln=4 Z=3','','','Bilder Sonstige Lieferanten\\ghring\\6479.jpg','',''),(366,'6478 1.500',0,0,0,1,1,1,0,'VHM Ratiofrser UNI D=1.5 SHARP','Ls=4.5 Ln=6 Z=3','','','Bilder Sonstige Lieferanten\\ghring\\6479.jpg','',''),(367,'6857 16.000',0,0,0,2,1,1,0,'VHM Ratiofrser UNI D=16','Ls=32 Ln=42 Z=5','','','Bilder Sonstige Lieferanten\\ghring\\6857.jpg','',''),(368,'6478 2.500',0,0,0,1,1,1,0,'VHM Ratiofrser UNI D=2.5 SHARP','Ls=7.5 Ln=10 Z=3','','','Bilder Sonstige Lieferanten\\ghring\\6479.jpg','',''),(369,'6804 5.000',0,0,0,2,1,1,0,'VHM Ratiofrser UNI D=5','Ls=9 Ln=15 Z=3','','','6736.jpg','',''),(370,'6859 6.000',2,1,0,2,1,1,0,'VHM Ratiofrser UNI D=6','Ls=20 Ln=28 Z=5','','','6859.jpg','',''),(371,'6479 8.000',0,0,0,2,1,1,0,'VHM Ratiofrser UNI D=8 SHARP','Ls=21 Ln=26 Z=4','','','6479.jpg','',''),(372,'ATORN Nr.:10910783',0,0,0,1,10,1,0,'VHM Schaftfrser','D=06.50 l=27 Ds=8 Z=3','','','default.jpg','',''),(373,'ATORN Nr.:10910786',0,0,0,1,10,1,0,'VHM Schaftfrser','D=07.50 l=27 Ds=8 Z=3','','','default.jpg','',''),(374,'ATORN Nr.:10910787',0,0,0,1,10,1,0,'VHM Schaftfrser','D=08.50 l=32 Ds=10 Z=3','','','default.jpg','',''),(375,'VHM 209-10 MK10',0,0,0,2,1,0,0,'VHM Schaftfrser','D=10.00 l=21 L=73,5 Z=2','','','Bilder Sonstige Lieferanten\\Jongen\\Jongen_vhm209.jpg','',''),(376,'VHM 472W-20 TS35',0,0,0,2,1,0,0,'VHM Schaftfrser','D=20.00 l=38 L=104 Z=4','','','Bilder Sonstige Lieferanten\\Default\\default.jpg','',''),(377,'6793 2.000',0,0,0,2,1,1,0,'VHM Schaftfrser (1-Schneider) D=2 ALU','Ln=10 Ds=2','','','Bilder Sonstige Lieferanten\\ghring\\6793.jpg','',''),(378,'3212 2.000',0,0,0,1,1,1,0,'VHM Schaftfrser (2-Schneider) Uni D=2','Ln=8 Ds=6 Z=2','','','Bilder Sonstige Lieferanten\\ghring\\3195.jpg','',''),(379,'5574 2.000',0,0,0,2,1,1,0,'VHM Schaftfrser (UNI) D=2','Ln=4 Ds=6 Z=3','','','Bilder Sonstige Lieferanten\\ghring\\5574.jpg','',''),(380,'VHM 309-04 AL05',0,0,0,2,1,1,0,'VHM Schaftfrser abgesetzt Alu','D=04.00 L1=11.00 L2=18.00 Z=3','','','vhm309.jpg','',''),(381,'VHM 309-05 AL05',0,0,0,2,1,1,0,'VHM Schaftfrser abgesetzt Alu','D=05.00 L1=13.00 L2=18.00 Z=3','','','vhm309.jpg','',''),(382,'VHM 389-04 AL05',0,-1,0,2,1,1,0,'VHM Schaftfrser abgesetzt Alu - extra Lang','D=04.00 L1=12.00 L2=35.00 Z=3','','','vhm389.jpg','',''),(383,'VHM 389-10 AL05',0,0,0,1,1,0,0,'VHM Schaftfrser abgesetzt Alu - extra Lang','D=10.00 L1=27.00 L2=51.00 Z=3','','','Bilder Sonstige Lieferanten\\Jongen\\vhm389.jpg','',''),(384,'VHM 389-16 AL05',0,0,0,1,1,0,0,'VHM Schaftfrser abgesetzt Alu - extra Lang','D=16.00 L1=40.00 L2=90.00 Z=3','','','Bilder Sonstige Lieferanten\\Jongen\\vhm389.jpg','',''),(385,'6702 16.000',0,0,0,1,1,1,0,'VHM Schaftfrser Alu abgesetzt','D=16.00 Z=3 L1=32.00 L2=42.00','','','Bilder Sonstige Lieferanten\\Default\\default.jpg','',''),(386,'6702 4.000',0,0,0,2,1,1,0,'VHM Schaftfrser Alu abgesetzt','D=04.00 Z=3 L1=11.00 L2=18.00','','','default.jpg','',''),(387,'6478 4.000',0,0,0,1,1,1,0,'VHM Schaftfrser D=4','Ln=18 Ls=14 Z=4','','','6478.jpg','',''),(388,'3684 2.000',0,0,0,2,1,1,0,'VHM Schaftfrser UNI D=2','Ln=4  Ds=6 Z=3','','','Bilder Sonstige Lieferanten\\ghring\\3684.jpg','',''),(389,'5556 16.000',0,0,0,2,1,1,0,'VHM Schaftfrser XL (4-Schneider)','D=16.00L1=65.00 L2=102 Z=4','','','default.jpg','',''),(390,'4270 16.010',0,0,0,1,1,1,0,'VHM Schlichtfrser abgesetzt','D=16.00 L1=42.00 R=1.0 Z=6','','','Bilder Sonstige Lieferanten\\Default\\default.jpg','',''),(391,'VHM 449W-12 TS35',0,0,0,1,1,0,0,'VHM Schruppfrser mit IK abgesetzt lang VATi','D=12.00 L1=30.00 L2=38.00 Z=4','','','Bilder Sonstige Lieferanten\\Jongen\\vhm449.jpg','',''),(392,'6865 8.000',0,0,0,1,1,1,0,'VHM-Ratiofrser Uni Schlichten D=8',' LS=26 LN=39 Z=7','','','6865.jpg','',''),(393,'6736 12.000',0,0,0,0,1,1,0,'VHM-Ratiofrser VAUNi Diver D=12','Ls=26 Ln=36 Z=4','','','Bilder Sonstige Lieferanten\\Default\\default.jpg','',''),(394,'6736 6.000',0,0,0,0,1,1,0,'VHM-Ratiofrser VAUNI Diver D=6','Ls=13 Ln=20 Z=4 ','','','default.jpg','',''),(395,'6861 12.015',0,0,0,1,1,1,0,'VHM-Schaftfrser mit R 1.5','D=12.00  L1=46','','','Bilder Sonstige Lieferanten\\Default\\default.jpg','',''),(396,'Son0002',0,0,0,1,0,1,0,'Diverse Winkelfrser','','','','Bilder Sonstige Lieferanten\\Default\\default.jpg','',''),(397,'ATORN Nr.:11113320',0,0,0,1,10,1,0,'Fasenfrser verstellbar ','10-80 Grad Ds=20 L=100','','','Bilder Sonstige Lieferanten\\Default\\default.jpg','',''),(398,'ATORN Nr.:11113345',0,0,0,1,10,1,0,'Fasenfrser verstellbar ','10-80 Grad Ds=25 L=100','','','Bilder Sonstige Lieferanten\\Default\\default.jpg','',''),(399,'Son0008',0,0,0,2,0,1,0,'Stichel 45 0.2mm','','','','Bilder Sonstige Lieferanten\\SON.jpg','',''),(400,'RIME HM35\06',0,0,0,2,0,1,0,'Stichel-HM-06','','','','Bilder Sonstige Lieferanten\\Isak\\rime\\HM35.jpg','',''),(401,'RIME HM34\08',0,0,0,1,0,1,0,'Stichel-HM-08','60 Grad','','','Bilder Sonstige Lieferanten\\Isak\\CPT\\CMTS.jpg','',''),(402,'RIME HM35\08',0,0,0,2,0,1,0,'Stichel-HM-08','','','','Bilder Sonstige Lieferanten\\Isak\\rime\\HM35.jpg','',''),(403,'VHM 461-16-90 TI10',0,0,0,1,1,0,0,'VHM Fasenfrser','D=16.00 Z=4','','','Bilder Sonstige Lieferanten\\Jongen\\vhm461.jpg','',''),(404,'5579 10.000',0,0,0,2,1,1,0,'VHM Fasenfrser 90','D=10.00 Z=4','','','Bilder Sonstige Lieferanten\\Default\\default.jpg','',''),(405,'5579 12.000',0,0,0,2,1,1,0,'VHM Fasenfrser 90','D=12.00 Z=4','','','Bilder Sonstige Lieferanten\\Default\\default.jpg','',''),(406,'5579 16.000',0,0,0,1,1,1,0,'VHM Fasenfrser 90','D=15.00 Z=4','','','Bilder Sonstige Lieferanten\\Default\\default.jpg','',''),(407,'6711 10.000',0,0,0,1,1,1,0,'VHM Fasfrser 60','D=10.00 A=60.00','','','Bilder Sonstige Lieferanten\\Default\\default.jpg','',''),(408,'6711 12.000',0,0,0,2,1,1,0,'VHM Fasfrser 60','D=12.00 A=60.00','','','Bilder Sonstige Lieferanten\\Default\\default.jpg','',''),(409,'5584 6.000',0,0,0,2,0,1,0,'Kugelfrser Z=4','R03.00','','','HM4.jpg','',''),(410,'5584 8.000',0,0,0,2,0,1,0,'Kugelfrser Z=4','R04.00','','','HM4.jpg','',''),(411,'RIME HM4\02 TICN',0,0,0,2,0,1,0,'Kugelfrser VA','R00.75','','','Bilder Sonstige Lieferanten\\Isak\\rime\\HM4.jpg','',''),(412,'5584 3.000',4,3,0,2,0,1,0,'Kugelfrser Z=4','R01.50','','','HM4.jpg','',''),(413,'5584 4.000',0,0,0,1,0,1,0,'Kugelfrser Z=4','R02.00','','','HM4.jpg','',''),(414,'3308 14.000',0,0,0,1,1,1,0,'Radienfrser R=7.00 ','(Ln=38) Ds=14','','','Bilder Sonstige Lieferanten\\ghring\\3308.jpg','',''),(415,'GDH 222-06 GD06',0,0,0,2,1,0,0,'VHM Schaftfrser Rund','D=06.00 L=20.00 Z=2','','','Bilder Sonstige Lieferanten\\Jongen\\GDH.jpg','',''),(416,'RIME HM37\04',0,0,0,1,0,1,0,'Viertelkreisfrser-VHM-R0.4','','','','Bilder Sonstige Lieferanten\\Isak\\rime\\HM35.jpg','',''),(417,'RIME HM37\04 TIALN',0,0,0,1,0,1,0,'Viertelkreisfrser-VHM-R0.4-TiAlN','','','','Bilder Sonstige Lieferanten\\Isak\\rime\\HM37.jpg','',''),(418,'RIME HM37\05',0,0,0,1,0,1,0,'Viertelkreisfrser-VHM-R0.5','','','','Bilder Sonstige Lieferanten\\Isak\\rime\\HM37.jpg','',''),(419,'3176 8.000',0,0,0,2,1,1,0,'Viertelrund Profilfrser ','R=8 D1=24 Ds=16 Z=4','','','Bilder Sonstige Lieferanten\\Default\\default.jpg','',''),(420,'RIME S412',0,0,0,1,0,1,0,'Viertelrund Profilfrser ','R=10 D1=28 D2=20 Z=4','','','Bilder Sonstige Lieferanten\\Isak\\rime\\S4.jpg','',''),(421,'RIME S413',0,0,0,1,0,1,0,'Viertelrund Profilfrser ','R=11 D1=35 D2=20 Z=4','','','Bilder Sonstige Lieferanten\\Isak\\rime\\S4.jpg','',''),(422,'RIME S416',0,0,0,1,0,1,0,'Viertelrund Profilfrser ','R=13 D1=42 D2=25 Z=4','','','Bilder Sonstige Lieferanten\\Isak\\rime\\S4.jpg','',''),(423,'RIME S418',0,0,0,1,0,1,0,'Viertelrund Profilfrser ','R=15 D1=48 D2=25 Z=4','','','Bilder Sonstige Lieferanten\\Isak\\rime\\S4.jpg','',''),(424,'6788 10.020',0,0,0,2,1,1,0,'Viertelrund-Profilfrser VHM','r=02.00 D=10','','','Bilder Sonstige Lieferanten\\Default\\default.jpg','',''),(425,'6788 10.025',0,0,0,2,1,1,0,'Viertelrund-Profilfrser VHM','r=02.50 D=10','','','Bilder Sonstige Lieferanten\\Default\\default.jpg','',''),(426,'6788 12.030',0,0,0,2,1,1,0,'Viertelrund-Profilfrser VHM','r=03.00 D=12','','','Bilder Sonstige Lieferanten\\Default\\default.jpg','',''),(427,'6788 14.040',0,0,0,2,1,1,0,'Viertelrund-Profilfrser VHM','r=04.00 D=14','','','Bilder Sonstige Lieferanten\\Default\\default.jpg','',''),(428,'6788 16.050',0,0,0,2,1,1,0,'Viertelrund-Profilfrser VHM','r=05.00 D=16','','','Bilder Sonstige Lieferanten\\Default\\default.jpg','',''),(429,'6788 6.005',0,0,0,2,1,1,0,'Viertelrund-Profilfrser VHM','r=00.50  D=6','','','Bilder Sonstige Lieferanten\\Default\\default.jpg','',''),(430,'6788 6.010',0,0,0,2,1,1,0,'Viertelrund-Profilfrser VHM','r=01.00 D=6','','','Bilder Sonstige Lieferanten\\Default\\default.jpg','',''),(431,'6788 8.015',1,1,0,2,1,1,0,'Viertelrund-Profilfrser VHM','r=01.50 D=8','','','Bilder Sonstige Lieferanten\\Default\\default.jpg','',''),(432,'5574 3.000',0,0,0,2,1,1,0,'frser','Z=3','','','default.jpg','',''),(433,'1782300500',0,0,0,2,1,1,0,'Vollradiusfrser','R2.5','','','Bilder Sonstige Lieferanten\\Default\\default.jpg','',''),(434,'1782301200',0,0,0,1,1,1,0,'Vollradiusfrser','R6','','','Bilder Sonstige Lieferanten\\Default\\default.jpg','',''),(435,'ATORN Nr.:12040002',0,0,0,1,10,1,0,'Ausbohrer fr Maschinengewindebohrer','M4 D=03.30','','','Bilder Sonstige Lieferanten\\Default\\default.jpg','',''),(436,'ATORN Nr.:12040004',0,0,0,1,10,1,0,'Ausbohrer fr Maschinengewindebohrer','M6 D=05.00','','','Bilder Sonstige Lieferanten\\Default\\default.jpg','',''),(437,'ATORN Nr.:12040005',0,0,0,1,10,1,0,'Ausbohrer fr Maschinengewindebohrer','M8 D=06.80','','','Bilder Sonstige Lieferanten\\Default\\default.jpg','',''),(438,'ATORN Nr.:12040006',0,0,0,1,10,1,0,'Ausbohrer fr Maschinengewindebohrer','M10 D=08.50','','','Bilder Sonstige Lieferanten\\Default\\default.jpg','',''),(439,'ATORN Nr.:12040007',0,0,0,1,10,1,0,'Ausbohrer fr Maschinengewindebohrer','M12 D=10.20','','','Bilder Sonstige Lieferanten\\Default\\default.jpg','',''),(440,'Son0001',0,0,0,1,0,1,0,'Diverse Alte Messerkpfe und Zubehr','','','','Bilder Sonstige Lieferanten\\Default\\default.jpg','',''),(441,'Son0005',0,0,0,1,0,1,0,'Diverse Schruppfrser','Alu: 14,12,10,6 VA: 14','','','Bilder Sonstige Lieferanten\\Default\\default.jpg','',''),(442,'3572 16.000',0,0,0,2,1,1,0,'HSS Winkelfrser 45 Grad','D=16.00 N=04.00 Ds=12.00','','','Bilder Sonstige Lieferanten\\Default\\default.jpg','',''),(443,'3574 16.000',0,0,0,2,1,1,0,'HSS Winkelfrser 60 Grad','D=16.00 N=06.30 Ds=12.00','','','Bilder Sonstige Lieferanten\\Default\\default.jpg','',''),(444,'6771 4.000',0,0,0,1,1,1,0,'Schaftfrser mit Eckenradius D=4 R=0.8','Ls=3.0 Ln=18 Z=4','','','Bilder Sonstige Lieferanten\\ghring\\6771.jpg','',''),(445,'3580 13.501',1,1,0,1,1,1,0,'Schlitzfrser','D=13.5 B=4.0','','','Bilder Sonstige Lieferanten\\Default\\default.jpg','',''),(446,'1693311350X4,0',0,0,0,1,1,1,0,'Schlitzfrser HSS-Co','DIN 850N 13,50x 4,0 PRECITOOL','','','Bilder Sonstige Lieferanten\\Default\\default.jpg','',''),(447,'1693312250X6',0,0,0,1,1,1,0,'Schlitzfrser HSS-Co','DIN 850N 22,50x 6,0 PRECITOOL','','','Bilder Sonstige Lieferanten\\Default\\default.jpg','',''),(448,'495 6.000',1,1,0,1,1,1,0,'VHM Vor- und Rckwrtsentgrater 90 Grad','D=6 ','','','Bilder Sonstige Lieferanten\\ghring\\495.jpg','',''),(449,'495 4.000',0,0,0,1,1,1,0,'VHM Vor- und Rckwrtsentgrater 90 Grad','D=04.00 L1=12.30','','','Bilder Sonstige Lieferanten\\Default\\default.jpg','',''),(450,'495 8.000',0,0,0,1,1,1,0,'VHM Vor- und Rckwrtsentgrater 90 Grad','D=08.00 L1=12.00','','','Bilder Sonstige Lieferanten\\Default\\default.jpg','',''),(451,'6965 10.020',0,0,0,1,1,0,0,'VHM-Ratiofrser Uni mit Eckenradius','D=10.00 l1=22 R=2','','','Bilder Sonstige Lieferanten\\Default\\default.jpg','',''),(452,'3779 4.000',0,0,0,1,1,1,0,'Bohr-Gewindefrser mit IK','P=0.70 L1=09.00 M4','','','Bilder Sonstige Lieferanten\\Default\\default.jpg','',''),(453,'PROMOLINE CMT06045C10 0.75 ISO',0,0,0,1,0,1,0,'Gewindefrser Innen','D=4.5 P=0.75','','','Bilder Sonstige Lieferanten\\Default\\default.jpg','',''),(454,'PROMOLINE CMTB0808D16 1.0 ISO',0,0,0,1,0,1,0,'Gewindefrser Innen','D=8.0 P=1.0','','','Bilder Sonstige Lieferanten\\Default\\default.jpg','',''),(455,'PROMOLINE CMTB1010D24 0.75 ISO',0,0,0,1,0,1,0,'Gewindefrser Innen','D=10.0 P=0.75 L1=24.4','','','Bilder Sonstige Lieferanten\\Isak\\CPT\\CMTB.jpg','',''),(456,'PROMOLINE CMTS06024C6 0.5 ISO',0,0,0,1,0,1,0,'Gewindefrser Innen Abgesetzt','D=2.37 P=0.50 L1=6.5','','','Bilder Sonstige Lieferanten\\Isak\\CPT\\CMTS.jpg','',''),(457,'PROMOLINE CMTS06031C9 0.7 ISO',0,0,0,1,0,1,0,'Gewindefrser Innen Abgesetzt','D=3.10 P=0.70 L1=9.0','','','Bilder Sonstige Lieferanten\\Isak\\CPT\\CMTS.jpg','',''),(458,'PROMOLINE CMTS06038C12 0.8 ISO',0,0,0,1,0,1,0,'Gewindefrser Innen Abgesetzt','D=3.80 P=0.80 L1=12.5','','','Bilder Sonstige Lieferanten\\Isak\\CPT\\CMTS.jpg','',''),(459,'PROMOLINE CMTS0606C18 1.25 ISO',0,0,0,1,0,1,0,'Gewindefrser Innen Abgesetzt','D=6.00 P=1.25 L1=18.0','','','Bilder Sonstige Lieferanten\\Isak\\CPT\\CMTS.jpg','',''),(460,'PROMOLINE CMTS08078C23 1.5 ISO',0,0,0,1,0,1,0,'Gewindefrser Innen Abgesetzt','D=7.80 P=1.50 L1=23.0','','','Bilder Sonstige Lieferanten\\Isak\\CPT\\CMTS.jpg','',''),(461,'PROMOLINE CMTS0808D31 1.0 ISO',0,0,0,1,0,1,0,'Gewindefrser Innen Abgesetzt','D=8.00 P=1.00 L1=31.0','','','Bilder Sonstige Lieferanten\\Isak\\CPT\\CMTS.jpg','',''),(462,'PROMOLINE CMT06031C7 0.7 ISO',0,0,0,1,0,1,0,'Gewindefrser Innen M04x0.70','P=0.70 L1=7.40','','','Bilder Sonstige Lieferanten\\Isak\\CPT\\CMT.jpg','',''),(463,'PROMOLINE CMTB1009C20 1.75 ISO',0,0,0,1,0,1,0,'Gewindefrser Innen M12x1.75','D=09.0 P=1.75 L1=20.1','','','Bilder Sonstige Lieferanten\\Isak\\CPT\\CMTB.jpg','',''),(464,'PROMOLINE CMTB1010C27 2.0 ISO',0,0,0,1,0,1,0,'Gewindefrser Innen M14x2.00','D=10.0 P=2.00 L1=27.0','','','Bilder Sonstige Lieferanten\\Isak\\CPT\\CMTB.jpg','',''),(465,'3735 16.000',0,0,0,1,0,1,0,'Gewindefrser Innen M16','P=2.0 ','','','Bilder Sonstige Lieferanten\\ghring\\3735.jpg','',''),(466,'PROMOLINE CMT0606C9 27 NPT',0,0,0,1,0,1,0,'Gewindefrser Innen und Auen','27 Gang pro Zoll - D=6.0 ','','','Bilder Sonstige Lieferanten\\Default\\default.jpg','',''),(467,'PROMOLINE CMT0808C14 19 W CMT7',0,0,0,1,0,1,0,'Gewindefrser Innen und Auen','P= 19 Gang pro Zoll (G14-G38)','','','Bilder Sonstige Lieferanten\\Isak\\CPT\\CMT.jpg','',''),(468,'PROMOLINE CMTB1212 D20 18 PG CMT7',0,0,0,1,0,1,0,'Gewindefrser Innen und Auen mit IK','D=10 P= 18 Gang pro Zoll (PG 9, 11, 13.5, 16)','','','Bilder Sonstige Lieferanten\\Isak\\CPT\\CMTB.jpg','',''),(469,'PROMOLINE CMT1212C24 11 W',0,0,0,1,0,1,0,'Gewindefrser Innen','G  1 Zoll D12  L1=24.2','','','Bilder Sonstige Lieferanten\\Isak\\CPT\\CMT.jpg','',''),(470,'PROMOLINE CMT1212D26 14 W',0,0,0,1,0,1,0,'Gewindefrser Innen&Aussen Zllig 14 Gang','G12 - 78 L1=26.30','','','Bilder Sonstige Lieferanten\\Isak\\CPT\\CEMT.jpg','',''),(471,'PROMOLINE CMTB1616E26 14W',0,0,0,1,0,1,0,'Gewindefrser Innen&Aussen Zllig 14 Gang','D=16.0 G12 - 78 L1=26.3','','','Bilder Sonstige Lieferanten\\Isak\\CPT\\CMTB.jpg','',''),(472,'GW3016VS M2.5x0.25',0,0,0,1,0,1,0,'Gewindewirbler','','','','Bilder Sonstige Lieferanten\\Default\\default.jpg','',''),(473,'GWI3066VS M03x0.5 ',0,0,0,1,0,1,0,'Gewindewirbler','M3 IK P=0.5','','','Bilder Sonstige Lieferanten\\dcswiss\\GWI.jpg','',''),(474,'4228 9.728',0,0,0,1,0,1,0,'Mikro-Gewindefrser Innen G116 - G18','','','','Bilder Sonstige Lieferanten\\ghring\\4214.jpg','',''),(475,'4214 16.000',0,0,0,1,0,1,0,'Mikro-Gewindefrser Innen M16','P=2.0 ','','','Bilder Sonstige Lieferanten\\ghring\\4214.jpg','',''),(476,'4226 2.000',2,2,0,1,1,1,0,'VHM Mikro-Gewindefrser Metisch Innen','P=0.4 Ln=6.0 Ds=3.0 M2','','','Bilder Sonstige Lieferanten\\ghring\\4226.jpg','',''),(477,'4225 2.400',1,1,0,1,1,1,0,'VHM Mikro-Gewindefrser Metisch Innen','P=0.400 L=07.00 Ds=3.00 M2-M2.4','','','4225.jpg','',''),(478,'4225 7.000',0,0,0,1,1,1,0,'VHM Mikro-Gewindefrser Metisch Innen','P=1.000 L=19.00 Ds=6.00 M5-M7','','','4225.jpg','',''),(479,'90PP-040-49-3',0,0,0,1,1,0,0,'Aufsteck Eckfrser 90 Grad B18-49','D=40 Z=3','','','Bilder Sonstige Lieferanten\\Jongen\\90pp-040-49-3.jpg','',''),(480,'90PP-063-75-5',0,0,0,1,1,0,0,'Aufsteck Planfrser 90 Grad B17','D=63 H=40 Z=5','','','Bilder Sonstige Lieferanten\\Jongen\\Jongen_90PP_2.jpg','',''),(481,'90PP-050-49-5',0,0,0,1,1,0,0,'Aufsteck Planfrser 90 Grad B18','D=50 H=40 Z=5','','','Bilder Sonstige Lieferanten\\Jongen\\Jongen_90PP_2.jpg','',''),(482,'90PP-050-723-5',0,0,0,1,1,0,0,'Aufsteck Planfrser 90 Grad B31','D=50 H=40 Z=5','','','Bilder Sonstige Lieferanten\\Jongen\\Jongen_90PP_2.jpg','',''),(483,'90PP-063-723-6',0,0,0,1,1,0,0,'Aufsteck Planfrser 90 Grad B31','D=63 H=40 Z=6','','','Bilder Sonstige Lieferanten\\Jongen\\Jongen_90PP_2.jpg','',''),(484,'45PP-050-525-6',0,0,0,1,1,0,0,'Aufsteck Planfrser A10-525','D=50 Z=6','','','Bilder Sonstige Lieferanten\\Jongen\\45PP-050-525-6.jpg','',''),(485,'45PP-063-525-7',0,0,0,1,1,0,0,'Aufsteck Planfrser A10-525','D=63 Z=7','','','Bilder Sonstige Lieferanten\\Jongen\\45PP-050-525-6.jpg','',''),(486,'90PP-30-10-4',0,0,0,1,1,0,0,'Eckfrser 90 Grad','D=30 L=100 Z=4','','','Bilder Sonstige Lieferanten\\Jongen\\Jongen_90PP.jpg','',''),(487,'90PP-25-10-4',0,0,0,1,1,0,0,'Eckfrser 90 Grad B03-71','D=25 L=100 Z=4','','','Bilder Sonstige Lieferanten\\Jongen\\90pp-25-10-4.jpg','',''),(488,'90PP-040-75-16-5',0,0,0,1,1,0,0,'Eckfrser 90 Grad B17-75','D=40 Z=5','','','Bilder Sonstige Lieferanten\\Jongen\\90PP-040-75-16-5.jpg','',''),(489,'90PP-050-75-6',0,0,0,1,1,0,0,'Eckfrser 90 Grad B17-75','D=50 Z=6','','','Bilder Sonstige Lieferanten\\Jongen\\90PP-050-75-6.jpg','',''),(490,'90PP-20-30-75-3',0,0,0,1,1,0,0,'Eckfrser 90 Grad B17-75','D=20 L=81,8 Z=3','','','Bilder Sonstige Lieferanten\\Jongen\\Jongen_90PP.jpg','',''),(491,'90PP-20-32-75-2',0,0,0,1,1,0,0,'Eckfrser 90 Grad B17-75','D=20 L=82,4 Z=2','','','Bilder Sonstige Lieferanten\\Jongen\\Jongen_90PP.jpg','',''),(492,'90PP-20-50-75-2',0,0,0,1,1,0,0,'Eckfrser 90 Grad B17-75','D=20 Ln=15 Z=2','','','Bilder Sonstige Lieferanten\\Jongen\\90PP-2schneider.jpg','',''),(493,'90PP-25-38-75-3',0,0,0,1,1,0,0,'Eckfrser 90 Grad B17-75','D=25 L=95,2 Z=3','','','Bilder Sonstige Lieferanten\\Jongen\\Jongen_90PP.jpg','',''),(494,'90PP-32-48-75-5',0,0,0,1,1,0,0,'Eckfrser 90 Grad B17-75','D=32 L=104,3 Z=5','','','Bilder Sonstige Lieferanten\\Jongen\\Jongen_90PP.jpg','',''),(495,'90PP-25-38-49-2',0,0,0,1,1,0,0,'Eckfrser 90 Grad B18-49','D=25 L=95,2 Z=2','','','Bilder Sonstige Lieferanten\\Jongen\\90PP-25-38-49-2.jpg','',''),(496,'90PP-32-48-49-3',0,0,0,1,1,0,0,'Eckfrser 90 Grad B18-49','D=32 L=108,2 Z=3','','','Bilder Sonstige Lieferanten\\Jongen\\90PP-32-48-49-3.jpg','',''),(497,'90PP-40-48-49-4',0,0,0,1,1,0,0,'Eckfrser 90 Grad B18-49','D=40 L=108,2 Z=4','','','Bilder Sonstige Lieferanten\\Jongen\\90PP-40-48-49-4.jpg','',''),(498,'90PP-10-15-63-2',0,0,0,1,1,0,0,'Eckfrser 90 Grad B21-63','D=10.00 L=18.00 Z=2','','','Bilder Sonstige Lieferanten\\Jongen\\90PP-12-18-63-2.jpg','',''),(499,'90PP-12-18-63-2',0,0,0,1,1,0,0,'Eckfrser 90 Grad B21-63','D=12 L=58 Z=2','','','Bilder Sonstige Lieferanten\\Jongen\\90PP-12-18-63-2.jpg','',''),(500,'90PP-12-63-2-120',0,0,0,1,1,0,0,'Eckfrser 90 Grad B21-63','D=12 L=120 Z=2','','','Bilder Sonstige Lieferanten\\Jongen\\90PP-12-63-2-120.jpg','',''),(501,'90PP-14-24-63-3',0,0,0,1,1,0,0,'Eckfrser 90 Grad B21-63','D=14 L=70 Z=3','','','Bilder Sonstige Lieferanten\\Jongen\\90PP-14-24-63-3.jpg','',''),(502,'90PP-14-63-3-140',0,0,0,1,1,0,0,'Eckfrser 90 Grad B21-63','D=14 L=140 Z=3','','','Bilder Sonstige Lieferanten\\Jongen\\90PP-14-63-3-140.jpg','',''),(503,'90PP-16-22-63-3',0,0,0,1,1,0,0,'Eckfrser 90 Grad B21-63','D=16 L=70 Z=3','','','Bilder Sonstige Lieferanten\\Jongen\\90PP-20-30-63-4.jpg','',''),(504,'90PP-16-63-3-160',0,0,0,1,1,0,0,'Eckfrser 90 Grad B21-63','D=16 L=160 Z=3','','','Bilder Sonstige Lieferanten\\Jongen\\Jongen_90PP_3.jpg','',''),(505,'90PP-20-30-63-4',0,0,0,1,1,0,0,'Eckfrser 90 Grad B21-63','D=20 L=80 Z=4','','','Bilder Sonstige Lieferanten\\Jongen\\90PP-20-30-63-4.jpg','',''),(506,'90PP-20-63-4-200',0,0,0,1,1,0,0,'Eckfrser 90 Grad B21-63','D=20 L=200 Z=4','','','Bilder Sonstige Lieferanten\\Jongen\\90PP-20-63-4-200.jpg','',''),(507,'90PP-25-37-63-5',0,0,0,1,1,0,0,'Eckfrser 90 Grad B21-63','D=25 L=90 Z=5','','','Bilder Sonstige Lieferanten\\Jongen\\90PP-25-37-63-5.jpg','',''),(508,'90PP-32-46-63-7',0,0,0,1,1,0,0,'Eckfrser 90 Grad B21-63','D=32 L=106 Z=7','','','Bilder Sonstige Lieferanten\\Jongen\\90PP-32-46-63-7.jpg','',''),(509,'ESF-40-35-M16-63-11',0,0,0,1,1,0,0,'Eckfrser 90 Grad B21-63','D=40 L=35 Z=11','','','Bilder Sonstige Lieferanten\\Jongen\\Jongen_90PP_2.jpg','',''),(510,'90PP-16-22-428-2',0,0,0,1,1,0,0,'Eckfrser 90 Grad B28-428','D=16.00 L=22.00 Z=2','','','Bilder Sonstige Lieferanten\\Jongen\\90PP-14-24-428-2.jpg','',''),(511,'90PP-20-30-428-3',0,0,0,1,1,0,0,'Eckfrser 90 Grad B28-428','D=20.00 L=30.00 Z=3','','','Bilder Sonstige Lieferanten\\Jongen\\90PP-14-24-428-2.jpg','',''),(512,'90PP-25-40-428-3',0,0,0,1,1,0,0,'Eckfrser 90 Grad B28-428','D=25.00 L=40.00 Z=3','','','Bilder Sonstige Lieferanten\\Jongen\\90PP-14-24-428-2.jpg','',''),(513,'ESF-16-23-M8-63-4',0,0,0,1,1,0,0,'Eckfrser 90 Grad Einschraub M08 B21-63','D=16 L=23 Z=4','','','Bilder Sonstige Lieferanten\\Jongen\\ESF-20-28-M10-63-5.jpg','',''),(514,'ESF-20-28-M10-63-5',0,0,0,1,1,0,0,'Eckfrser 90 Grad Einschraub M10 B21-63','D=20 L=28 Z=5','','','Bilder Sonstige Lieferanten\\Jongen\\ESF-20-28-M10-63-5.jpg','',''),(515,'ESF-25-30-M12-63-7',0,0,0,1,1,0,0,'Eckfrser 90 Grad Einschraub M12 B21-63','D=25 L=25 M12','','','Bilder Sonstige Lieferanten\\Jongen\\ESF-20-28-M10-63-5.jpg','',''),(516,'ESF-40-42-M16-49-3',0,0,0,1,1,0,0,'Eckfrser 90 Grad Einschraub M16 B18-49','D=40 L=42 M16','','','Bilder Sonstige Lieferanten\\Jongen\\ESF-40-42-M16-49-3.jpg','',''),(517,'ESF-25-32-M12-75-4',0,0,0,1,1,0,0,'Einschraub-Eckfrser 90 Grad B17','D=25 L=30 Z=4','','','Bilder Sonstige Lieferanten\\Jongen\\Jongen_ESF.jpg','',''),(518,'90ESF-16-M8-428-2',0,0,0,1,1,0,0,'Einschraub-Eckfrser 90 Grad B28-428','D=16.00 L=28.00 Z=2','','','Bilder Sonstige Lieferanten\\Jongen\\90ESF-16-M8-428-2.jpg','',''),(519,'M311.1316.02B',0,0,0,1,0,1,0,'Frserschaft','D=16.00 l1=130 l2=45 d1=13.00','','','Bilder Sonstige Lieferanten\\Horn\\Horn_M311.jpg','',''),(520,'M332.ST10.2.01A',0,0,0,1,0,1,0,'Frserschaft','D=10.00 l1=70 l2= 25 d1=11.00 A','','','Bilder Sonstige Lieferanten\\Horn\\Horn_M323.jpg','',''),(521,'FS16W-M8-20',0,0,0,1,1,0,0,'Frsstange fr Einschraubfrser','D=16 L=20 M8','','','Bilder Sonstige Lieferanten\\Jongen\\FS20W-M10-45.jpg','',''),(522,'FS16W-M8-40',0,0,0,1,1,0,0,'Frsstange fr Einschraubfrser','D=16 L=40 M8','','','Bilder Sonstige Lieferanten\\Jongen\\FS20W-M10-45.jpg','',''),(523,'FS20W-M10-45',0,0,0,1,1,0,0,'Frsstange fr Einschraubfrser','D=20 L=45 M10','','','Bilder Sonstige Lieferanten\\Jongen\\FS20W-M10-45.jpg','',''),(524,'FS25W-M12-50',0,0,0,1,1,0,0,'Frsstange fr Einschraubfrser','D=25 L=50 M12','','','Bilder Sonstige Lieferanten\\Jongen\\FS20W-M10-45.jpg','',''),(525,'CARMEX SR 0014 H14',0,0,0,1,0,1,0,'Halter Gewindeplatte Gerade','Gewindefrsen','','','Bilder Sonstige Lieferanten\\Default\\default.jpg','',''),(526,'00PP-20-540-2-80',0,0,0,1,1,0,0,'Hochvorschubfrser A11-540','D=20.00 L=135.50 Z=2 FP540','','','Bilder Sonstige Lieferanten\\Jongen\\00pp-20-540-2-80.jpg','',''),(527,'90PP-25-60-75-3',0,0,0,1,1,0,0,'Schaftfrser B17','D=25 L=117.2 Z=3','','','Bilder Sonstige Lieferanten\\Jongen\\Jongen_90PP.jpg','',''),(528,'90PP-32-10-5',0,0,0,1,1,0,0,'Schaftfrser B3','D=32 L=100 Z=5','','','Bilder Sonstige Lieferanten\\Jongen\\Jongen_90PP.jpg','',''),(529,'JMB05-61AR04-K15M',0,0,0,5,20,0,0,'Eckfrser  Fasenfrser FP 61','K15M - Alu R=0.4 fz=0.10 vc=400.','','','Bilder Sonstige Lieferanten\\Jongen\\JMB05-61.jpg','',''),(530,'JMB18-249R10-HT20',4,4,0,5,10,0,0,'Eckfrser 90 Grad FP 249','HT20 - Guss R=1.0 fz=0.30 vc=260.','','','Bilder Sonstige Lieferanten\\Jongen\\JMB18-249R10.jpg','',''),(531,'JMB18-249R10-K15M',0,0,0,6,10,0,0,'Eckfrser 90 Grad FP 249','K15M - Alu R=1.0 fz=0.35 vc=400.','','','Bilder Sonstige Lieferanten\\Jongen\\JMB18-249R10.jpg','',''),(532,'JMB28-428R10-AL20',39,39,0,5,20,0,0,'Eckfrser 90 Grad FP 428','AL20 - Alu R=1.0 fz=0.4 vc=500.','','','Bilder Sonstige Lieferanten\\Jongen\\JMB28-428.jpg','',''),(533,'JMB18-49R10-HT20',0,0,0,5,10,0,0,'Eckfrser 90 Grad FP 49','HT20 - Guss R=1.0 fz=0.30 vc=260.','','','Bilder Sonstige Lieferanten\\Jongen\\JMB18-49R10.jpg','',''),(534,'JMB18-49R10-HT32',0,0,0,5,10,0,0,'Eckfrser 90 Grad FP 49','HT32 - VA R=1.0 fz=0.20 vc=240.','','','Bilder Sonstige Lieferanten\\Jongen\\JMB18-49R10.jpg','',''),(535,'JMB21-63R04-HT20',0,0,0,5,20,0,0,'Eckfrser 90 Grad FP 63','HT20 - Guss R=0.4 fz=0.1 vc=260.','','','Bilder Sonstige Lieferanten\\Jongen\\JMB21-63.jpg','',''),(536,'JMB21-63R04-HT45',0,0,0,5,20,0,0,'Eckfrser 90 Grad FP 63','HT45 - Stahl R=0.4 fz=0.1 vc=250.','','','Bilder Sonstige Lieferanten\\Jongen\\JMB21-63.jpg','',''),(537,'JMB21-64R02-K15M',1,1,0,5,20,0,0,'Eckfrser 90 Grad FP 63','K15M - Alu R=0.2 fz=0.10 vc=400.','','','Bilder Sonstige Lieferanten\\Jongen\\JMB21-63.jpg','',''),(538,'JMB31-723R08-HC45',15,15,0,5,10,0,0,'Eckfrser 90 Grad FP 723','HC45 - Stahl R=0.8 fz=0.31 vc=250.','','','Bilder Sonstige Lieferanten\\Jongen\\JMB31-723.jpg','',''),(539,'JMB31-723R12-HC45',0,0,0,5,10,0,0,'Eckfrser 90 Grad FP 723','HC45 - Stahl R=1.2 fz=0.30 vc=250.','','','Bilder Sonstige Lieferanten\\Jongen\\JMB31-723.jpg','',''),(540,'JMB17-75R04-HT30',1,1,0,5,20,0,0,'Eckfrser 90 Grad FP 75','HT30 - VA R=0.4 fz=0.10 vc=240.','','','Bilder Sonstige Lieferanten\\Jongen\\JMB17-75.jpg','',''),(541,'JMB17-75R10-HT32',0,0,0,5,20,0,0,'Eckfrser 90 Grad FP 75','HT32 - VA R=1.0 fz=0.10 vc=240.','','','Bilder Sonstige Lieferanten\\Jongen\\JMB17-75.jpg','',''),(542,'JMB17-75R10-HT45',0,0,0,5,20,0,0,'Eckfrser 90 Grad FP 75','HT45 - Stahl R=1.0 fz=0.10 vc=250.','','','Bilder Sonstige Lieferanten\\Jongen\\JMB17-75.jpg','',''),(543,'JMB17-75R10-KT28',49,49,0,5,20,0,0,'Eckfrser 90 Grad FP 75','KT28 - Guss R=1.0 fz=0.10 vc=260.','','','Bilder Sonstige Lieferanten\\Jongen\\JMB17-75.jpg','',''),(544,'JMB17-76R06-K15M',0,0,0,5,20,0,0,'Eckfrser 90 Grad FP 76','K15M - Alu R=0.6 fz=0.15 vc=400.','','','Bilder Sonstige Lieferanten\\Jongen\\JMB17-76.jpg','',''),(545,'JMB13-79R08-HT32',0,0,0,5,20,0,0,'Eckfrser 90 Grad FP 79','HT32 - VA R=0.8 fz=0.10 vc=240.','','','Bilder Sonstige Lieferanten\\Jongen\\JMB13-79.jpg','',''),(546,'JML01-282R08-HT35',0,0,0,1,20,0,0,'Entgratfrser  Fasenfrser FP 82','HT35 - VA R=0.8 fz=0.15 vc=200.','','','Bilder Sonstige Lieferanten\\Jongen\\JML01-282.jpg','',''),(547,'JML01-82R08-Ti20',0,0,0,5,20,0,0,'Entgratfrser  Fasenfrser FP 82','Ti20 - Stahl R=0.8 fz=0.15 vc=250.','','','Bilder Sonstige Lieferanten\\Jongen\\JML01-82.jpg','',''),(548,'KARLDEUTSCH01',0,0,0,1,0,1,0,'Frsplatten geschliffen','Schwingertrger','','','Bilder Sonstige Lieferanten\\SON1.jpg','',''),(549,'14 E 2.5 ISO MT7',0,0,0,2,0,1,0,'Gewindefrsplatte Auen ','A=14.00 P=02.50','','','Bilder Sonstige Lieferanten\\Isak\\CPT\\CPT_UN.jpg','',''),(550,'14 I 1.0 ISO MT7',0,0,0,2,0,1,0,'Gewindefrsplatte innen','A=14.00 P=01.00','','','Bilder Sonstige Lieferanten\\Isak\\CPT\\CPT_UN.jpg','',''),(551,'14 I 1.5 ISO MT7',0,0,0,2,0,1,0,'Gewindefrsplatte Innen','A=14.00 P=01.50','','','Bilder Sonstige Lieferanten\\Isak\\CPT\\CPT_UN.jpg','',''),(552,'14 I 14 UN MT7',0,0,0,1,0,1,0,'Gewindefrsplatte innen','A=14.00 14 Gang pro Zoll','','','Bilder Sonstige Lieferanten\\Isak\\CPT\\CPT_UN.jpg','',''),(553,'C12 I 1.0 ISO',0,0,0,2,0,1,0,'Gewindeschneidplatte','P=1.0 D=12.00','','','Bilder Sonstige Lieferanten\\Isak\\CPT\\CPT_3.jpg','',''),(554,'S200 E 4.5 ISO',0,0,0,2,0,1,0,'Gewindeschneidplatte','P=4.5 D=20.00','','','Bilder Sonstige Lieferanten\\Isak\\CPT\\Isak_2.jpg','',''),(555,'JMA11-640-HT32',0,0,0,5,20,0,0,'Hochvorschubfrserplatte FP 640','VA fz=0.70 vc=240.','','','Bilder Sonstige Lieferanten\\Jongen\\JMA11-640.jpg','',''),(556,'JMA11-640-HT45',0,0,0,5,20,0,0,'Hochvorschubfrserplatte FP 640','Stahl fz=0.70 vc=250.','','','Bilder Sonstige Lieferanten\\Jongen\\JMA11-640.jpg','',''),(557,'JMC07-410-HT50',37,37,0,4,20,0,0,'Kopierfrser FP 410','HT50 - Stahl R=5.0 fz=0.15 vc=220.','','','Bilder Sonstige Lieferanten\\Jongen\\JMC07-410.jpg','',''),(558,'JMC07-610-HT45',41,41,0,4,20,0,0,'Kopierfrser FP 610','HT45 - Stahl R=5.0 fz=0.15 vc=250.','','','Bilder Sonstige Lieferanten\\Jongen\\JMC07-510.jpg','',''),(559,'SOGT12T308PEFR-JPHTI10',0,0,0,2,10,0,0,'Mitsubishi Frsen WSP','R=0.80 ','','','Bilder Sonstige Lieferanten\\Feike\\Feike_SOGT.jpg','',''),(560,'JMA10-528-AL10',74,74,0,5,10,0,0,'Planfrser FP 528','AL10 - Alu fz=0.30 vc=600.','','','Bilder Sonstige Lieferanten\\Jongen\\JMA10-525.jpg','',''),(561,'311.0815.02 TN35',0,0,0,2,0,1,0,'Schneidplatte Gewinde Frsen','Ds=17.70 P=01.50 E0=4.80 s=05.95','','','Bilder Sonstige Lieferanten\\Horn\\Horn_311.jpg','',''),(562,'311.1630.02 TN35',0,0,0,2,0,1,0,'Schneidplatte Gewinde Frsen','Ds=17.70 P=03.00 E=04.30 s=05.95','','','Bilder Sonstige Lieferanten\\Horn\\Horn_311.jpg','',''),(563,'328.0500.00 TN35',0,0,0,2,0,1,0,'Schneidplatte Nuten Frsen','Ds=27.70 w=05.00 tmax=06.50 Z=3','','','Bilder Sonstige Lieferanten\\Horn\\Horn_328.jpg','',''),(564,'328.0600.00 TN35',0,0,0,2,0,1,0,'Schneidplatte Nuten Frsen','Ds=27.70 w=06.00 tmax=06.50 Z=3','','','Bilder Sonstige Lieferanten\\Horn\\Horn_328.jpg','',''),(565,'613.0130.00 AS45',0,0,0,2,0,1,0,'Schneidplatte Nuten Frsen','Ds=21.70 w=01.41 tmax=04.50 Z=6','','','Bilder Sonstige Lieferanten\\Horn\\Horn_613.jpg','',''),(566,'613.0300.00 TI25',0,0,0,2,0,1,0,'Schneidplatte Nuten Frsen','Ds=21.70 w=03.00 tmax=04.50 Z=6','','','Bilder Sonstige Lieferanten\\Horn\\Horn_613.jpg','',''),(567,'613.0400.00 TI25',0,0,0,2,0,1,0,'Schneidplatte Nuten Frsen','Ds=21.70 w=04.00 tmax=04.50 Z=6','','','Bilder Sonstige Lieferanten\\Horn\\Horn_613.jpg','',''),(568,'628.0100.2.00 TI25',0,0,0,2,0,1,0,'Schneidplatte Nuten Frsen','Ds=28.00 w=01.00 tmax=09.30 Z=6','','','Bilder Sonstige Lieferanten\\Horn\\Horn_628_1.jpg','',''),(569,'628.0130.2.00 TI25',0,0,0,2,0,1,0,'Schneidplatte Nuten Frsen','Ds=27.70 w=01.40 tmax=06.50 Z=6','','','Bilder Sonstige Lieferanten\\Horn\\Horn_628_1.jpg','',''),(570,'628.0400.00 AS45',0,0,0,1,0,1,0,'Schneidplatte Nuten Frsen','Ds=27.70 w=04.00 tmax=06.50 Z=6','','','Bilder Sonstige Lieferanten\\Horn\\Horn_628_1.jpg','',''),(571,'636.0110.2.00 AS45',0,0,0,2,0,1,0,'Schneidplatte Nuten Frsen','Ds=35.70 w=01.10 tmax=12.00 Z=6','','','Bilder Sonstige Lieferanten\\Horn\\Horn_636.jpg','',''),(572,'636.0150.2.00 AS45',0,0,0,2,0,1,0,'Schneidplatte Nuten Frsen','Ds=35.70 w=01.50 tmax=12.00 Z=6','','','Bilder Sonstige Lieferanten\\Horn\\Horn_636.jpg','',''),(573,'636.0200.00 TA45',0,0,0,2,0,1,0,'Schneidplatte Nuten Frsen','Ds=35.70 w=02.00 tmax=10.20 Z=6','','','Bilder Sonstige Lieferanten\\Horn\\Horn_636.jpg','',''),(574,'SG200 F W49',0,0,0,2,0,1,0,'Schneidplatte Nuten Frsen','Ds=20.00 w=04.90 tmax=02.90 Z=6','','','Bilder Sonstige Lieferanten\\Isak\\CPT\\CPT_4.jpg','',''),(575,'V06.0300.020.22 G X800',0,0,0,1,0,1,0,'Schneidplatte Nuten Frsen SIMTEK ','Ds=22.00 w=03.00 tmax=04.50 Z=6','','','Simtek_V06.jpg','',''),(576,'628.PL61.62 TF45',0,0,0,2,0,1,0,'Schneidplatte Stirnfrsen','Ds=27.70  tmax=05.70 Z=6','','','Bilder Sonstige Lieferanten\\Horn\\Horn_628_2.jpg','',''),(577,'SS 1,8-1',0,0,0,4,10,0,0,'Spannschraube','Ersatzteil','','','Bilder Sonstige Lieferanten\\Jongen\\Schraube.jpg','',''),(578,'SS 2,5-1',0,0,0,10,10,0,0,'Spannschraube','Ersatzteil','','','Bilder Sonstige Lieferanten\\Jongen\\Schraube.jpg','',''),(579,'311.1016.00 TI25',0,0,0,2,0,1,0,'T-Nuten Frsen','Ds=17.00  s=07.70 a=10','','','Bilder Sonstige Lieferanten\\Horn\\Horn_311_2.jpg','',''),(580,'F020 02 GL 650 WHT12',0,0,0,5,10,1,0,'Wendeschneidplatte Wohlhaupter F211','R=0.20 - P (GROSS)','','','Bilder Sonstige Lieferanten\\hahn+kolb\\WHC19-P.jpg','',''),(581,'F020 02 GN 128 WHC18',0,0,0,5,10,1,0,'Wendeschneidplatte Wohlhaupter F211','R=0.20 - N (GROSS)','','','Bilder Sonstige Lieferanten\\hahn+kolb\\PKDD30-N.jpg','',''),(582,'F020 02 GN 144 WHC110',0,0,0,5,10,1,0,'Wendeschneidplatte Wohlhaupter F211','R=0.20 - M (GROSS)','','','Bilder Sonstige Lieferanten\\hahn+kolb\\WHC111-VA.jpg','',''),(583,'F211 01 GL 650 WHT12',0,0,0,4,10,1,0,'Wendeschneidplatte Wohlhaupter F211','R=0.10 - P (KLEIN)','','','Bilder Sonstige Lieferanten\\hahn+kolb\\WHT12-P.jpg','',''),(584,'F211 02 GN 121 WHC111',0,0,0,4,10,1,0,'Wendeschneidplatte Wohlhaupter F211','R=0.20 - PMS (KLEIN)','','','Bilder Sonstige Lieferanten\\hahn+kolb\\WHC111-VA.jpg','',''),(585,'F21101GL650WHT12',0,0,0,1,1,0,0,'Wendeschneidplatte Wohlhaupter F211','HT-P10M10K10 - Stahl','','','Bilder Sonstige Lieferanten\\Default\\default.jpg','',''),(586,'F21102GN121WHC111',0,0,0,1,0,0,0,'Wendeschneidplatte Wohlhaupter F211','HC-P10M10K10SH10 - VA','','','Bilder Sonstige Lieferanten\\Default\\default.jpg','',''),(587,'P06.0510.01.10 M',0,0,0,2,0,1,0,'WSP Gewindefrsen','P=1-1.75 Ds=09.80','','','SIMTEK_P06.jpg','',''),(588,'KORLOY TPGT060102L PC9030',9,9,0,2,0,1,0,'WSP Spindeln','klein','','','Bilder Sonstige Lieferanten\\Isak\\Korloy\\SP-R.jpg','',''),(589,'KORLOY TPGT110302L PC9030',7,7,0,2,0,1,0,'WSP Spindeln','mittel','','','Bilder Sonstige Lieferanten\\Isak\\Korloy\\tpgt.jpg','',''),(590,'3433 8.000',0,0,0,2,1,1,0,'HSS Schaftfrser lang Uni','D=08.00 L1=61.50 Z=4','','','default.jpg','',''),(591,'GWBGM14',0,0,0,1,0,1,0,'Gewindebohrer','M14','','','Bilder Sonstige Lieferanten\\Default\\default.jpg','',''),(592,'GWBGM16',0,0,0,1,0,1,0,'Gewindebohrer','M16','','','Bilder Sonstige Lieferanten\\Default\\default.jpg','',''),(593,'GWBGM20',0,0,0,1,0,1,0,'Gewindebohrer','M20','','','Bilder Sonstige Lieferanten\\Default\\default.jpg','',''),(594,'GWBGM24',0,0,0,1,0,1,0,'Gewindebohrer','M24','','','Bilder Sonstige Lieferanten\\Default\\default.jpg','',''),(595,'GWBGM31',0,0,0,1,0,1,0,'Gewindebohrer','M31','','','Bilder Sonstige Lieferanten\\Default\\default.jpg','',''),(596,'GWBM1.6',0,0,0,11,0,1,0,'Gewindebohrer Gemischt M1.6','Normal','','','Bilder Sonstige Lieferanten\\Default\\default.jpg','',''),(597,'GWBM2',0,0,0,1,0,1,0,'Gewindebohrer Gemischt M2','Normal','','','Bilder Sonstige Lieferanten\\Default\\default.jpg','',''),(598,'393 6.000',3,3,0,1,1,1,0,'Gewindebohrer Sackloch Normal VA','M6','6,00','','393.jpg','',''),(599,'1872 12.000',0,0,0,1,0,1,0,'Gewindebohrer-Duchgangsloch-VA-M12','berlauf','12,00','','1872.jpg','',''),(600,'N420-4 M07',0,0,0,1,0,1,0,'Gewindebohrer-Durchgangsloch-Alu-M07','berlauf','','','Bilder Sonstige Lieferanten\\dcswiss\\N420.jpg','',''),(601,'4672 10.000',2,2,0,1,0,1,0,'Gewindebohrer-Durchgangsloch-Alu-M10','Normal','10,00','','4672.jpg','',''),(602,'N420-4 M12',0,0,0,2,0,1,0,'Gewindebohrer-Durchgangsloch-Alu-M12','berlauf','','','Bilder Sonstige Lieferanten\\dcswiss\\N420.jpg','',''),(603,'4672 3.000',7,5,0,2,0,1,0,'Gewindebohrer-Durchgangsloch-Alu-M3','Normal','3,00','','4672.jpg','',''),(604,'N420-4 M3',0,0,0,2,0,1,0,'Gewindebohrer-Durchgangsloch-Alu-M3','berlauf','','','Bilder Sonstige Lieferanten\\dcswiss\\N420.jpg','',''),(605,'N420-4 M4',0,-1,0,3,0,1,0,'Gewindebohrer-Durchgangsloch-Alu-M4','berlauf','','','Bilder Sonstige Lieferanten\\dcswiss\\N420.jpg','',''),(606,'4672 5.000',0,0,0,2,1,1,0,'Gewindebohrer-Durchgangsloch-Alu-M5','Normal','5,00','','4672.jpg','',''),(608,'4672 6.000',0,0,0,1,3,1,0,'Gewindebohrer-Durchgangsloch-Alu-M6','Normal','6,00','','4672.jpg','',''),(609,'4672 8.000',3,0,0,2,1,1,0,'Gewindebohrer-Durchgangsloch-Alu-M8','Normal','8,00','','4672.jpg','',''),(610,'1872 8.000',0,0,0,1,0,1,0,'Gewindebohrer-Durchgangsloch-Alu-M8','berlauf','8,00','','1872.jpg','',''),(612,'4218 3.000',6,1,0,2,1,1,0,'Gewindebohrer-Durchgangsloch-VA-M3','Normal','3,00','','4218.jpg','',''),(613,'1872 3.000',2,2,0,2,1,1,0,'Gewindebohrer-Durchgangsloch-VA-M3','berlauf','3,00','','1872.jpg','',''),(614,'RTS320VS-4 M3',0,0,0,2,0,1,0,'Gewindebohrer-Durchgangsloch-VA-M3','Normal','','','Bilder Sonstige Lieferanten\\dcswiss\\RTS320VS.jpg','',''),(615,'1872 4.000',0,0,0,1,0,1,0,'Gewindebohrer-Durchgangsloch-VA-M4','berlauf','4,00','','1872.jpg','',''),(616,'RTS320VS-4 M4',0,0,0,2,0,1,0,'Gewindebohrer-Durchgangsloch-VA-M4','Normal','','','Bilder Sonstige Lieferanten\\dcswiss\\RTS320VS.jpg','',''),(617,'Z320V-4 M4',0,0,0,1,0,1,0,'Gewindebohrer-Durchgangsloch-VA-M4','Normal','','','Bilder Sonstige Lieferanten\\Default\\default.jpg','',''),(618,'1872 5.000',4,4,0,2,0,1,0,'Gewindebohrer-Durchgangsloch-VA-M5','berlauf','5,00','','1872.jpg','',''),(619,'RTS320VS-4 M5',0,0,0,2,0,1,0,'Gewindebohrer-Durchgangsloch-VA-M5','Normal','','','Bilder Sonstige Lieferanten\\dcswiss\\RTS320VS.jpg','',''),(620,'Z320V-4 M5',0,0,0,2,0,1,0,'Gewindebohrer-Durchgangsloch-VA-M5','Normal','','','Bilder Sonstige Lieferanten\\Default\\default.jpg','',''),(621,'Z320V-4 M6',0,0,0,2,0,1,0,'Gewindebohrer-Durchgangsloch-VA-M6','Normal','','','Bilder Sonstige Lieferanten\\Default\\default.jpg','',''),(622,'N360-3 M10',0,0,0,1,0,1,0,'Gewindebohrer-Sackloch-Alu-M10','Normal','','','Bilder Sonstige Lieferanten\\dcswiss\\N360.jpg','',''),(623,'W360-3 M10',0,0,0,1,0,1,0,'Gewindebohrer-Sackloch-Alu-M10','Normal','','','Bilder Sonstige Lieferanten\\dcswiss\\W360.jpg','',''),(624,'W460-3 M12',0,0,0,2,0,1,0,'Gewindebohrer-Sackloch-Alu-M12','berlauf','','','Bilder Sonstige Lieferanten\\dcswiss\\W460.jpg','',''),(625,'N360-3 M2',4,-1,0,1,0,1,0,'Gewindebohrer-Sackloch-Alu-M2','Normal','','','Bilder Sonstige Lieferanten\\dcswiss\\N360.jpg','',''),(626,'4670 3.000',5,5,0,1,2,1,0,'Gewindebohrer-Sackloch-Alu-M3','Normal','','','4670.jpg','',''),(627,'W360-3 M5',0,0,0,3,0,1,0,'Gewindebohrer-Sackloch-Alu-M5','Normal','','','Bilder Sonstige Lieferanten\\dcswiss\\W360.jpg','',''),(628,'N460-3 M6',0,0,0,2,0,1,0,'Gewindebohrer-Sackloch-Alu-M6','berlauf','','','Bilder Sonstige Lieferanten\\dcswiss\\N460.jpg','',''),(629,'4670 6.000',0,0,0,1,2,1,0,'Gewindebohrer-Sackloch-Alu-M6','Normal','','','4670.jpg','',''),(630,'N460-3 M8',0,0,0,2,0,1,0,'Gewindebohrer-Sackloch-Alu-M8','berlauf','','','Bilder Sonstige Lieferanten\\dcswiss\\N460.jpg','',''),(631,'4670 8.000',3,3,0,2,2,1,0,'Gewindebohrer-Sackloch-Alu-M8','Normal','8,00','','4670.jpg','',''),(632,'N460V-3 M10',0,0,0,1,0,1,0,'Gewindebohrer-Sackloch-VA-M10','berlauf','','','Bilder Sonstige Lieferanten\\dcswiss\\N460V.jpg','',''),(633,'RTS362VS-4 M10',0,0,0,2,0,1,0,'Gewindebohrer-Sackloch-VA-M10','Normal','','','Bilder Sonstige Lieferanten\\dcswiss\\RTS362VS.jpg','',''),(634,'RTS365VS-3 M10',0,0,0,1,0,1,0,'Gewindebohrer-Sackloch-VA-M10','Normal IK','','','Bilder Sonstige Lieferanten\\dcswiss\\RTS365VS.jpg','',''),(635,'Z362V-3 M10',0,0,0,2,0,1,0,'Gewindebohrer-Sackloch-VA-M10','Normal','','','Bilder Sonstige Lieferanten\\dcswiss\\Z362V.jpg','',''),(636,'RTS465VS-3 M12',0,0,0,1,0,1,0,'Gewindebohrer-Sackloch-VA-M12','berlauf IK','','','Bilder Sonstige Lieferanten\\Default\\default.jpg','',''),(637,'Z462V-3 M12',0,0,0,1,0,1,0,'Gewindebohrer-Sackloch-VA-M12','berlauf','','','Bilder Sonstige Lieferanten\\Default\\default.jpg','',''),(638,'Z462V-3 M16',0,0,0,1,0,1,0,'Gewindebohrer-Sackloch-VA-M16','berlauf','','','Bilder Sonstige Lieferanten\\Default\\default.jpg','',''),(639,'RTS362VS-4 M3',0,0,0,1,0,1,0,'Gewindebohrer-Sackloch-VA-M3','Normal','','','Bilder Sonstige Lieferanten\\dcswiss\\RTS362VS.jpg','',''),(640,'RTS365VS-3 M3',0,0,0,2,0,1,0,'Gewindebohrer-Sackloch-VA-M3','Normal IK','','','Bilder Sonstige Lieferanten\\dcswiss\\RTS365VS.jpg','',''),(641,'Z360V-3 M3',4,-1,0,2,0,1,0,'Gewindebohrer-Sackloch-VA-M3','Normal','','','Bilder Sonstige Lieferanten\\dcswiss\\Z360V.jpg','',''),(642,'Z362V-3 M5',0,0,0,3,0,1,0,'Gewindebohrer-Sackloch-VA-M5','Normal','','','Bilder Sonstige Lieferanten\\dcswiss\\Z362V.jpg','',''),(643,'RTS365VS-3 M6',0,0,0,2,0,1,0,'Gewindebohrer-Sackloch-VA-M6','Normal IK','','','Bilder Sonstige Lieferanten\\dcswiss\\RTS365VS.jpg','',''),(644,'Z362V-3 M6',0,0,0,3,0,1,0,'Gewindebohrer-Sackloch-VA-M6','Normal','','','Bilder Sonstige Lieferanten\\dcswiss\\Z362V.jpg','',''),(645,'N460V-3 M8',0,0,0,2,0,1,0,'Gewindebohrer-Sackloch-VA-M8','berlauf','','','Bilder Sonstige Lieferanten\\dcswiss\\N460V.jpg','',''),(646,'RTS365VS-3 M8',0,0,0,1,0,1,0,'Gewindebohrer-Sackloch-VA-M8','Normal IK','','','Bilder Sonstige Lieferanten\\dcswiss\\RTS365VS.jpg','',''),(647,'Z362V-3 M8',0,0,0,2,0,1,0,'Gewindebohrer-Sackloch-VA-M8','Normal','','','Bilder Sonstige Lieferanten\\dcswiss\\Z362V.jpg','',''),(648,'4219 10.003',0,0,0,1,0,1,0,'Feingewindebohrer-Durchgangsloch-Alu-M10x0.50','berlauf','10,00','','4219.jpg','',''),(649,'4219 10.004',0,0,0,2,0,1,0,'Feingewindebohrer-Durchgangsloch-Alu-M10x0.75','berlauf','10,00','','4219.jpg','',''),(650,'4219 10.006',0,0,0,1,0,1,0,'Feingewindebohrer-Durchgangsloch-Alu-M10x1.25','berlauf','10,00','','4219.jpg','',''),(651,'4219 12.004',0,0,0,1,0,1,0,'Feingewindebohrer-Durchgangsloch-Alu-M12x0.75','berlauf','12,00','','4219.jpg','',''),(652,'4219 12.005',0,0,0,1,0,1,0,'Feingewindebohrer-Durchgangsloch-Alu-M12x1.00','berlauf','12,00','','4219.jpg','',''),(653,'4219 12.007',0,0,0,1,0,1,0,'Feingewindebohrer-Durchgangsloch-Alu-M12x1.50','berlauf','12,00','','4219.jpg','',''),(654,'4219 14.005',0,0,0,1,0,1,0,'Feingewindebohrer-Durchgangsloch-Alu-M14x1.00','berlauf','14,00','','4219.jpg','',''),(655,'4219 16.007',0,0,0,1,0,1,0,'Feingewindebohrer-Durchgangsloch-Alu-M16x1.50','berlauf','16,00','','4219.jpg','',''),(656,'4219 5.003',0,0,0,1,0,1,0,'Feingewindebohrer-Durchgangsloch-Alu-M5x0.50','berlauf','5,00','','4219.jpg','',''),(657,'4219 6.003',0,0,0,1,0,1,0,'Feingewindebohrer-Durchgangsloch-Alu-M6x0.50','berlauf','6,00','','4219.jpg','',''),(658,'4219 8.003',0,0,0,1,0,1,0,'Feingewindebohrer-Durchgangsloch-Alu-M8x0.50','berlauf','8,00','','4219.jpg','',''),(659,'4219 8.004',0,0,0,1,0,1,0,'Feingewindebohrer-Durchgangsloch-Alu-M8x0.75','berlauf','8,00','','4219.jpg','',''),(660,'4219 8.005',1,1,0,1,0,1,0,'Feingewindebohrer-Durchgangsloch-Alu-M8x1.00','berlauf','8,00','','4219.jpg','',''),(661,'N360-3 M10x1.00',0,0,0,1,0,1,0,'Feingewindebohrer-Sackloch-Alu-M10x1.00','Normal','','','Bilder Sonstige Lieferanten\\dcswiss\\N360.jpg','',''),(662,'N460-3 M12x1.00',0,0,0,1,0,1,0,'Feingewindebohrer-Sackloch-Alu-M12x1.00','berlauf','','','Bilder Sonstige Lieferanten\\dcswiss\\N460.jpg','',''),(663,'N360-3 M6x0.50',0,0,0,1,0,1,0,'Feingewindebohrer-Sackloch-Alu-M6x0.50','Normal','','','Bilder Sonstige Lieferanten\\dcswiss\\N360.jpg','',''),(664,'N360-3 M8x1.00',0,0,0,1,0,1,0,'Feingewindebohrer-Sackloch-Alu-M8x1.00','Normal','','','Bilder Sonstige Lieferanten\\dcswiss\\N360.jpg','',''),(665,'2897 4.003',0,0,0,1,0,1,0,'Gewindebohrer','M4 x 0.50','','','Bilder Sonstige Lieferanten\\Default\\default.jpg','',''),(666,'GWBG42x1.5',0,0,0,1,0,1,0,'Gewindebohrer','M42x1.5','','','Bilder Sonstige Lieferanten\\Default\\default.jpg','',''),(667,'GWBGM12x1',0,0,0,1,0,1,0,'Gewindebohrer','M12x1','','','Bilder Sonstige Lieferanten\\Default\\default.jpg','',''),(668,'GWBGM14x1',0,0,0,1,0,1,0,'Gewindebohrer','M14x1','','','Bilder Sonstige Lieferanten\\Default\\default.jpg','',''),(669,'GWBGM14x1.5',0,0,0,1,0,1,0,'Gewindebohrer','M14x1.5','','','Bilder Sonstige Lieferanten\\Default\\default.jpg','',''),(670,'GWBGM15x1',0,0,0,1,0,1,0,'Gewindebohrer','M15x1','','','Bilder Sonstige Lieferanten\\Default\\default.jpg','',''),(671,'GWBGM15x1.5',0,0,0,1,0,1,0,'Gewindebohrer','M15x1.5','','','Bilder Sonstige Lieferanten\\Default\\default.jpg','',''),(672,'GWBGM16x1',0,0,0,1,0,1,0,'Gewindebohrer','M16x1','','','Bilder Sonstige Lieferanten\\Default\\default.jpg','',''),(673,'GWBGM18x1',0,0,0,1,0,1,0,'Gewindebohrer','M18x1','','','Bilder Sonstige Lieferanten\\Default\\default.jpg','',''),(674,'GWBGM18x1.5',0,0,0,1,0,1,0,'Gewindebohrer','M18x1.5','','','Bilder Sonstige Lieferanten\\Default\\default.jpg','',''),(675,'GWBGM20x1',0,0,0,1,0,1,0,'Gewindebohrer','M20x1','','','Bilder Sonstige Lieferanten\\Default\\default.jpg','',''),(676,'GWBGM20X1.5',0,0,0,1,0,1,0,'Gewindebohrer','M20x1.5','','','Bilder Sonstige Lieferanten\\Default\\default.jpg','',''),(677,'GWBGM22x1',0,0,0,1,0,1,0,'Gewindebohrer','M22x1','','','Bilder Sonstige Lieferanten\\Default\\default.jpg','',''),(678,'GWBGM22x1.5',0,0,0,1,0,1,0,'Gewindebohrer','M22x1.5','','','Bilder Sonstige Lieferanten\\Default\\default.jpg','',''),(679,'GWBGM25x1.5',0,0,0,1,0,1,0,'Gewindebohrer','M25x1.5','','','Bilder Sonstige Lieferanten\\Default\\default.jpg','',''),(680,'GWBGM30x1.5',0,0,0,1,0,1,0,'Gewindebohrer','M30x1.5','','','Bilder Sonstige Lieferanten\\Default\\default.jpg','',''),(681,'GWBGM52x1.5',0,0,0,1,0,1,0,'Gewindebohrer','M52x1.5','','','Bilder Sonstige Lieferanten\\Default\\default.jpg','',''),(682,'GWBM8X1.5',0,0,0,1,0,1,0,'Gewindebohrer Sackloch VA - M8x1.5','Normal','','','Bilder Sonstige Lieferanten\\Default\\default.jpg','',''),(683,'N450-3 M9X0.75',0,0,0,1,0,1,0,'Gewindebohrer-Durchgangsloch-Alu-M9x0.75','Normal','','','Bilder Sonstige Lieferanten\\dcswiss\\N320.jpg','',''),(684,'E305M10',0,0,0,1,1,1,0,'CoroTap 400 Gewindeformer','','','','Bilder Sonstige Lieferanten\\Default\\default.jpg','',''),(685,'1016 1.600',0,0,0,2,1,1,0,'Gewindeformer ','M1.6 (P=0.35) ','','','Bilder Sonstige Lieferanten\\Default\\default.jpg','',''),(686,'5598 1.600',0,0,0,1,1,1,0,'Gewindeformer  VA','M1.6 (P=0.35) ','','','5598.jpg','',''),(687,'132684 M12',0,0,0,1,0,1,0,'Gewindeformer M12','','','','Bilder Sonstige Lieferanten\\Default\\default.jpg','',''),(688,'FPS381CN-3 M4',0,0,0,3,0,1,0,'Gewindeformer-genutet-Alu-M4','Normal','','','Bilder Sonstige Lieferanten\\dcswiss\\FPS381CN.jpg','',''),(689,'FPS381CN-3 M5',0,0,0,1,0,1,0,'Gewindeformer-genutet-Alu-M5','Normal','','','Bilder Sonstige Lieferanten\\dcswiss\\FPS381CN.jpg','',''),(690,'FPS381CN-3 M6',0,0,0,2,0,1,0,'Gewindeformer-genutet-Alu-M6','Normal','','','Bilder Sonstige Lieferanten\\dcswiss\\FPS381CN.jpg','',''),(691,'FPS381CN-3 M8',0,0,0,1,0,1,0,'Gewindeformer-genutet-Alu-M8','Normal','','','Bilder Sonstige Lieferanten\\dcswiss\\FPS381CN.jpg','',''),(692,'FPS381VS-3 M5',0,0,0,1,0,1,0,'Gewindeformer-genutet-Stahl-M5','Normal','','','Bilder Sonstige Lieferanten\\dcswiss\\FPS381VS.jpg','',''),(693,'FAS381VS-3 M6',0,0,0,2,0,1,0,'Gewindeformer-genutet-VA-M6','Normal','','','Bilder Sonstige Lieferanten\\dcswiss\\FAS381VS.jpg','',''),(694,'FAS381VS-3 M8',0,0,0,1,0,1,0,'Gewindeformer-genutet-VA-M8','Normal','','','Bilder Sonstige Lieferanten\\dcswiss\\FAS381VS.jpg','',''),(695,'FPS380VS-3 M6',0,0,0,1,0,1,0,'Gewindeformer-Stahl-M6','Normal','','','Bilder Sonstige Lieferanten\\dcswiss\\FAS380VS.jpg','',''),(696,'FS380DL-3 M2.5',0,0,0,2,0,1,0,'Gewindeformer-VA-M2.5','Normal','','','Bilder Sonstige Lieferanten\\dcswiss\\FS380DL.jpg','',''),(697,'GWBGM30x1.5 LH',0,0,0,1,0,1,0,'Gewindebohrer','M30x1.5 LH','','','Bilder Sonstige Lieferanten\\Default\\default.jpg','',''),(698,'GWBLH M8',0,0,0,1,0,1,0,'Gewindebohrer','M8 LH','','','Bilder Sonstige Lieferanten\\Default\\default.jpg','',''),(699,'N360-3 LH M5',0,0,0,1,0,1,0,'Gewindebohrer-Links-Sackloch-Alu-M5','Normal','','','Bilder Sonstige Lieferanten\\dcswiss\\N360.jpg','',''),(700,'N360-3 LH M8',0,0,0,1,0,1,0,'Gewindebohrer-Links-Sackloch-Alu-M8','Normal','','','Bilder Sonstige Lieferanten\\dcswiss\\N360.jpg','',''),(701,'W460DL-5 G14',0,0,0,2,0,1,0,'Gewindeboher-Sackloch-ALU-G14','berlauf','','','Bilder Sonstige Lieferanten\\dcswiss\\DCSwiss_W460.jpg','',''),(702,'GWBZG1',0,0,0,1,0,1,0,'Gewindebohrer Zllisch','G 1','','','Bilder Sonstige Lieferanten\\Default\\default.jpg','',''),(703,'GWBZG12',0,0,0,1,0,1,0,'Gewindebohrer Zllisch','G 12','','','Bilder Sonstige Lieferanten\\Default\\default.jpg','',''),(704,'GWBZG14',0,0,0,1,0,1,0,'Gewindebohrer Zllisch','G 14','','','Bilder Sonstige Lieferanten\\Default\\default.jpg','',''),(705,'GWBZG18',0,0,0,1,0,1,0,'Gewindebohrer Zllisch','G 18','','','Bilder Sonstige Lieferanten\\Default\\default.jpg','',''),(706,'GWBZG34',0,0,0,1,0,1,0,'Gewindebohrer Zllisch','G 34','','','Bilder Sonstige Lieferanten\\Default\\default.jpg','',''),(707,'GWBZG38',0,0,0,1,0,1,0,'Gewindebohrer Zllisch','G 38','','','Bilder Sonstige Lieferanten\\Default\\default.jpg','',''),(708,'391 7.938',0,0,0,2,1,1,0,'Gewindebohrer Zllisch UNC','\"516\"\"\"\"\"\"\"\"\"\"\"\"\"\"\"\"\"\"\"\"\"\"\"\"\"\"\"\"\"\"\"\"\"\"\"\"\"\"\"\"\"\"\"\"\"\"\"\"\"\"\"\"\"\"\"\"\"\"\"\"\"\"\"\"\"\"\"\"\"\"\"\"\"\"\"\"\"\"\"\"\"\"\"\"\"\"\"\"\"\"\"\"\"\"\"\"\"\"\"\"\"\"\"\"\"\"\"\"\"\"\"\"\"\"\"\"\"\"\"\"\"\"\"\"\"\"\"\"\"\"\"\"\"\"\"\"\"\"\"\"\"\"\"\"\"\"\"\"\"\"\"\"\"\"\"\"\"\"\"\"\"\"\"\"\"\"\"\"\"\"\"\"\"\"\"\"\"\"\"\"\"\"\"\"\"\"\"\"\"\"\"\"\"\"\"\"\"\"\"\"\"\"\"\"\"\"\"\"\"\"\"\"\"\"\"\"\"\"\"\"\"\"\"\"\"\"\"\"\"\"\"\"\"\"\"\"\"\"\"\"\"\"\"\"\"\"\"\"\"\"\"\"\"\"\"\"\"\"\"\"\"\"\"\"\"\"\"\"\"\"\"\"\"\"\"\"\"\"\"\"\"\"\"\"\"\"\"\"\"\"\"\"\"\"\"\"\"\"\"\"\"\"\"\"\"\"\"\"\"\"\"\"\"\"\"\"\"\"\"\"\"\"\"\"\"\"\"\"\"\"\"\"\"\"\"\"\"\"\"\"\"\"\"\"\"\"\"\"\"\"\"\"\"\"\"\"\"\"\"\"\"\"\"\"\"\"\"\"\"\"\"\"\"\"\"\"\"\"\"\"\"\"\"\"\"\"\"\"\"\"\"\"\"\"\"\"\"\"\"\"\"\"\"\"\"\"\"\"\"\"\"\"\"\"\"\"\"\"\"\"\"\"\"\"\"\"\"\"\"\"\"\"\"\"\"\"\"\"\"\"\"\"\"\"\"\"\"\"\"\"\"\"\"\"\"\"\"\"\"\"\"\"\"\"\"\"\"\"\"\"\"\"\"\"\"\"\"\"\"\"\"\"\"\"\"\"\"\"\"\"\"\"\"\"\"\"\"\"\"\"\"\"\"\"\"\"\"\"\"\"\"\" 18 UNC Ds=08.00 L2=14.00 L5=35.00\"\"\"\"\"\"\"\"\"\"\"\"\"\"\"\"\"\"\"\"\"\"\"\"\"\"\"\"\"\"\"\"\"\"\"\"\"\"\"\"\"\"\"\"\"\"\"\"\"\"\"\"\"\"\"\"\"\"\"\"\"\"\"\"\"\"\"\"\"\"\"\"\"\"\"\"\"\"\"\"\"\"\"\"\"\"\"\"\"\"\"\"\"\"\"\"\"\"\"\"\"\"\"\"\"\"\"\"\"\"\"\"\"\"\"\"\"\"\"\"\"\"\"\"\"\"\"\"\"\"\"\"\"\"\"\"\"\"\"\"\"\"\"\"\"\"\"\"\"\"\"\"\"\"\"\"\"\"\"\"\"\"\"\"\"\"\"\"\"\"\"\"\"\"\"\"\"\"\"\"\"\"\"\"\"\"\"\"\"\"\"\"\"\"\"\"\"\"\"\"\"\"\"\"\"\"\"\"\"\"\"\"\"\"\"\"\"\"\"\"\"\"\"\"\"\"\"\"\"\"\"\"\"\"\"\"\"\"\"\"\"\"\"\"\"\"\"\"\"\"\"\"\"\"\"\"\"\"\"\"\"\"\"\"\"\"\"\"\"\"\"\"\"\"\"\"\"\"\"\"\"\"\"\"\"\"\"\"\"\"\"\"\"\"\"\"\"\"\"\"\"\"\"\"\"\"\"\"\"\"\"\"\"\"\"\"\"\"\"\"\"\"\"\"\"\"\"\"\"\"\"\"\"\"\"\"\"\"\"\"\"\"\"\"\"\"\"\"\"\"\"\"\"\"\"\"\"\"\"\"\"\"\"\"\"\"\"\"\"\"\"\"\"\"\"\"\"\"\"\"\"\"\"\"\"\"\"\"\"\"\"\"\"\"\"\"\"\"\"\"\"\"\"\"\"\"\"\"\"\"\"\"\"\"\"\"\"\"\"\"\"\"\"\"\"\"\"\"\"\"\"\"\"\"\"\"\"\"\"\"\"\"\"\"\"\"\"\"\"\"\"\"\"\"\"\"\"\"\"\"\"\"\"\"\"\"\"\"\"\"\"\"\"\"\"\"\"\"\"\"\"\"\"\"\"\"\"\"\"\"\"\"\"\"\"\"\"\"\"\"\"\"\"\"\"\"\"\"\"\"\"','','','Bilder Sonstige Lieferanten\\Default\\default.jpg','',''),(709,'911 6.350',0,0,0,2,1,1,0,'Gewindebohrer Zllisch UNF','\"14\"\"\"\"\"\"\"\"\"\"\"\"\"\"\"\"\"\"\"\"\"\"\"\"\"\"\"\"\"\"\"\"\"\"\"\"\"\"\"\"\"\"\"\"\"\"\"\"\"\"\"\"\"\"\"\"\"\"\"\"\"\"\"\"\"\"\"\"\"\"\"\"\"\"\"\"\"\"\"\"\"\"\"\"\"\"\"\"\"\"\"\"\"\"\"\"\"\"\"\"\"\"\"\"\"\"\"\"\"\"\"\"\"\"\"\"\"\"\"\"\"\"\"\"\"\"\"\"\"\"\"\"\"\"\"\"\"\"\"\"\"\"\"\"\"\"\"\"\"\"\"\"\"\"\"\"\"\"\"\"\"\"\"\"\"\"\"\"\"\"\"\"\"\"\"\"\"\"\"\"\"\"\"\"\"\"\"\"\"\"\"\"\"\"\"\"\"\"\"\"\"\"\"\"\"\"\"\"\"\"\"\"\"\"\"\"\"\"\"\"\"\"\"\"\"\"\"\"\"\"\"\"\"\"\"\"\"\"\"\"\"\"\"\"\"\"\"\"\"\"\"\"\"\"\"\"\"\"\"\"\"\"\"\"\"\"\"\"\"\"\"\"\"\"\"\"\"\"\"\"\"\"\"\"\"\"\"\"\"\"\"\"\"\"\"\"\"\"\"\"\"\"\"\"\"\"\"\"\"\"\"\"\"\"\"\"\"\"\"\"\"\"\"\"\"\"\"\"\"\"\"\"\"\"\"\"\"\"\"\"\"\"\"\"\"\"\"\"\"\"\"\"\"\"\"\"\"\"\"\"\"\"\"\"\"\"\"\"\"\"\"\"\"\"\"\"\"\"\"\"\"\"\"\"\"\"\"\"\"\"\"\"\"\"\"\"\"\"\"\"\"\"\"\"\"\"\"\"\"\"\"\"\"\"\"\"\"\"\"\"\"\"\"\"\"\"\"\"\"\"\"\"\"\"\"\"\"\"\"\"\"\"\"\"\"\"\"\"\"\"\"\"\"\"\"\"\"\"\"\"\"\"\"\"\"\"\"\"\"\"\"\"\"\"\"\"\"\"\"\"\"\"\"\"\"\"\"\"\"\"\"\"\"\"\"\"\"\"\"\"\"\"\"\"\"\"\"\"\"\"\"\" 28 UNF Ds=04.50 L2=09.00 L5=30.00\"\"\"\"\"\"\"\"\"\"\"\"\"\"\"\"\"\"\"\"\"\"\"\"\"\"\"\"\"\"\"\"\"\"\"\"\"\"\"\"\"\"\"\"\"\"\"\"\"\"\"\"\"\"\"\"\"\"\"\"\"\"\"\"\"\"\"\"\"\"\"\"\"\"\"\"\"\"\"\"\"\"\"\"\"\"\"\"\"\"\"\"\"\"\"\"\"\"\"\"\"\"\"\"\"\"\"\"\"\"\"\"\"\"\"\"\"\"\"\"\"\"\"\"\"\"\"\"\"\"\"\"\"\"\"\"\"\"\"\"\"\"\"\"\"\"\"\"\"\"\"\"\"\"\"\"\"\"\"\"\"\"\"\"\"\"\"\"\"\"\"\"\"\"\"\"\"\"\"\"\"\"\"\"\"\"\"\"\"\"\"\"\"\"\"\"\"\"\"\"\"\"\"\"\"\"\"\"\"\"\"\"\"\"\"\"\"\"\"\"\"\"\"\"\"\"\"\"\"\"\"\"\"\"\"\"\"\"\"\"\"\"\"\"\"\"\"\"\"\"\"\"\"\"\"\"\"\"\"\"\"\"\"\"\"\"\"\"\"\"\"\"\"\"\"\"\"\"\"\"\"\"\"\"\"\"\"\"\"\"\"\"\"\"\"\"\"\"\"\"\"\"\"\"\"\"\"\"\"\"\"\"\"\"\"\"\"\"\"\"\"\"\"\"\"\"\"\"\"\"\"\"\"\"\"\"\"\"\"\"\"\"\"\"\"\"\"\"\"\"\"\"\"\"\"\"\"\"\"\"\"\"\"\"\"\"\"\"\"\"\"\"\"\"\"\"\"\"\"\"\"\"\"\"\"\"\"\"\"\"\"\"\"\"\"\"\"\"\"\"\"\"\"\"\"\"\"\"\"\"\"\"\"\"\"\"\"\"\"\"\"\"\"\"\"\"\"\"\"\"\"\"\"\"\"\"\"\"\"\"\"\"\"\"\"\"\"\"\"\"\"\"\"\"\"\"\"\"\"\"\"\"\"\"\"\"\"\"\"\"\"\"\"\"\"\"\"\"\"\"\"\"\"\"\"\"\"\"\"\"\"\"\"\"\"\"\"\"\"\"\"\"\"\"\"\"\"\"\"\"\"','','','Bilder Sonstige Lieferanten\\Default\\default.jpg','',''),(710,'CCMT 09T304P-UMH13A',0,0,0,5,10,1,0,'(ALU) Vc=1000 f=0.2 ap=0.5-3.0','R0.4','','','CCMT 09T304P-UMH13A.jpg','',''),(711,'CCGT060204UMH13A',2,2,0,2,10,1,0,'(ALU) Vc=120 f=0.14 ap=0.5-1.4','R0.4','','','Bilder Sonstige Lieferanten\\Default\\default.jpg','',''),(712,'CNMG 120412 MR 4425',7,7,0,5,10,1,0,'P - ap = 4mm (1.5-8)  fn = 0.5 mm\r (0.35-0.75)  vc = 255 mmin (295-210)','','','','CNMG 120412-MR 4425.jpg','',''),(713,'CNMG 120408 PR 2025',11,11,0,5,10,1,0,'M - ap = 4 mm (0.7-7.0)  fn = 0.35 mm\r (0.2-0.5)  vc = 155mmin (195-125)','R0.8','','','CNMG_120408_PR_2025.jpg','',''),(714,'CNMG 120404 MF 2025',4,4,0,5,10,1,0,'M - ap = 0.4mm (0.1-1.5)  fn = 0.15 mm\r (0.05-0.3)  vc = 215 mmin (250-165)','','','','CNMG_120404_MF_2025.jpg','',''),(715,'CNMG 120412 PR 4425',8,8,0,5,10,1,0,'P - ap = 4mm (1-7)  fn = 0.4 mm\r (0.25-0.7)  vc = 280 mmin (325-220)','','','','CNMG.jpg','',''),(716,'CCMT 120408-MR 2025',7,7,0,5,10,1,0,'M - ap = 3 mm (0.8-5.0)  fn = 0.3 mm\r (0.15-0.42)  vc = 165mmin (215-140)','R0.8','','','CCMT 120408-MR 2025.jpg','',''),(717,'CCGX060204ALH10',5,5,0,2,10,1,0,'(ALU) Vc=2000 f=0.2 ap=0.5-3.0','R0.4','','','Bilder Sonstige Lieferanten\\Default\\default.jpg','',''),(718,'ORION CNGG120404-MN2 OHC7310',0,0,0,1,10,0,0,'Wendeschneidplatte Drehen Alu','ALU R=0.40 - N','','','Bilder Sonstige Lieferanten\\Default\\default.jpg','',''),(719,'CCMT 060202-HMP PC9030',0,0,0,4,0,1,0,'WSP Schruppen  KORLOY','(VA) Vc=200 f=0.20 ap=0.3-3.0 M - R=0.2','','','CCMT06-PC9030.jpg','',''),(720,'KORLOY CCGT060204-AK H01',4,4,0,4,0,1,0,'WSP Schruppen NE - R=0.4','(ALU) Vc=1000 f=0.20 ap=0.1-4.0','','','Bilder Sonstige Lieferanten\\Isak\\Korloy\\CCGT06-H01.jpg','',''),(721,'KORLOY CCET040102L PC9030',12,12,0,4,0,1,0,'WSP Schruppen VA - R0.20','(VA) Vc=(250) f=0.50 ap=0.1-0.5','','','Bilder Sonstige Lieferanten\\Default\\default.jpg','',''),(722,'DCMX11T304WF1115',0,0,0,2,10,1,0,'M - ap = 1 mm (0.3-3)  fn = 0.2 mm\r (0.07-0.3)  vc = 170 mmin (235-140)','S - ap = 1 mm (0.3-2.1)  fn = 0.14 mm\r (0.07-0.21)  vc = 65 mmin (65-55)','','','Bilder Sonstige Lieferanten\\Default\\default.jpg','',''),(723,'DNMG 150608 PM4335',9,1,0,2,10,1,0,'vc=345 f=0.30 ap=0.5-6.0','','','','5.jpg','',''),(724,'ORION DNGG150604-MN2 OHC7310',3,3,0,1,10,0,0,'Wendeschneidplatte Drehen Alu','R=0.40 - N','','','Bilder Sonstige Lieferanten\\Default\\default.jpg','',''),(725,'KORLOY DNMG150604-VB CN2000',5,5,0,2,0,1,0,'WSP Kopieren Cermet PK - R=0.2','Vc=230 f=0.2 ap=0.5-2.0','','','Bilder Sonstige Lieferanten\\Default\\default.jpg','',''),(726,'DCMT 11T308-VF CN 1500',49,49,0,1,0,1,0,'WSP Kopieren InnenAussen P - R0.80','Vc=250 f=0.15 ap=0.3-1.5','','','dcgt.jpg','',''),(727,'DCMT 11T308-HMP CC 2500',4,4,0,4,0,1,0,'WSP Kopieren InnenAussen PK - R0.','Vc=260 f=0.2 ap=0.5-3.0','','','dcgt.jpg','',''),(728,'DCMT 070202-HMP CN2500',4,4,0,4,0,1,0,'WSP Kopieren InnenAussen PK - R0.20','Vc=220 f=0.06 ap=0.1-2.0','','','dcgt.jpg','',''),(729,'DCMT 11T304-HMP CC2500 ALU',11,11,0,4,0,1,0,'WSP Kopieren InnenAussen KORLOY','Vc=260 f=0.15 ap=0.3-3.0 R0.40','','','dcgt.jpg','',''),(730,'DCMT 11T308-VF NC3225',16,16,0,4,0,1,0,'WSP Kopieren InnenAussen KORLOY','PK - R0.80','','','dcgt.jpg','',''),(731,'DCMT 11T308-HMP CN2500',0,0,0,5,0,1,0,'WSP Kopieren InnenAussen KORLOY','PK - R0.80','','','dcgt.jpg','',''),(732,'DCMT 070204-HMP PC9030',2,2,0,4,0,1,0,'WSP Kopieren KORLOY','M - R=0.4','','','DCMT11-PC9030.jpg','',''),(733,'KORLOY DCGT11T302-AK H01',0,0,0,4,0,1,0,'WSP Kopieren NE - R=0.2','(ALU) Vc=1000 f=0.15 ap=0.05-4.0','','','Bilder Sonstige Lieferanten\\Isak\\Korloy\\DCGT11-H01.jpg','',''),(734,'KORLOY DCGT11T304-AK H01',0,0,0,4,0,1,0,'WSP Kopieren NE - R=0.4','(ALU) Vc=1000 f=0.25 ap=0.1-5.0','','','Bilder Sonstige Lieferanten\\Isak\\Korloy\\DCGT11-H01.jpg','',''),(735,'KORLOY DCGT11T308-AK H01',12,12,0,4,0,1,0,'WSP Kopieren NE - R=0.8','(ALU) Vc=1000 f=0.25 ap=0.1-5.0','','','DCGT11-H01.jpg','',''),(736,'KORLOY VCGT160404-AK PC8110',0,0,0,2,0,1,0,'WSP Kopieren VATi - R0.40','Vc=1000 f=0.2 ap=0.1-5.0','','','Bilder Sonstige Lieferanten\\Default\\default.jpg','',''),(737,'D16.1020.02 MR X800',0,0,0,1,0,1,0,'Schneidplatte Gewinde','Dmin=16mm P=2mm','','','SIMTEK_P06.jpg','',''),(738,'L105.VPM6.3.6 TN35',0,0,0,2,0,1,0,'Gewindedrehen Innen','P=01.00 Dmim=04.90 a=04.50 l2=20','','','Bilder Sonstige Lieferanten\\Horn\\Horn_105_VPM_2.jpg','',''),(739,'R105.0407.3.5 TN35',1,1,0,2,0,1,0,'Gewindedrehen Innen','P=00.50 Dmim=05.00 a=04.70 l2=20','','','Bilder Sonstige Lieferanten\\Horn\\Horn_105_2.jpg','',''),(740,'R105.0510.3.5 TN35',0,0,0,1,0,1,0,'Gewindedrehen Innen','P=01.00 Dmim=04.80 a=04.50 l2=20','','','Bilder Sonstige Lieferanten\\Horn\\Horn_105_2.jpg','',''),(741,'R105.VPM5.2.5 TN35',2,2,0,1,0,1,0,'Gewindedrehen Innen','P=00.80 Dmim=04.10 a=03.70 l2=15','','','Bilder Sonstige Lieferanten\\Horn\\Horn_105_VPM_2.jpg','',''),(742,'RS108.0510.GM1 EG55',4,4,0,2,0,1,0,'Gewindedrehen Innen','P=01.00','','','Bilder Sonstige Lieferanten\\Horn\\Horn_RS108.jpg','',''),(743,'CPT 16 ER 0.35 ISO BMA',9,9,0,2,0,1,0,'Gewindeplatte Aussen 16er','P=0.35','','','Gewindeplatte.JPG','',''),(744,'CPT 16 ER 0.5 ISO BMA',8,8,0,2,0,1,0,'Gewindeplatte Aussen 16er','P=0.50','','','Gewindeplatte.JPG','',''),(745,'CPT 16 ER 0.7 ISO BMA',9,9,0,2,0,1,0,'Gewindeplatte Aussen 16er','P=0.70','','','Gewindeplatte.JPG','',''),(746,'CPT 16 ER 1.25 ISO BMA',9,8,0,2,0,1,0,'Gewindeplatte Aussen 16er','P=1.25','','','Gewindeplatte.JPG','',''),(747,'CPT 16 ER 1.5 ISO BMA',2,0,0,2,0,1,0,'Gewindeplatte Aussen 16er','P=1.50','','','Gewindeplatte.JPG','',''),(748,'CPT 16 ER 1.75 ISO BMA',8,6,0,2,0,1,0,'Gewindeplatte Aussen 16er','P=1.75','','','Gewindeplatte.JPG','',''),(749,'CPT 16 ER 11 W BMA',6,6,0,2,0,1,0,'Gewindeplatte Aussen 16er',' 11  Gang pro Zoll','','','Gewindeplatte.JPG','',''),(750,'CPT 16 ER 14 W BMA',1,1,0,2,0,1,0,'Gewindeplatte Aussen 16er',' 14  Gang pro Zoll','','','Gewindeplatte.JPG','',''),(751,'CPT 16 ER 18 W BMA',9,9,0,2,0,1,0,'Gewindeplatte Aussen 16er',' 18  Gang pro Zoll','','','Gewindeplatte.JPG','',''),(752,'CPT 16 ER 19 W BMA',1,1,0,2,0,1,0,'Gewindeplatte Aussen 16er',' 19  Gang pro Zoll','','','Gewindeplatte.JPG','',''),(753,'CPT 16 ER 2 TR BMA',0,0,0,2,0,1,0,'Gewindeplatte Aussen 16er','TR 2.0','','','GewindeplatteTR.JPG','',''),(754,'CPT 16 ER 2.0 ISO BMA',7,7,0,2,0,1,0,'Gewindeplatte Aussen 16er','P=2.00','','','Gewindeplatte.JPG','',''),(755,'CPT 16 ER 2.5 ISO BMA',31,31,0,2,0,1,0,'Gewindeplatte Aussen 16er','P=2.50','','','Gewindeplatte.JPG','',''),(756,'CPT 16 ER 3.0 ISO BMA',23,23,0,2,0,1,0,'Gewindeplatte Aussen 16er','P=3.00','','','Gewindeplatte.JPG','',''),(757,'CPT 22 ER 3.5 ISO BMA',9,9,0,1,0,1,0,'Gewindeplatte Aussen 22er','P=3.50','','','Gewindeplatte.JPG','',''),(758,'CPT 22 ER 4.0 ISO BMA',3,3,0,1,0,1,0,'Gewindeplatte Aussen 22er','P=4.00','','','Gewindeplatte.JPG','',''),(759,'CPT 22 ER 4.5 ISO BMA',12,12,0,1,0,1,0,'Gewindeplatte Aussen 22er','P=4.50','','','Gewindeplatte.JPG','',''),(760,'CPT 22 ER 5.0 ISO BMA',2,2,0,2,0,1,0,'Gewindeplatte Aussen 22er','P=5.00','','','Gewindeplatte.JPG','',''),(761,'CPT 27 ER 5.5 ISO BMA',2,2,0,1,0,1,0,'Gewindeplatte Aussen 22er','P=5.50','','','Gewindeplatte.JPG','',''),(762,'CPT 11 IR 1.5 ISO BMA',4,4,0,2,0,1,0,'Gewindeplatte Innen 11er','P=1.50','','','Gewindeplatte.JPG','',''),(763,'CPT 11 IR 14 W BMA',2,2,0,2,0,1,0,'Gewindeplatte Innen 11er',' 14  Gang pro Zoll','','','Gewindeplatte.JPG','',''),(764,'CPT 11 IR 2.0 ISO BMA',0,0,0,2,0,1,0,'Gewindeplatte Innen 11er','P=2.00','','','Gewindeplatte.JPG','',''),(765,'CPT 16 IR 1.0 ISO BMA',0,0,0,2,0,1,0,'Gewindeplatte Innen 16er','P=1.00','','','Gewindeplatte.JPG','',''),(766,'CPT 16 IR 1.25 ISO BMA',3,3,0,2,0,1,0,'Gewindeplatte Innen 16er','P=1.25','','','Gewindeplatte.JPG','',''),(767,'CPT 16 IR 1.5 ISO BMA',0,0,0,2,0,1,0,'Gewindeplatte Innen 16er','P=1.50','','','Gewindeplatte.JPG','',''),(768,'CPT 16 IR 1.75 ISO BMA',5,5,0,2,0,1,0,'Gewindeplatte Innen 16er','P=1.75','','','Gewindeplatte.JPG','',''),(769,'CPT 16 IR 11 W BMA',9,9,0,2,0,1,0,'Gewindeplatte Innen 16er',' 11  Gang pro Zoll','','','Gewindeplatte.JPG','',''),(770,'CPT 16 IR 14 W BMA',0,0,0,2,0,1,0,'Gewindeplatte Innen 16er',' 14  Gang pro Zoll','','','Gewindeplatte.JPG','',''),(771,'CPT 16 IR 19 W BMA',4,4,0,2,0,1,0,'Gewindeplatte Innen 16er',' 19  Gang pro Zoll','','','Gewindeplatte.JPG','',''),(772,'CPT 16 IR 2 TR BMA',1,1,0,1,0,1,0,'Gewindeplatte Innen 16er','TR 2.0','','','GewindeplatteTR.JPG','',''),(773,'CPT 16 IR 2.0 ISO BMA',0,0,0,2,0,1,0,'Gewindeplatte Innen 16er','P=2.00','','','Gewindeplatte.JPG','',''),(774,'CPT 16 IR 2.5 ISO BMA',12,12,0,2,0,1,0,'Gewindeplatte Innen 16er','P=2.50','','','Gewindeplatte.JPG','',''),(775,'CPT 16 IR 3.0 ISO BMA',8,8,0,2,0,1,0,'Gewindeplatte Innen 16er','P=3.00','','','Gewindeplatte.JPG','',''),(776,'CPT 16 IR 8 W BMA',7,7,0,1,0,1,0,'Gewindeplatte Innen 16er',' 8  Gang pro Zoll','','','Gewindeplatte.JPG','',''),(777,'CPT 22 IR 4 TR BMA',3,3,0,1,0,1,0,'Gewindeplatte Innen 22er','TR 4.0','','','GewindeplatteTR.JPG','',''),(778,'CPT 22 IR 5 TR BMA',0,0,0,1,0,1,0,'Gewindeplatte Innen 22er','TR 5.0','','','GewindeplatteTR.JPG','',''),(779,'D08.0510.01 MR X800',0,0,0,3,0,1,0,'WSP-Gewinde-Innen','P=1.00-1.25 Dmin=8.','','','d08051001mrgn39.jpg','',''),(780,'D09.0815.02.09 MR GN39',0,0,0,2,0,1,0,'WSP-Gewinde-Innen','P=1.5 Dmin=9.','','','d0908150209mrgn39.jpg','',''),(781,'D11.0510.02 MR GN39',0,0,0,2,0,1,0,'WSP-Gewinde-Innen','P=1.00 Dmin=11.','','','d11051002mrgn39.jpg','',''),(782,'D11.1020.02 MR GN39X800',0,0,0,2,0,1,0,'WSP-Gewinde-Innen','P=2.00 Dmin=11.','','','d11051002mrgn39.jpg','',''),(783,'D16.0815.02 MR GN39',1,1,0,2,0,1,0,'WSP-Gewinde-Innen','P=1.50 Dmin=16.','','','d16081502mrgn39.jpg','',''),(784,'GY2M0300F030R05-GM VP20RT',0,0,0,4,10,0,0,'Mitsubishi Stechplatte Aussen','Abstechen B=3.0 Schrg','','','Bilder Sonstige Lieferanten\\Feike\\GY2M0300F030R05-GM.jpg','',''),(785,'GY2M0600J030N-GS VP20RT',8,8,0,2,10,0,0,'Mitsubishi Stechplatte Aussen','Einstechen B=6.0','','','Bilder Sonstige Lieferanten\\Feike\\GY2M0300F030N-GM.jpg','',''),(786,'QD-NG-0300-0001-CF 1145',0,0,0,3,10,1,0,'Wendeschneidplatte','Abstechen 3mm klein','','','Bilder Sonstige Lieferanten\\Default\\default.jpg','',''),(787,'QD-NG-0300-0004-CM 4325',11,11,0,3,10,1,0,'Wendeschneidplatte','Abstechen 3mm klein','','','Bilder Sonstige Lieferanten\\Default\\default.jpg','',''),(788,'KORLOY SP300 NC3030',7,7,0,4,0,1,0,'WSP Stechschwert','P - W=3.10 R=0.25','','','Bilder Sonstige Lieferanten\\Default\\default.jpg','',''),(789,'KORLOY SP300 PC8110',7,7,0,4,0,1,0,'WSP Stechschwert','VATi - W=3.10 R=0.25','','','Bilder Sonstige Lieferanten\\Isak\\Korloy\\SP.jpg','',''),(790,'KORLOY SP300R NC3030',5,5,0,4,0,1,0,'WSP Stechschwert','P - W=3.10 R=0.25','','','Bilder Sonstige Lieferanten\\Isak\\Korloy\\SP-L.jpg','',''),(791,'KORLOY SP300R PC8110',5,5,0,3,0,1,0,'WSP Stechschwert','VATi - W=3.10 R=0.25','','','Bilder Sonstige Lieferanten\\Isak\\Korloy\\SP-R.jpg','',''),(792,'KORLOY SP400 NC3030',14,14,0,4,0,1,0,'WSP Stechschwert','P - W=4.10 R=0.25','','','Bilder Sonstige Lieferanten\\Isak\\Korloy\\SP-R.jpg','',''),(793,'KORLOY SP400 PC8110',10,10,0,4,0,1,0,'WSP Stechschwert','VATi - W=4.10 R=0.25','','','Bilder Sonstige Lieferanten\\Isak\\Korloy\\SP.jpg','',''),(794,'GY2M0200D100N-BM VP20RT',3,3,0,2,10,0,0,'Mitsubishi Stechplatte Aussen','Einstechen B=2.0 R=1.00','','','Bilder Sonstige Lieferanten\\Feike\\GY2M0200D100N-BM.jpg','',''),(795,'GY2M0300F030N-GM VP20RT',1,1,0,3,10,0,0,'Mitsubishi Stechplatte Aussen','Einstechen B=3.0','','','Bilder Sonstige Lieferanten\\Feike\\GY2M0300F030N-GM.jpg','',''),(796,'GY2M0300F150N-BM NX2525',1,1,0,2,0,0,0,'Mitsubishi Stechplatte Aussen','Einstechen B=3.0 R=1.50','','','Bilder Sonstige Lieferanten\\Feike\\GY2M0300F150N-BM.jpg','',''),(797,'CERAMTEC LBMN207540-02 SC40',26,26,0,5,10,0,0,'Stechplatte Ceramtec','B=4.00 T=5.00 Cermet','','','Bilder Sonstige Lieferanten\\Default\\default.jpg','',''),(798,'CERAMTEC LDGX1250110R SC40',11,11,0,4,0,0,0,'Stechplatte Rechts Ceramtec','B=1.10 (+0.05+0.14) T=2.30 Cermet','','','Bilder Sonstige Lieferanten\\Default\\default.jpg','',''),(799,'N1512215205G235',6,6,0,2,10,1,0,'T-Max Q-Cut Wendeschneidplatte zum Einstechen','','','','Bilder Sonstige Lieferanten\\Default\\default.jpg','',''),(800,'TE3.0070.00 GR HT45',2,2,0,2,0,1,0,'Wendesschneidplatte-Stechen','B=0.7 Tmax=1.0','','','te3007000grht45.jpg','',''),(801,'TE3.0100.00 GR HT45',9,9,0,3,0,1,0,'Wendesschneidplatte-Stechen','B=1.0 Tmax=2.68','','','te3010000grht45.jpg','',''),(802,'TE3.0150.00 NR GN39',3,3,0,2,0,1,0,'Wendesschneidplatte-Stechen','B=1.5 Tmax=5.0','','','te3020002nrgt45.jpg','',''),(803,'TE3.0160.00 GR GN39',4,4,0,2,0,1,0,'Wendesschneidplatte-Stechen-Aussen','B=1.6 Tmax=5.0','','','te3016000grgn39.jpg','',''),(804,'GY2M0200D020N-MS VP20RT',0,0,0,4,10,0,0,'Mitsubishi Stechplatte Aussen','Einstechen B=2.0','','','Bilder Sonstige Lieferanten\\Feike\\GY2M0300F030N-GM.jpg','',''),(805,'R105.0100.1.4 TN35',3,3,0,2,0,1,0,'Einstechen Innen','Dmin=04.00 l2=10 tmax=00.80 w=01.00','','','Horn_105_1.jpg','',''),(806,'R105.0100.2.6 TN35',1,-1,0,2,0,1,0,'Einstechen Innen','Dmin=06.00 l2=15 tmax=01.80 w=01.00','','','Bilder Sonstige Lieferanten\\Horn\\Horn_105_1.jpg','',''),(807,'R18P.0015.1.30 TH35',3,3,0,2,0,1,0,'Einstechnen Innen','Dmin=18.00 w=03.00 tmax=06.00 r=01.50','','','Bilder Sonstige Lieferanten\\Horn\\Horn_R18P.jpg','',''),(808,'105.0512.3968 TN35',6,6,0,8,0,1,0,'Nuten Stechen Planfilterhalter','B=01.25  tmax=01.50','','','Stecher-planfilterhalter.jpg','',''),(809,'D08.0110.00 GR GN39',0,0,0,2,0,1,0,'WSP-Stechen-Innen','B=1.2 Dmin=8. Tmax=1.0','','','d08011000grgn39.jpg','',''),(810,'D11.0110.00 GR GN39',0,0,0,2,0,1,0,'WSP-Stechen-Innen','B=1.2 Dmin=11. Tmax=2.3','','','d11011000grgn39.jpg','',''),(811,'D11.0160.00 GR GN39',0,0,0,2,0,1,0,'WSP-Stechen-Innen','B=1.7 Dmin=11. Tmax=2.3','','','d11016000grgn39.jpg','',''),(812,'D11.0300.00 GR GN39',14,14,0,2,0,1,0,'WSP-Stechen-Innen','B=3.0 Dmin=11. Tmax=2.3','','','d11030000grgn39.jpg','',''),(813,'D16.0300.00 GR GN39X800',0,0,0,2,0,1,0,'WSP-Stechen-Innen','B=3.0 Dmin=16. Tmax=4.30','','','SimtekD16.jpg','',''),(814,'Iaxial60L',0,0,0,1,0,1,0,'Iscar Axialstechplatte 6mm LINKS','ACHTUNG wird nicht nachbestell! Nur aufbrauchen!','','','Bilder Sonstige Lieferanten\\Default\\default.jpg','',''),(815,'IaxialR60L',0,0,0,1,0,1,0,'Iscar Axialstechplatte Radius 3mm LINKS','ACHTUNG wird nicht nachbestell! Nur aufbrauchen!','','','Bilder Sonstige Lieferanten\\Default\\default.jpg','',''),(816,'Maxial26',0,0,0,1,0,1,0,'Microna Axialstechplatte 2.6mm','ACHTUNG wird nicht nachbestell! Nur aufbrauchen!','','','Bilder Sonstige Lieferanten\\Default\\default.jpg','',''),(817,'Maxial40',0,0,0,1,0,1,0,'Microna Axialstechplatte 4mm','ACHTUNG wird nicht nachbestell! Nur aufbrauchen!','','','Bilder Sonstige Lieferanten\\Default\\default.jpg','',''),(818,'MaxialR125',0,0,0,1,0,1,0,'Microna Axialstechplatte Raduis  1.25mm (GEA)','ACHTUNG wird nicht nachbestell! Nur aufbrauchen!','','','Bilder Sonstige Lieferanten\\Default\\default.jpg','',''),(819,'R114.1210.00 EG55',0,0,0,1,0,1,0,'HORN  Schneidplatte Axialstehen ','b=1.0 tmax=1.5','','','Bilder Sonstige Lieferanten\\Horn\\114_2.jpg','',''),(820,'R114.1416.08 TN35',0,0,0,1,0,1,0,'Horn Schneidplatte Axialstehen mit Radius (kurz)','b=1.6 r=0.8 tmax=2.5 Dmin=14.0','','','Bilder Sonstige Lieferanten\\Horn\\114_3.jpg','',''),(821,'S229.0600.34 TC92',3,3,0,2,0,1,0,'Horn Axialstechen ','w=06.00 R=00.40 Gre 05','','','Bilder Sonstige Lieferanten\\Horn\\Horn_229.jpg','',''),(822,'S224.0015.K3 TN32',0,0,0,2,0,1,0,'Horn Einstechen  (Rund)','w=03.00 R=01.50 Gre 03','','','Bilder Sonstige Lieferanten\\Horn\\Horn_224.jpg','',''),(823,'D14.1410.00 AR GN39',2,2,0,2,0,1,0,'WSP-Stechen-Stirn Simtek','B=1.0 Dmin=14. Tmax=1.5','','','d14141000argn39.jpg','',''),(824,'D14.1415.02 AR GN39',0,0,0,2,0,1,0,'Simtek WSP-Stechen-Stirn','B=1.5 Dmin=14. Tmax=2.5','','','d14141502argn39.jpg','',''),(825,'D14.1420.52 AR GN39',0,0,0,2,0,1,0,'Simtek WSP-Stechen-Stirn','B=2.0 Dmin=14. Tmax=2.0','','','d14142052argn39.jpg','',''),(826,'303467775',0,0,0,1,1,0,0,'Schneideinsatz Nuten Stechen','Ds=6.0 b=1.2','','','Bilder Sonstige Lieferanten\\Default\\default.jpg','',''),(827,'GHRING 25798 6.003',0,0,0,1,1,1,0,'Schneideinsatz Axialstechen ','b=2.0 tmax=8.0','','','Bilder Sonstige Lieferanten\\ghring\\25798.jpg','',''),(828,'25750 6.015',0,0,0,2,1,1,0,'Schneideinsatz Innenstechen','b=2.0 tmax=2.0 Dmin=6.0','','','Bilder Sonstige Lieferanten\\ghring\\25750.jpg','',''),(829,'N105.0298.01.01 TA45',0,0,0,2,0,1,0,'Nutenstoen','w=02.98 l2=12.00 Dmin=06.50','','','Bilder Sonstige Lieferanten\\Horn\\Horn_N105.jpg','',''),(830,'N105.0397.01.01 TA45',0,0,0,2,0,1,0,'Nutenstoen','w=03.97 l2=15.00 Dmin=06.51','','','Bilder Sonstige Lieferanten\\Horn\\Horn_N105.jpg','',''),(831,'D16.1897.02 YR GN39',0,0,0,3,0,1,0,'WSP-Drehen-Innen','R=0.2 Dmin=15.5','','','d16189702yrgn39.jpg','',''),(832,'R105.2140.2.7 EG35',1,-1,0,1,0,1,0,'Schneidplatte Innendrehen','Dmin=7.0 ln=15.0 r=0.2','','','Bilder Sonstige Lieferanten\\Horn\\105-1.jpg','',''),(833,'27208 8320',0,0,0,2,1,1,0,'VHM Schneideinsatz','D=08.00 r=0.2 l1=17','','','27208.jpg','',''),(834,'ZEUS AA 20 x 8 x 6 G7 P=1.0',0,0,0,1,0,1,0,'Rndelwerkzeug','P=1.2 Form: AA','','','AA.jpg','',''),(835,'ZEUS BLBR 30 20 x 8 x 6 G7 P=1.0',0,0,0,1,0,1,0,'Rndelwerkzeug','P=1.0 Form: B30','','','B30.jpg','',''),(836,'ZEUS BLBR 45 20 x 8 x 6 G7 P=0.6',1,1,0,1,0,1,0,'Rndelwerkzeug','P=0.6 Form: B45','','','B45.jpg','',''),(837,'ZEUS BLBR 45 20 x 8 x 6 G7 P=1.2',0,0,0,1,0,1,0,'Rndelwerkzeug','P=1.2 Form: B45','','','B45.jpg','',''),(838,'R105.BO.40.20.100.2 EG35',0,0,0,2,0,1,0,'Bohrdrehwerkzeug D4','Ds=4 Ln=10 r=0.2','','','105-BO.jpg','',''),(839,'XCNT 040104ER CTP2440',0,0,0,4,0,1,0,'WSP-Bohr-Drehwerkzeug','Plattengre 04','','','xcnt040104er.jpg','',''),(840,'XCGT 050204-ALZ  RT100',4,4,0,3,0,1,0,'WSP-Bohr-Drehwerkzeug ALU Gre 05','Vc= 120-500mmin f=0,10-0,25 mmU','','','Bilder Sonstige Lieferanten\\Isak\\Screenshot 2022-04-13 120045.jpg','',''),(841,'XCGT 060204-ALZ  RT100',3,3,0,3,0,1,0,'WSP-Bohr-Drehwerkzeug ALU Gre 06','Vc= 120-500mmin f=0,10-0,25 mmU','','','Bilder Sonstige Lieferanten\\Isak\\Screenshot 2022-04-13 120045.jpg','',''),(842,'XCMT 050204-EN RT300',9,-1,0,2,2,1,0,'WSP-Bohr-Drehwerkzeug VA Gre 05','P/M  Vc= 80-140mmin f=0,04-0,10 mmU ','','','xcnt060204en.jpg','',''),(843,'XCMT 060204-EN RT300',3,3,0,2,0,1,0,'WSP-Bohr-Drehwerkzeug VA Gre 06','Vc= 80-140mmin f=0,04-0,08 mmU','','','Bilder Sonstige Lieferanten\\Isak\\ceratizit\\xcnt060204en.jpg','',''),(844,'XCMT 10T304-EN RT300',0,0,0,4,0,0,0,'WSP-Bohr-Drehwerkzeug VA Gre 10','Vc= 80-140mmin f=0,05-0,12 mmU','','','Bilder Sonstige Lieferanten\\Isak\\ceratizit\\xcnt060204en.jpg','',''),(845,'CERATIZIT 7883209M3.5x8.6T15',0,0,0,1,0,1,0,'Schraube-Bohrdrehwerkzeug','Plattengre 10','','','Bilder Sonstige Lieferanten\\Isak\\ceratizit\\7883209.jpg','',''),(846,'TE3 M5X15 T20R',0,0,0,1,0,1,0,'Schraube-Stechplatte-TE3','Simtek','','','7883209.jpg','',''),(847,'CERATIZIT 70804012',0,0,0,1,0,1,0,'Bohr-Drehwerkzeug 1.5 x D','D=12.00 Ds=16','','','Bilder Sonstige Lieferanten\\Isak\\BD_1.5.jpg','',''),(848,'CERATIZIT 70804020',0,0,0,1,0,1,0,'Bohr-Drehwerkzeug 1.5 x D','D=20.00 Ds=25','','','Bilder Sonstige Lieferanten\\Isak\\BD_1.5.jpg','',''),(849,'ATORN Nr.: 11111080',0,0,0,1,168,1,0,'Bohrstange SCLCR','Dmin=14.00 Ds=12','','','Bilder Sonstige Lieferanten\\hahn+kolb\\Atron_11.jpg','',''),(850,'ATORN Nr.:11111078',0,0,0,1,168,1,0,'Bohrstange SCLCR','Dmin=12.00 Ds=10','','','Bilder Sonstige Lieferanten\\Default\\default.jpg','',''),(851,'ATORN Nr.: 11111273',0,0,0,1,1030,1,0,'Bohrstrange SDQCR','Dmin=20.00 Ds=16','','','Bilder Sonstige Lieferanten\\hahn+kolb\\Atron_12.jpg','',''),(852,'ATORN Nr.:11111275',0,0,0,1,121,1,0,'Bohrstrange SDQCR','Dmin=25.00 Ds=20','','','Bilder Sonstige Lieferanten\\Default\\default.jpg','',''),(853,'ATORN Nr.: 11111108',0,0,0,1,1510,1,0,'Bohrstrange SDUCR','Dmin=27.00 Ds=25','','','Bilder Sonstige Lieferanten\\hahn+kolb\\Atron_10.jpg','',''),(854,'ATORN Nr.:11111095',0,0,0,1,158,1,0,'Bohrstrange SDUCR abgesetzt','Dmin=15.50 Ds=12','','','Bilder Sonstige Lieferanten\\Default\\default.jpg','',''),(855,'ATORN Nr.:11111098',0,0,0,1,158,1,0,'Bohrstrange SDUCR abgesetzt','Dmin=12.50 Ds=10','','','Bilder Sonstige Lieferanten\\Default\\default.jpg','',''),(856,'ATORN Nr.:11111099',0,0,0,2,198,1,0,'Bohrstrange SDUCR abgesetzt','Dmin=19.50 Ds=16','','','Bilder Sonstige Lieferanten\\Default\\default.jpg','',''),(857,'B116.0016.03',0,0,0,1,0,1,0,'Klemmhalter','D=16.00 l1=150 l2=80 h=15 l4=11','','','Bilder Sonstige Lieferanten\\Horn\\Horn_B116.jpg','',''),(858,'25320 6.010',0,0,0,1,1,1,0,'Klemmhalter (Schneideinsatz Typ 106)','D=06.00 Ds=16','','','Bilder Sonstige Lieferanten\\Default\\default.jpg','',''),(859,'D08.0016.12 ST',0,0,0,1,0,1,0,'Klemmhalter Drehen SIMTEK ','D=16 L2=12mm','','','D11.jpg','',''),(860,'D11.0012.29 ST',0,0,0,1,0,1,0,'Klemmhalter Drehen','D=08.00 Ds=12 l2=29','','','D16_1.jpg','',''),(861,'D11.0012.56 HM',0,0,0,1,0,1,0,'Klemmhalter Drehen','D=08.00 Ds=12 l2=56','','','D16_1.jpg','',''),(862,'D11.0012.64 HM',0,0,0,1,0,1,0,'Klemmhalter Drehen','D=08.00 Ds=12 l2=64','','','D16_1.jpg','',''),(863,'D14.0016.30 ST',0,0,0,1,0,1,0,'Klemmhalter Drehen','D=09.50 Ds=16 l2=30','','','D14.jpg','',''),(864,'D16.0016.22 ST',0,0,0,1,0,1,0,'Klemmhalter Drehen SIMTEK ','D=11.00 Ds=16 l2=22','','','D16_2.jpg','',''),(865,'D16.0016.40 HM',0,0,0,1,0,1,0,'Klemmhalter Drehen SIMTEK ','D=11.00 Ds=16 l2=40 ','','','D16_1.jpg','',''),(866,'D16.0016.80 HM',0,0,0,1,0,1,0,'Klemmhalter Drehen SIMTEK ','D=11.00 Ds=16 l2=80','','','D16_1.jpg','',''),(867,'ZEUS Rndel Wekzeughalter',0,0,0,1,0,1,0,'Rndelwerkzeug','Halter R','','','Bilder Sonstige Lieferanten\\Default\\default.jpg','',''),(868,'EROGLU 709.25.16.1.46',0,0,0,2,0,1,0,'Reduzierhlse','25 D 16','','','Bilder Sonstige Lieferanten\\Isak\\Eroglu_1.jpg','',''),(869,'IMS10-12',0,0,0,1,0,0,0,'3-Punkt-Messschraube','10-12mm','','','Bilder Sonstige Lieferanten\\Default\\default.jpg','',''),(870,'IMS12-16',0,0,0,1,0,0,0,'3-Punkt-Messschraube','12-16mm','','','Bilder Sonstige Lieferanten\\Default\\default.jpg','',''),(871,'IMS16-20',0,0,0,1,0,0,0,'3-Punkt-Messschraube','16-20mm','','','Bilder Sonstige Lieferanten\\Default\\default.jpg','',''),(872,'IMS25-30',0,0,0,1,0,0,0,'3-Punkt-Messschraube','25-30mm','','','Bilder Sonstige Lieferanten\\Default\\default.jpg','',''),(873,'IMS30-35',0,0,0,1,0,0,0,'3-Punkt-Messschraube','30-35mm','','','Bilder Sonstige Lieferanten\\Default\\default.jpg','',''),(874,'IMS40-50',0,0,0,1,0,0,0,'3-Punkt-Messschraube','40-50mm','','','Bilder Sonstige Lieferanten\\Default\\default.jpg','',''),(875,'IMS8-10',0,0,0,1,0,0,0,'3-Punkt-Messschraube','8-10mm','','','Bilder Sonstige Lieferanten\\Default\\default.jpg','',''),(876,'X29',0,0,0,1,0,0,0,'Ausschuss-Gewindelehrring','M30x1.5 ','','','Bilder Sonstige Lieferanten\\Default\\default.jpg','',''),(877,'X42',0,0,0,1,0,0,0,'Ausschuss-Gewindelehrring','M60X1.5','','','Bilder Sonstige Lieferanten\\Default\\default.jpg','',''),(878,'BMS025A',0,0,0,1,0,0,0,'Bgelmessschraube Analog','0-25mm','','','Bilder Sonstige Lieferanten\\Default\\default.jpg','',''),(879,'BMS2550A',0,0,0,1,0,0,0,'Bgelmessschraube Analog','25-50mm','','','Bilder Sonstige Lieferanten\\Default\\default.jpg','',''),(880,'BMS5075A',0,0,0,1,0,0,0,'Bgelmessschraube Analog','50-75mm','','','Bilder Sonstige Lieferanten\\Default\\default.jpg','',''),(881,'BMS75100A',0,0,0,1,0,0,0,'Bgelmessschraube Analog','75-100mm','','','Bilder Sonstige Lieferanten\\Default\\default.jpg','',''),(882,'BMS025D',0,0,0,11,0,0,0,'Bgelmessschraube Digital','0-25mm','','','Bilder Sonstige Lieferanten\\Default\\default.jpg','',''),(883,'BMS2550D',0,0,0,1,0,0,0,'Bgelmessschraube Digital','25-50mm','','','Bilder Sonstige Lieferanten\\Default\\default.jpg','',''),(884,'BMS5075D',0,0,0,1,0,0,0,'Bgelmessschraube Digital','50-75mm','','','Bilder Sonstige Lieferanten\\Default\\default.jpg','',''),(885,'X13',0,0,0,1,0,0,0,'Gewinde-Ausschu-Lehrdorn','M42X1,5','','','Bilder Sonstige Lieferanten\\Default\\default.jpg','',''),(886,'X14',0,0,0,1,0,0,0,'Gewinde-Ausschu-Lehrdorn','M52X2','','','Bilder Sonstige Lieferanten\\Default\\default.jpg','',''),(887,'X18',0,0,0,1,0,0,0,'Gewinde-Aussschu-Lehrring','M22X2 4h','','','Bilder Sonstige Lieferanten\\Default\\default.jpg','',''),(888,'387206M12X075',0,0,0,1,1,0,0,'Gewinde-Grenzlehrdorn L.-Stahl','DIN-ISO13MF12,0x0,75 PRECITOOL','','','Bilder Sonstige Lieferanten\\Default\\default.jpg','',''),(889,'387206M16X1',0,0,0,1,1,0,0,'Gewinde-Grenzlehrdorn L.-Stahl','DIN-ISO13MF16,0x1,00 PRECITOOL','','','Bilder Sonstige Lieferanten\\Default\\default.jpg','',''),(890,'387206M20X1',0,0,0,1,1,0,0,'Gewinde-Grenzlehrdorn L.-Stahl','DIN-ISO13MF20,0x1,00 PRECITOOL','','','Bilder Sonstige Lieferanten\\Default\\default.jpg','',''),(891,'387206M24X1',0,0,0,1,1,0,0,'Gewinde-Grenzlehrdorn L.-Stahl','DIN-ISO13MF24,0x1,00 PRECITOOL','','','Bilder Sonstige Lieferanten\\Default\\default.jpg','',''),(892,'387206M25X15',1,-1,0,1,1,0,0,'Gewinde-Grenzlehrdorn L.-Stahl','DIN-ISO13MF25,0x1,50 PRECITOOL','','','Bilder Sonstige Lieferanten\\Default\\default.jpg','',''),(893,'387206M30X15',0,0,0,1,1,0,0,'Gewinde-Grenzlehrdorn L.-Stahl','DIN-ISO13MF30,0x1,50 PRECITOOL','','','Bilder Sonstige Lieferanten\\Default\\default.jpg','',''),(894,'387206M32X15',0,0,0,1,1,0,0,'Gewinde-Grenzlehrdorn L.-Stahl','DIN-ISO13MF32,0x1,50 PRECITOOL','','','Bilder Sonstige Lieferanten\\Default\\default.jpg','',''),(895,'387206M34X1',0,0,0,1,1,0,0,'Gewinde-Grenzlehrdorn L.-Stahl','DIN-ISO13MF34,0x1,00 PRECITOOL','','','Bilder Sonstige Lieferanten\\Default\\default.jpg','',''),(896,'X01',0,0,0,1,0,0,0,'Gewinde-Gut-Lehrdorn','M16X1,5','','','Bilder Sonstige Lieferanten\\Default\\default.jpg','',''),(897,'X02',0,0,0,1,0,0,0,'Gewinde-Gut-Lehrdorn','M18X1,5','','','Bilder Sonstige Lieferanten\\Default\\default.jpg','',''),(898,'X03',0,0,0,1,0,0,0,'Gewinde-Gut-Lehrdorn','M19X1,5 LINKS','','','Bilder Sonstige Lieferanten\\Default\\default.jpg','',''),(899,'X04',0,0,0,1,0,0,0,'Gewinde-Gut-Lehrdorn','M22X1,5','','','Bilder Sonstige Lieferanten\\Default\\default.jpg','',''),(900,'X05',0,0,0,1,0,0,0,'Gewinde-Gut-Lehrdorn','M28X1,5','','','Bilder Sonstige Lieferanten\\Default\\default.jpg','',''),(901,'X06',0,0,0,1,1,0,0,'Gewinde-Gut-Lehrdorn','M30X1,5 LINKS','','','Bilder Sonstige Lieferanten\\Default\\default.jpg','',''),(902,'X07',0,0,0,1,1,0,0,'Gewinde-Gut-Lehrdorn','M35X1,5','','','Bilder Sonstige Lieferanten\\Default\\default.jpg','',''),(903,'X08',0,0,0,1,0,0,0,'Gewinde-Gut-Lehrdorn','M48X1,5','','','Bilder Sonstige Lieferanten\\Default\\default.jpg','',''),(904,'X09',0,0,0,1,1,0,0,'Gewinde-Gut-Lehrdorn','M60X2','','','Bilder Sonstige Lieferanten\\Default\\default.jpg','',''),(905,'X10',0,0,0,1,1,0,0,'Gewinde-Gut-Lehrdorn','M56X2','','','Bilder Sonstige Lieferanten\\Default\\default.jpg','',''),(906,'X11',0,0,0,1,1,0,0,'Gewinde-Gut-Lehrdorn','M42X1,5','','','Bilder Sonstige Lieferanten\\Default\\default.jpg','',''),(907,'X12',0,0,0,1,1,0,0,'Gewinde-Gut-Lehrdorn','M52X2','','','Bilder Sonstige Lieferanten\\Default\\default.jpg','',''),(908,'387305M6X075',0,0,0,1,1,0,0,'Gewinde-Gutlehrring','','','','Bilder Sonstige Lieferanten\\Default\\default.jpg','',''),(909,'387305M8X1',0,0,0,1,1,0,0,'Gewinde-Gutlehrring','','','','Bilder Sonstige Lieferanten\\Default\\default.jpg','',''),(910,'X16',0,0,0,1,1,0,0,'Gewinde-Gut-Lehrring','M12X1 6g LINKS','','','Bilder Sonstige Lieferanten\\Default\\default.jpg','',''),(911,'X17',0,0,0,1,0,0,0,'Gewinde-Gut-Lehrring','M22X2 4h','','','Bilder Sonstige Lieferanten\\Default\\default.jpg','',''),(912,'387300M20X1',0,0,0,1,1,0,0,'Gewinde-Gutlehrring L.-Stahl','387300 M20X1','','','Bilder Sonstige Lieferanten\\Default\\default.jpg','',''),(913,'387306M10X075',0,0,0,1,1,0,0,'Gewinde-Gutlehrring L.-Stahl','DIN-ISO13MF10,0x0,75 PRECITOOL','','','Bilder Sonstige Lieferanten\\Default\\default.jpg','',''),(914,'387306M12X1',0,0,0,1,1,0,0,'Gewinde-Gutlehrring L.-Stahl','DIN-ISO13MF12,0x1,00 PRECITOOL','','','Bilder Sonstige Lieferanten\\Default\\default.jpg','',''),(915,'387306M14X15',0,0,0,1,1,0,0,'Gewinde-Gutlehrring L.-Stahl','DIN-ISO13MF14,0x1,50 PRECITOOL','','','Bilder Sonstige Lieferanten\\Default\\default.jpg','',''),(916,'387306M16X1',0,0,0,1,1,0,0,'Gewinde-Gutlehrring L.-Stahl','DIN-ISO13MF16,0x1,00 PRECITOOL','','','Bilder Sonstige Lieferanten\\Default\\default.jpg','',''),(917,'387306M18X15',0,0,0,1,1,0,0,'Gewinde-Gutlehrring L.-Stahl','DIN-ISO13MF18,0x1,50 PRECITOOL','','','Bilder Sonstige Lieferanten\\Default\\default.jpg','',''),(918,'387306M20X15',0,0,0,1,1,0,0,'Gewinde-Gutlehrring L.-Stahl','DIN-ISO13MF20,0x1,50 PRECITOOL','','','Bilder Sonstige Lieferanten\\Default\\default.jpg','',''),(919,'387306M22X15',0,0,0,1,1,0,0,'Gewinde-Gutlehrring L.-Stahl','DIN-ISO13MF22,0x1,50 PRECITOOL','','','Bilder Sonstige Lieferanten\\Default\\default.jpg','',''),(920,'387306M24X1',0,0,0,1,1,0,0,'Gewinde-Gutlehrring L.-Stahl','DIN-ISO13MF24,0x1,00 PRECITOOL','','','Bilder Sonstige Lieferanten\\Default\\default.jpg','',''),(921,'387306M24X15',0,0,0,1,1,0,0,'Gewinde-Gutlehrring L.-Stahl','DIN-ISO13MF24,0x1,50 PRECITOOL','','','Bilder Sonstige Lieferanten\\Default\\default.jpg','',''),(922,'X30',0,0,0,1,0,0,0,'Gewinde-Gutlehrring L.-Stahl','M34X1 ','','','Bilder Sonstige Lieferanten\\Default\\default.jpg','',''),(923,'X31',0,0,0,1,0,0,0,'Gewinde-Gutlehrring L.-Stahl','M36X1.5','','','Bilder Sonstige Lieferanten\\Default\\default.jpg','',''),(924,'X32',0,0,0,1,0,0,0,'Gewinde-Gutlehrring L.-Stahl','M28X1.5','','','Bilder Sonstige Lieferanten\\Default\\default.jpg','',''),(925,'X33',0,0,0,1,0,0,0,'Gewinde-Gutlehrring L.-Stahl','M30X1.5','','','Bilder Sonstige Lieferanten\\Default\\default.jpg','',''),(926,'X34',0,0,0,1,0,0,0,'Gewinde-Gutlehrring L.-Stahl','M35X1.5','','','Bilder Sonstige Lieferanten\\Default\\default.jpg','',''),(927,'X36',0,0,0,1,0,0,0,'Gewinde-Gutlehrring L.-Stahl','M30X2','','','Bilder Sonstige Lieferanten\\Default\\default.jpg','',''),(928,'X37',0,0,0,1,0,0,0,'Gewinde-Gutlehrring L.-Stahl','M30X1.5 LINKS','','','Bilder Sonstige Lieferanten\\Default\\default.jpg','',''),(929,'X38',0,0,0,1,0,0,0,'Gewinde-Gutlehrring L.-Stahl','M48X1.5','','','Bilder Sonstige Lieferanten\\Default\\default.jpg','',''),(930,'X39',0,0,0,1,0,0,0,'Gewinde-Gutlehrring L.-Stahl','M50X1.5','','','Bilder Sonstige Lieferanten\\Default\\default.jpg','',''),(931,'X40',0,0,0,1,0,0,0,'Gewinde-Gutlehrring L.-Stahl','M27','','','Bilder Sonstige Lieferanten\\Default\\default.jpg','',''),(932,'X41',0,0,0,1,0,0,0,'Gewinde-Gutlehrring L.-Stahl','M30X1.5 4H ','','','Bilder Sonstige Lieferanten\\Default\\default.jpg','',''),(933,'X45',0,0,0,1,0,0,0,'Gewinde-Gutlehrring L.-Stahl','M52X1.5','','','Bilder Sonstige Lieferanten\\Default\\default.jpg','',''),(934,'X46',0,0,0,1,0,0,0,'Gewinde-Gutlehrring L.-Stahl','M52X2','','','Bilder Sonstige Lieferanten\\Default\\default.jpg','',''),(935,'X47',0,0,0,1,0,0,0,'Gewinde-Gutlehrring L.-Stahl','M60X1.5','','','Bilder Sonstige Lieferanten\\Default\\default.jpg','',''),(936,'X50',0,0,0,1,0,0,0,'Gewinde-Gutlehrring L.-Stahl','M75X1.5','','','Bilder Sonstige Lieferanten\\Default\\default.jpg','',''),(937,'X51',0,0,0,1,0,0,0,'Gewinde-Gutlehrring L.-Stahl','M60X2','','','Bilder Sonstige Lieferanten\\Default\\default.jpg','',''),(938,'387306M10X1',0,0,0,1,1,0,0,'Gewinde-Gutlehrring L.-Stahl (Kopiert)','DIN-ISO13MF10,0x1','','','Bilder Sonstige Lieferanten\\Default\\default.jpg','',''),(939,'387600 G12',0,0,0,1,0,0,0,'Gewinde-Gut-Lehrring Rohrgewinde','G 12','','','Bilder Sonstige Lieferanten\\Default\\default.jpg','',''),(940,'387600 G34',0,0,0,1,0,0,0,'Gewinde-Gut-Lehrring Rohrgewinde','G 34','','','Bilder Sonstige Lieferanten\\Default\\default.jpg','',''),(941,'387600 G58',0,0,0,1,0,0,0,'Gewinde-Gut-Lehrring Rohrgewinde','G 38','','','Bilder Sonstige Lieferanten\\Default\\default.jpg','',''),(942,'X19',0,0,0,1,0,0,0,'Gewinde-Gut-Lehrring Rohrgewinde','\"R 14 \"\"\"\"\"\"\"\"\"\"\"\"\"\"\"\"\"\"\"\"\"\"\"\"\"\"\"\"\"\"\"\"\"\"\"\"\"\"\"\"\"\"\"\"\"\"\"\"\"\"\"\"\"\"\"\"\"\"\"\"\"\"\"\"\"\"\"\"\"\"\"\"\"\"\"\"\"\"\"\"\"\"\"\"\"\"\"\"\"\"\"\"\"\"\"\"\"\"\"\"\"\"\"\"\"\"\"\"\"\"\"\"\"\"\"\"\"\"\"\"\"\"\"\"\"\"\"\"\"\"\"\"\"\"\"\"\"\"\"\"\"\"\"\"\"\"\"\"\"\"\"\"\"\"\"\"\"\"\"\"\"\"\"\"\"\"\"\"\"\"\"\"\"\"\"\"\"\"\"\"\"\"\"\"\"\"\"\"\"\"\"\"\"\"\"\"\"\"\"\"\"\"\"\"\"\"\"\"\"\"\"\"\"\"\"\"\"\"\"\"\"\"\"\"\"\"\"\"\"\"\"\"\"\"\"\"\"\"\"\"\"\"\"\"\"\"\"\"\"\"\"\"\"\"\"\"\"\"\"\"\"\"\"\"\"\"\"\"\"\"\"\"\"\"\"\"\"\"\"\"\"\"\"\"\"\"\"\"\"\"\"\"\"\"\"\"\"\"\"\"\"\"\"\"\"\"\"\"\"\"\"\"\"\"\"\"\"\"\"\"\"\"\"\"\"\"\"\"\"\"\"\"\"\"\"\"\"\"\"\"\"\"\"\"\"\"\"\"\"\"\"\"\"\"\"\"\"\"\"\"\"\"\"\"\"\"\"\"\"\"\"\"\"\"\"\"\"\"\"\"\"\"\"\"\"\"\"\"\"\"\"\"\"\"\"\"\"\"\"\"\"\"\"\"\"\"\"\"\"\"\"\"\"\"\"\"\"\"\"\"\"\"\"\"\"\"\"\"\"\"\"\"\"\"\"\"\"\"\"\"\"\"\"\"\"\"\"\"\"\"\"\"\"\"\"\"\"\"\"\"\"\"\"\"\"\"\"\"\"\"\"\"\"\"\"\"\"\"\"\"\"\"\"\"\"\"\"\"\"\"\"\"\"\"\"\"\"\"\"\"\"\"\"\"\"\"\"\"\"\"\"\"\"\"\"\"\"\"\"\"\"\"\"\"\"\"\"\"\"\"\"\"\"\"\"\"\"\"\"\"\"\"\"\"\"\"\"\"\"\"\"\"\"\"\"\"\"\"\"\"\"\"\"\"\"\"\"\"\"\"\"\"\"\"\"\"\"\"\"\"\"\"\"\"\"\"\"\"\"\"\"\"\"\"\"\"\"\"\"\"\"\"\"\"\"\"\"\"\"\"\"\"\"\"\"\"\"\"\"\"\"\"\"\"\"\"\"\"\"\"\"\"\"\"\"\"\"\"\"\"\"\"\"\"\"\"\"\"\"\"\"\"\"\"\"\"\"\"\"\"\"\"\"\"\"\"\"\"\"\"\"\"\"\"\"\"\"\"\"\"\"\"\"\"\"\"\"\"\"\"\"\"\"\"\"\"\"\"\"\"\"\"\"\"\"\"\"\"\"\"\"\"\"\"\"\"\"\"\"\"\"\"\"\"\"\"\"\"\"\"\"\"\"\"\"\"\"\"\"\"\"\"\"\"\"\"\"\"\"\"\"\"\"\"\"\"\"\"\"\"\"\"\"\"\"\"\"\"\"\"\"\"\"\"\"\"\"\"\"\"\"\"\"\"\"\"\"\"\"\"\"\"\"\"\"\"\"\"\"\"\"\"\"\"\"\"\"\"\"\"\"\"\"\"\"\"\"\"\"\"\"\"\"\"\"\"\"\"\"\"\"\"\"\"\"\"\"\"\"\"\"\"\"\"\"\"\"\"\"\"\"\"\"\"\"\"\"\"\"\"\"\"\"\"\"\"\"\"\"\"\"\"\"\"\"\"\"\"\"\"\"\"\"\"\"\"\"\"\"\"\"\"\"\"\"\"\"\"\"\"\"\"\"\"\"\"\"\"\"\"\"\"\"\"\"\"\"\"\"\"\"\"\"\"\"\"\"\"\"\"\"\"\"\"\"\"\"\"\"\"\"\"\"\"\"\"\"\"\"\"\"\"\"\"\"\"\"\"\"\"\"\"\"\"\"\"\"\"\"\"\"\"\"\"\"\"\"\"\"\"\"\"\"\"\"\"\"\"\"\"\"\"\"\"\"\"\"\"\"\"\"\"\"\"\"\"\"\"\"\"\"\"\"\"\"\"\"\"\"\"\"\"\"','','','Bilder Sonstige Lieferanten\\Default\\default.jpg','',''),(943,'X20',0,0,0,1,0,0,0,'Gewinde-Gut-Lehrring Rohrgewinde','\"R 38 \"\"\"\"\"\"\"\"\"\"\"\"\"\"\"\"\"\"\"\"\"\"\"\"\"\"\"\"\"\"\"\"\"\"\"\"\"\"\"\"\"\"\"\"\"\"\"\"\"\"\"\"\"\"\"\"\"\"\"\"\"\"\"\"\"\"\"\"\"\"\"\"\"\"\"\"\"\"\"\"\"\"\"\"\"\"\"\"\"\"\"\"\"\"\"\"\"\"\"\"\"\"\"\"\"\"\"\"\"\"\"\"\"\"\"\"\"\"\"\"\"\"\"\"\"\"\"\"\"\"\"\"\"\"\"\"\"\"\"\"\"\"\"\"\"\"\"\"\"\"\"\"\"\"\"\"\"\"\"\"\"\"\"\"\"\"\"\"\"\"\"\"\"\"\"\"\"\"\"\"\"\"\"\"\"\"\"\"\"\"\"\"\"\"\"\"\"\"\"\"\"\"\"\"\"\"\"\"\"\"\"\"\"\"\"\"\"\"\"\"\"\"\"\"\"\"\"\"\"\"\"\"\"\"\"\"\"\"\"\"\"\"\"\"\"\"\"\"\"\"\"\"\"\"\"\"\"\"\"\"\"\"\"\"\"\"\"\"\"\"\"\"\"\"\"\"\"\"\"\"\"\"\"\"\"\"\"\"\"\"\"\"\"\"\"\"\"\"\"\"\"\"\"\"\"\"\"\"\"\"\"\"\"\"\"\"\"\"\"\"\"\"\"\"\"\"\"\"\"\"\"\"\"\"\"\"\"\"\"\"\"\"\"\"\"\"\"\"\"\"\"\"\"\"\"\"\"\"\"\"\"\"\"\"\"\"\"\"\"\"\"\"\"\"\"\"\"\"\"\"\"\"\"\"\"\"\"\"\"\"\"\"\"\"\"\"\"\"\"\"\"\"\"\"\"\"\"\"\"\"\"\"\"\"\"\"\"\"\"\"\"\"\"\"\"\"\"\"\"\"\"\"\"\"\"\"\"\"\"\"\"\"\"\"\"\"\"\"\"\"\"\"\"\"\"\"\"\"\"\"\"\"\"\"\"\"\"\"\"\"\"\"\"\"\"\"\"\"\"\"\"\"\"\"\"\"\"\"\"\"\"\"\"\"\"\"\"\"\"\"\"\"\"\"\"\"\"\"\"\"\"\"\"\"\"\"\"\"\"\"\"\"\"\"\"\"\"\"\"\"\"\"\"\"\"\"\"\"\"\"\"\"\"\"\"\"\"\"\"\"\"\"\"\"\"\"\"\"\"\"\"\"\"\"\"\"\"\"\"\"\"\"\"\"\"\"\"\"\"\"\"\"\"\"\"\"\"\"\"\"\"\"\"\"\"\"\"\"\"\"\"\"\"\"\"\"\"\"\"\"\"\"\"\"\"\"\"\"\"\"\"\"\"\"\"\"\"\"\"\"\"\"\"\"\"\"\"\"\"\"\"\"\"\"\"\"\"\"\"\"\"\"\"\"\"\"\"\"\"\"\"\"\"\"\"\"\"\"\"\"\"\"\"\"\"\"\"\"\"\"\"\"\"\"\"\"\"\"\"\"\"\"\"\"\"\"\"\"\"\"\"\"\"\"\"\"\"\"\"\"\"\"\"\"\"\"\"\"\"\"\"\"\"\"\"\"\"\"\"\"\"\"\"\"\"\"\"\"\"\"\"\"\"\"\"\"\"\"\"\"\"\"\"\"\"\"\"\"\"\"\"\"\"\"\"\"\"\"\"\"\"\"\"\"\"\"\"\"\"\"\"\"\"\"\"\"\"\"\"\"\"\"\"\"\"\"\"\"\"\"\"\"\"\"\"\"\"\"\"\"\"\"\"\"\"\"\"\"\"\"\"\"\"\"\"\"\"\"\"\"\"\"\"\"\"\"\"\"\"\"\"\"\"\"\"\"\"\"\"\"\"\"\"\"\"\"\"\"\"\"\"\"\"\"\"\"\"\"\"\"\"\"\"\"\"\"\"\"\"\"\"\"\"\"\"\"\"\"\"\"\"\"\"\"\"\"\"\"\"\"\"\"\"\"\"\"\"\"\"\"\"\"\"\"\"\"\"\"\"\"\"\"\"\"\"\"\"\"\"\"\"\"\"\"\"\"\"\"\"\"\"\"\"\"\"\"\"\"\"\"\"\"\"\"\"\"\"\"\"\"\"\"\"\"\"\"\"\"\"\"\"\"\"\"\"\"\"\"\"\"\"\"\"\"\"\"\"\"\"\"\"\"\"\"\"\"\"\"\"\"\"\"\"\"\"\"\"\"\"\"\"\"\"\"\"\"\"\"\"\"\"\"\"','','','Bilder Sonstige Lieferanten\\Default\\default.jpg','',''),(944,'X21',0,0,0,1,0,0,0,'Gewinde-Gut-Lehrring Rohrgewinde','\"R 1 \"\"\"\"\"\"\"\"\"\"\"\"\"\"\"\"\"\"\"\"\"\"\"\"\"\"\"\"\"\"\"\"\"\"\"\"\"\"\"\"\"\"\"\"\"\"\"\"\"\"\"\"\"\"\"\"\"\"\"\"\"\"\"\"\"\"\"\"\"\"\"\"\"\"\"\"\"\"\"\"\"\"\"\"\"\"\"\"\"\"\"\"\"\"\"\"\"\"\"\"\"\"\"\"\"\"\"\"\"\"\"\"\"\"\"\"\"\"\"\"\"\"\"\"\"\"\"\"\"\"\"\"\"\"\"\"\"\"\"\"\"\"\"\"\"\"\"\"\"\"\"\"\"\"\"\"\"\"\"\"\"\"\"\"\"\"\"\"\"\"\"\"\"\"\"\"\"\"\"\"\"\"\"\"\"\"\"\"\"\"\"\"\"\"\"\"\"\"\"\"\"\"\"\"\"\"\"\"\"\"\"\"\"\"\"\"\"\"\"\"\"\"\"\"\"\"\"\"\"\"\"\"\"\"\"\"\"\"\"\"\"\"\"\"\"\"\"\"\"\"\"\"\"\"\"\"\"\"\"\"\"\"\"\"\"\"\"\"\"\"\"\"\"\"\"\"\"\"\"\"\"\"\"\"\"\"\"\"\"\"\"\"\"\"\"\"\"\"\"\"\"\"\"\"\"\"\"\"\"\"\"\"\"\"\"\"\"\"\"\"\"\"\"\"\"\"\"\"\"\"\"\"\"\"\"\"\"\"\"\"\"\"\"\"\"\"\"\"\"\"\"\"\"\"\"\"\"\"\"\"\"\"\"\"\"\"\"\"\"\"\"\"\"\"\"\"\"\"\"\"\"\"\"\"\"\"\"\"\"\"\"\"\"\"\"\"\"\"\"\"\"\"\"\"\"\"\"\"\"\"\"\"\"\"\"\"\"\"\"\"\"\"\"\"\"\"\"\"\"\"\"\"\"\"\"\"\"\"\"\"\"\"\"\"\"\"\"\"\"\"\"\"\"\"\"\"\"\"\"\"\"\"\"\"\"\"\"\"\"\"\"\"\"\"\"\"\"\"\"\"\"\"\"\"\"\"\"\"\"\"\"\"\"\"\"\"\"\"\"\"\"\"\"\"\"\"\"\"\"\"\"\"\"\"\"\"\"\"\"\"\"\"\"\"\"\"\"\"\"\"\"\"\"\"\"\"\"\"\"\"\"\"\"\"\"\"\"\"\"\"\"\"\"\"\"\"\"\"\"\"\"\"\"\"\"\"\"\"\"\"\"\"\"\"\"\"\"\"\"\"\"\"\"\"\"\"\"\"\"\"\"\"\"\"\"\"\"\"\"\"\"\"\"\"\"\"\"\"\"\"\"\"\"\"\"\"\"\"\"\"\"\"\"\"\"\"\"\"\"\"\"\"\"\"\"\"\"\"\"\"\"\"\"\"\"\"\"\"\"\"\"\"\"\"\"\"\"\"\"\"\"\"\"\"\"\"\"\"\"\"\"\"\"\"\"\"\"\"\"\"\"\"\"\"\"\"\"\"\"\"\"\"\"\"\"\"\"\"\"\"\"\"\"\"\"\"\"\"\"\"\"\"\"\"\"\"\"\"\"\"\"\"\"\"\"\"\"\"\"\"\"\"\"\"\"\"\"\"\"\"\"\"\"\"\"\"\"\"\"\"\"\"\"\"\"\"\"\"\"\"\"\"\"\"\"\"\"\"\"\"\"\"\"\"\"\"\"\"\"\"\"\"\"\"\"\"\"\"\"\"\"\"\"\"\"\"\"\"\"\"\"\"\"\"\"\"\"\"\"\"\"\"\"\"\"\"\"\"\"\"\"\"\"\"\"\"\"\"\"\"\"\"\"\"\"\"\"\"\"\"\"\"\"\"\"\"\"\"\"\"\"\"\"\"\"\"\"\"\"\"\"\"\"\"\"\"\"\"\"\"\"\"\"\"\"\"\"\"\"\"\"\"\"\"\"\"\"\"\"\"\"\"\"\"\"\"\"\"\"\"\"\"\"\"\"\"\"\"\"\"\"\"\"\"\"\"\"\"\"\"\"\"\"\"\"\"\"\"\"\"\"\"\"\"\"\"\"\"\"\"\"\"\"\"\"\"\"\"\"\"\"\"\"\"\"\"\"\"\"\"\"\"\"\"\"\"\"\"\"\"\"\"\"\"\"\"\"\"\"\"\"\"\"\"\"\"\"\"\"\"\"\"\"\"\"\"\"\"\"\"\"\"\"\"\"\"\"\"\"\"\"\"\"\"\"\"\"\"\"\"\"\"\"','','','Bilder Sonstige Lieferanten\\Default\\default.jpg','',''),(945,'X22',0,0,0,1,0,0,0,'Gewinde-Gut-Lehrring Rohrgewinde','\"R 1 14 \"\"\"\"\"\"\"\"\"\"\"\"\"\"\"\"\"\"\"\"\"\"\"\"\"\"\"\"\"\"\"\"\"\"\"\"\"\"\"\"\"\"\"\"\"\"\"\"\"\"\"\"\"\"\"\"\"\"\"\"\"\"\"\"\"\"\"\"\"\"\"\"\"\"\"\"\"\"\"\"\"\"\"\"\"\"\"\"\"\"\"\"\"\"\"\"\"\"\"\"\"\"\"\"\"\"\"\"\"\"\"\"\"\"\"\"\"\"\"\"\"\"\"\"\"\"\"\"\"\"\"\"\"\"\"\"\"\"\"\"\"\"\"\"\"\"\"\"\"\"\"\"\"\"\"\"\"\"\"\"\"\"\"\"\"\"\"\"\"\"\"\"\"\"\"\"\"\"\"\"\"\"\"\"\"\"\"\"\"\"\"\"\"\"\"\"\"\"\"\"\"\"\"\"\"\"\"\"\"\"\"\"\"\"\"\"\"\"\"\"\"\"\"\"\"\"\"\"\"\"\"\"\"\"\"\"\"\"\"\"\"\"\"\"\"\"\"\"\"\"\"\"\"\"\"\"\"\"\"\"\"\"\"\"\"\"\"\"\"\"\"\"\"\"\"\"\"\"\"\"\"\"\"\"\"\"\"\"\"\"\"\"\"\"\"\"\"\"\"\"\"\"\"\"\"\"\"\"\"\"\"\"\"\"\"\"\"\"\"\"\"\"\"\"\"\"\"\"\"\"\"\"\"\"\"\"\"\"\"\"\"\"\"\"\"\"\"\"\"\"\"\"\"\"\"\"\"\"\"\"\"\"\"\"\"\"\"\"\"\"\"\"\"\"\"\"\"\"\"\"\"\"\"\"\"\"\"\"\"\"\"\"\"\"\"\"\"\"\"\"\"\"\"\"\"\"\"\"\"\"\"\"\"\"\"\"\"\"\"\"\"\"\"\"\"\"\"\"\"\"\"\"\"\"\"\"\"\"\"\"\"\"\"\"\"\"\"\"\"\"\"\"\"\"\"\"\"\"\"\"\"\"\"\"\"\"\"\"\"\"\"\"\"\"\"\"\"\"\"\"\"\"\"\"\"\"\"\"\"\"\"\"\"\"\"\"\"\"\"\"\"\"\"\"\"\"\"\"\"\"\"\"\"\"\"\"\"\"\"\"\"\"\"\"\"\"\"\"\"\"\"\"\"\"\"\"\"\"\"\"\"\"\"\"\"\"\"\"\"\"\"\"\"\"\"\"\"\"\"\"\"\"\"\"\"\"\"\"\"\"\"\"\"\"\"\"\"\"\"\"\"\"\"\"\"\"\"\"\"\"\"\"\"\"\"\"\"\"\"\"\"\"\"\"\"\"\"\"\"\"\"\"\"\"\"\"\"\"\"\"\"\"\"\"\"\"\"\"\"\"\"\"\"\"\"\"\"\"\"\"\"\"\"\"\"\"\"\"\"\"\"\"\"\"\"\"\"\"\"\"\"\"\"\"\"\"\"\"\"\"\"\"\"\"\"\"\"\"\"\"\"\"\"\"\"\"\"\"\"\"\"\"\"\"\"\"\"\"\"\"\"\"\"\"\"\"\"\"\"\"\"\"\"\"\"\"\"\"\"\"\"\"\"\"\"\"\"\"\"\"\"\"\"\"\"\"\"\"\"\"\"\"\"\"\"\"\"\"\"\"\"\"\"\"\"\"\"\"\"\"\"\"\"\"\"\"\"\"\"\"\"\"\"\"\"\"\"\"\"\"\"\"\"\"\"\"\"\"\"\"\"\"\"\"\"\"\"\"\"\"\"\"\"\"\"\"\"\"\"\"\"\"\"\"\"\"\"\"\"\"\"\"\"\"\"\"\"\"\"\"\"\"\"\"\"\"\"\"\"\"\"\"\"\"\"\"\"\"\"\"\"\"\"\"\"\"\"\"\"\"\"\"\"\"\"\"\"\"\"\"\"\"\"\"\"\"\"\"\"\"\"\"\"\"\"\"\"\"\"\"\"\"\"\"\"\"\"\"\"\"\"\"\"\"\"\"\"\"\"\"\"\"\"\"\"\"\"\"\"\"\"\"\"\"\"\"\"\"\"\"\"\"\"\"\"\"\"\"\"\"\"\"\"\"\"\"\"\"\"\"\"\"\"\"\"\"\"\"\"\"\"\"\"\"\"\"\"\"\"\"\"\"\"\"\"\"\"\"\"\"\"\"\"\"\"\"\"\"\"\"\"\"\"\"\"\"\"\"\"\"\"\"\"\"\"\"\"\"\"\"\"\"\"\"\"\"\"\"\"\"\"\"\"','','','Bilder Sonstige Lieferanten\\Default\\default.jpg','',''),(946,'X23',0,0,0,1,0,0,0,'Gewinde-Gut-Lehrring Rohrgewinde','\"R 1 12 \"\"\"\"\"\"\"\"\"\"\"\"\"\"\"\"\"\"\"\"\"\"\"\"\"\"\"\"\"\"\"\"\"\"\"\"\"\"\"\"\"\"\"\"\"\"\"\"\"\"\"\"\"\"\"\"\"\"\"\"\"\"\"\"\"\"\"\"\"\"\"\"\"\"\"\"\"\"\"\"\"\"\"\"\"\"\"\"\"\"\"\"\"\"\"\"\"\"\"\"\"\"\"\"\"\"\"\"\"\"\"\"\"\"\"\"\"\"\"\"\"\"\"\"\"\"\"\"\"\"\"\"\"\"\"\"\"\"\"\"\"\"\"\"\"\"\"\"\"\"\"\"\"\"\"\"\"\"\"\"\"\"\"\"\"\"\"\"\"\"\"\"\"\"\"\"\"\"\"\"\"\"\"\"\"\"\"\"\"\"\"\"\"\"\"\"\"\"\"\"\"\"\"\"\"\"\"\"\"\"\"\"\"\"\"\"\"\"\"\"\"\"\"\"\"\"\"\"\"\"\"\"\"\"\"\"\"\"\"\"\"\"\"\"\"\"\"\"\"\"\"\"\"\"\"\"\"\"\"\"\"\"\"\"\"\"\"\"\"\"\"\"\"\"\"\"\"\"\"\"\"\"\"\"\"\"\"\"\"\"\"\"\"\"\"\"\"\"\"\"\"\"\"\"\"\"\"\"\"\"\"\"\"\"\"\"\"\"\"\"\"\"\"\"\"\"\"\"\"\"\"\"\"\"\"\"\"\"\"\"\"\"\"\"\"\"\"\"\"\"\"\"\"\"\"\"\"\"\"\"\"\"\"\"\"\"\"\"\"\"\"\"\"\"\"\"\"\"\"\"\"\"\"\"\"\"\"\"\"\"\"\"\"\"\"\"\"\"\"\"\"\"\"\"\"\"\"\"\"\"\"\"\"\"\"\"\"\"\"\"\"\"\"\"\"\"\"\"\"\"\"\"\"\"\"\"\"\"\"\"\"\"\"\"\"\"\"\"\"\"\"\"\"\"\"\"\"\"\"\"\"\"\"\"\"\"\"\"\"\"\"\"\"\"\"\"\"\"\"\"\"\"\"\"\"\"\"\"\"\"\"\"\"\"\"\"\"\"\"\"\"\"\"\"\"\"\"\"\"\"\"\"\"\"\"\"\"\"\"\"\"\"\"\"\"\"\"\"\"\"\"\"\"\"\"\"\"\"\"\"\"\"\"\"\"\"\"\"\"\"\"\"\"\"\"\"\"\"\"\"\"\"\"\"\"\"\"\"\"\"\"\"\"\"\"\"\"\"\"\"\"\"\"\"\"\"\"\"\"\"\"\"\"\"\"\"\"\"\"\"\"\"\"\"\"\"\"\"\"\"\"\"\"\"\"\"\"\"\"\"\"\"\"\"\"\"\"\"\"\"\"\"\"\"\"\"\"\"\"\"\"\"\"\"\"\"\"\"\"\"\"\"\"\"\"\"\"\"\"\"\"\"\"\"\"\"\"\"\"\"\"\"\"\"\"\"\"\"\"\"\"\"\"\"\"\"\"\"\"\"\"\"\"\"\"\"\"\"\"\"\"\"\"\"\"\"\"\"\"\"\"\"\"\"\"\"\"\"\"\"\"\"\"\"\"\"\"\"\"\"\"\"\"\"\"\"\"\"\"\"\"\"\"\"\"\"\"\"\"\"\"\"\"\"\"\"\"\"\"\"\"\"\"\"\"\"\"\"\"\"\"\"\"\"\"\"\"\"\"\"\"\"\"\"\"\"\"\"\"\"\"\"\"\"\"\"\"\"\"\"\"\"\"\"\"\"\"\"\"\"\"\"\"\"\"\"\"\"\"\"\"\"\"\"\"\"\"\"\"\"\"\"\"\"\"\"\"\"\"\"\"\"\"\"\"\"\"\"\"\"\"\"\"\"\"\"\"\"\"\"\"\"\"\"\"\"\"\"\"\"\"\"\"\"\"\"\"\"\"\"\"\"\"\"\"\"\"\"\"\"\"\"\"\"\"\"\"\"\"\"\"\"\"\"\"\"\"\"\"\"\"\"\"\"\"\"\"\"\"\"\"\"\"\"\"\"\"\"\"\"\"\"\"\"\"\"\"\"\"\"\"\"\"\"\"\"\"\"\"\"\"\"\"\"\"\"\"\"\"\"\"\"\"\"\"\"\"\"\"\"\"\"\"\"\"\"\"\"\"\"\"\"\"\"\"\"\"\"\"\"\"\"\"\"\"\"\"\"\"\"\"\"\"\"\"\"\"\"\"\"\"\"\"\"\"\"\"\"\"\"\"\"\"','','','Bilder Sonstige Lieferanten\\Default\\default.jpg','',''),(947,'X24',0,0,0,1,0,0,0,'Gewinde-Gut-Lehrring Rohrgewinde','\"R 1 34 \"\"\"\"\"\"\"\"\"\"\"\"\"\"\"\"\"\"\"\"\"\"\"\"\"\"\"\"\"\"\"\"\"\"\"\"\"\"\"\"\"\"\"\"\"\"\"\"\"\"\"\"\"\"\"\"\"\"\"\"\"\"\"\"\"\"\"\"\"\"\"\"\"\"\"\"\"\"\"\"\"\"\"\"\"\"\"\"\"\"\"\"\"\"\"\"\"\"\"\"\"\"\"\"\"\"\"\"\"\"\"\"\"\"\"\"\"\"\"\"\"\"\"\"\"\"\"\"\"\"\"\"\"\"\"\"\"\"\"\"\"\"\"\"\"\"\"\"\"\"\"\"\"\"\"\"\"\"\"\"\"\"\"\"\"\"\"\"\"\"\"\"\"\"\"\"\"\"\"\"\"\"\"\"\"\"\"\"\"\"\"\"\"\"\"\"\"\"\"\"\"\"\"\"\"\"\"\"\"\"\"\"\"\"\"\"\"\"\"\"\"\"\"\"\"\"\"\"\"\"\"\"\"\"\"\"\"\"\"\"\"\"\"\"\"\"\"\"\"\"\"\"\"\"\"\"\"\"\"\"\"\"\"\"\"\"\"\"\"\"\"\"\"\"\"\"\"\"\"\"\"\"\"\"\"\"\"\"\"\"\"\"\"\"\"\"\"\"\"\"\"\"\"\"\"\"\"\"\"\"\"\"\"\"\"\"\"\"\"\"\"\"\"\"\"\"\"\"\"\"\"\"\"\"\"\"\"\"\"\"\"\"\"\"\"\"\"\"\"\"\"\"\"\"\"\"\"\"\"\"\"\"\"\"\"\"\"\"\"\"\"\"\"\"\"\"\"\"\"\"\"\"\"\"\"\"\"\"\"\"\"\"\"\"\"\"\"\"\"\"\"\"\"\"\"\"\"\"\"\"\"\"\"\"\"\"\"\"\"\"\"\"\"\"\"\"\"\"\"\"\"\"\"\"\"\"\"\"\"\"\"\"\"\"\"\"\"\"\"\"\"\"\"\"\"\"\"\"\"\"\"\"\"\"\"\"\"\"\"\"\"\"\"\"\"\"\"\"\"\"\"\"\"\"\"\"\"\"\"\"\"\"\"\"\"\"\"\"\"\"\"\"\"\"\"\"\"\"\"\"\"\"\"\"\"\"\"\"\"\"\"\"\"\"\"\"\"\"\"\"\"\"\"\"\"\"\"\"\"\"\"\"\"\"\"\"\"\"\"\"\"\"\"\"\"\"\"\"\"\"\"\"\"\"\"\"\"\"\"\"\"\"\"\"\"\"\"\"\"\"\"\"\"\"\"\"\"\"\"\"\"\"\"\"\"\"\"\"\"\"\"\"\"\"\"\"\"\"\"\"\"\"\"\"\"\"\"\"\"\"\"\"\"\"\"\"\"\"\"\"\"\"\"\"\"\"\"\"\"\"\"\"\"\"\"\"\"\"\"\"\"\"\"\"\"\"\"\"\"\"\"\"\"\"\"\"\"\"\"\"\"\"\"\"\"\"\"\"\"\"\"\"\"\"\"\"\"\"\"\"\"\"\"\"\"\"\"\"\"\"\"\"\"\"\"\"\"\"\"\"\"\"\"\"\"\"\"\"\"\"\"\"\"\"\"\"\"\"\"\"\"\"\"\"\"\"\"\"\"\"\"\"\"\"\"\"\"\"\"\"\"\"\"\"\"\"\"\"\"\"\"\"\"\"\"\"\"\"\"\"\"\"\"\"\"\"\"\"\"\"\"\"\"\"\"\"\"\"\"\"\"\"\"\"\"\"\"\"\"\"\"\"\"\"\"\"\"\"\"\"\"\"\"\"\"\"\"\"\"\"\"\"\"\"\"\"\"\"\"\"\"\"\"\"\"\"\"\"\"\"\"\"\"\"\"\"\"\"\"\"\"\"\"\"\"\"\"\"\"\"\"\"\"\"\"\"\"\"\"\"\"\"\"\"\"\"\"\"\"\"\"\"\"\"\"\"\"\"\"\"\"\"\"\"\"\"\"\"\"\"\"\"\"\"\"\"\"\"\"\"\"\"\"\"\"\"\"\"\"\"\"\"\"\"\"\"\"\"\"\"\"\"\"\"\"\"\"\"\"\"\"\"\"\"\"\"\"\"\"\"\"\"\"\"\"\"\"\"\"\"\"\"\"\"\"\"\"\"\"\"\"\"\"\"\"\"\"\"\"\"\"\"\"\"\"\"\"\"\"\"\"\"\"\"\"\"\"\"\"\"\"\"\"\"\"\"\"\"\"\"\"\"\"\"\"\"\"\"\"\"\"\"\"','','','Bilder Sonstige Lieferanten\\Default\\default.jpg','',''),(948,'X25',0,0,0,1,0,0,0,'Gewinde-Gut-Lehrring Rohrgewinde','\"R 2 \"\"\"\"\"\"\"\"\"\"\"\"\"\"\"\"\"\"\"\"\"\"\"\"\"\"\"\"\"\"\"\"\"\"\"\"\"\"\"\"\"\"\"\"\"\"\"\"\"\"\"\"\"\"\"\"\"\"\"\"\"\"\"\"\"\"\"\"\"\"\"\"\"\"\"\"\"\"\"\"\"\"\"\"\"\"\"\"\"\"\"\"\"\"\"\"\"\"\"\"\"\"\"\"\"\"\"\"\"\"\"\"\"\"\"\"\"\"\"\"\"\"\"\"\"\"\"\"\"\"\"\"\"\"\"\"\"\"\"\"\"\"\"\"\"\"\"\"\"\"\"\"\"\"\"\"\"\"\"\"\"\"\"\"\"\"\"\"\"\"\"\"\"\"\"\"\"\"\"\"\"\"\"\"\"\"\"\"\"\"\"\"\"\"\"\"\"\"\"\"\"\"\"\"\"\"\"\"\"\"\"\"\"\"\"\"\"\"\"\"\"\"\"\"\"\"\"\"\"\"\"\"\"\"\"\"\"\"\"\"\"\"\"\"\"\"\"\"\"\"\"\"\"\"\"\"\"\"\"\"\"\"\"\"\"\"\"\"\"\"\"\"\"\"\"\"\"\"\"\"\"\"\"\"\"\"\"\"\"\"\"\"\"\"\"\"\"\"\"\"\"\"\"\"\"\"\"\"\"\"\"\"\"\"\"\"\"\"\"\"\"\"\"\"\"\"\"\"\"\"\"\"\"\"\"\"\"\"\"\"\"\"\"\"\"\"\"\"\"\"\"\"\"\"\"\"\"\"\"\"\"\"\"\"\"\"\"\"\"\"\"\"\"\"\"\"\"\"\"\"\"\"\"\"\"\"\"\"\"\"\"\"\"\"\"\"\"\"\"\"\"\"\"\"\"\"\"\"\"\"\"\"\"\"\"\"\"\"\"\"\"\"\"\"\"\"\"\"\"\"\"\"\"\"\"\"\"\"\"\"\"\"\"\"\"\"\"\"\"\"\"\"\"\"\"\"\"\"\"\"\"\"\"\"\"\"\"\"\"\"\"\"\"\"\"\"\"\"\"\"\"\"\"\"\"\"\"\"\"\"\"\"\"\"\"\"\"\"\"\"\"\"\"\"\"\"\"\"\"\"\"\"\"\"\"\"\"\"\"\"\"\"\"\"\"\"\"\"\"\"\"\"\"\"\"\"\"\"\"\"\"\"\"\"\"\"\"\"\"\"\"\"\"\"\"\"\"\"\"\"\"\"\"\"\"\"\"\"\"\"\"\"\"\"\"\"\"\"\"\"\"\"\"\"\"\"\"\"\"\"\"\"\"\"\"\"\"\"\"\"\"\"\"\"\"\"\"\"\"\"\"\"\"\"\"\"\"\"\"\"\"\"\"\"\"\"\"\"\"\"\"\"\"\"\"\"\"\"\"\"\"\"\"\"\"\"\"\"\"\"\"\"\"\"\"\"\"\"\"\"\"\"\"\"\"\"\"\"\"\"\"\"\"\"\"\"\"\"\"\"\"\"\"\"\"\"\"\"\"\"\"\"\"\"\"\"\"\"\"\"\"\"\"\"\"\"\"\"\"\"\"\"\"\"\"\"\"\"\"\"\"\"\"\"\"\"\"\"\"\"\"\"\"\"\"\"\"\"\"\"\"\"\"\"\"\"\"\"\"\"\"\"\"\"\"\"\"\"\"\"\"\"\"\"\"\"\"\"\"\"\"\"\"\"\"\"\"\"\"\"\"\"\"\"\"\"\"\"\"\"\"\"\"\"\"\"\"\"\"\"\"\"\"\"\"\"\"\"\"\"\"\"\"\"\"\"\"\"\"\"\"\"\"\"\"\"\"\"\"\"\"\"\"\"\"\"\"\"\"\"\"\"\"\"\"\"\"\"\"\"\"\"\"\"\"\"\"\"\"\"\"\"\"\"\"\"\"\"\"\"\"\"\"\"\"\"\"\"\"\"\"\"\"\"\"\"\"\"\"\"\"\"\"\"\"\"\"\"\"\"\"\"\"\"\"\"\"\"\"\"\"\"\"\"\"\"\"\"\"\"\"\"\"\"\"\"\"\"\"\"\"\"\"\"\"\"\"\"\"\"\"\"\"\"\"\"\"\"\"\"\"\"\"\"\"\"\"\"\"\"\"\"\"\"\"\"\"\"\"\"\"\"\"\"\"\"\"\"\"\"\"\"\"\"\"\"\"\"\"\"\"\"\"\"\"\"\"\"\"\"\"\"\"\"\"\"\"\"\"\"\"\"\"\"\"\"\"\"\"\"\"\"\"','','','Bilder Sonstige Lieferanten\\Default\\default.jpg','',''),(949,'A15',0,0,0,1,0,0,0,'Gewindelehdorn','M24x2','','','Bilder Sonstige Lieferanten\\Default\\default.jpg','',''),(950,'A14',0,0,0,1,0,0,0,'Gewindelehring - SELBSTGEDREHT','M30 x 3.5','','','Bilder Sonstige Lieferanten\\Default\\default.jpg','',''),(951,'X26',0,0,0,1,0,0,0,'Gewindelehring NPT','\"NPT 14 \"\"\"\"\"\"\"\"\"\"\"\"\"\"\"\"\"\"\"\"\"\"\"\"\"\"\"\"\"\"\"\"\"\"\"\"\"\"\"\"\"\"\"\"\"\"\"\"\"\"\"\"\"\"\"\"\"\"\"\"\"\"\"\"\"\"\"\"\"\"\"\"\"\"\"\"\"\"\"\"\"\"\"\"\"\"\"\"\"\"\"\"\"\"\"\"\"\"\"\"\"\"\"\"\"\"\"\"\"\"\"\"\"\"\"\"\"\"\"\"\"\"\"\"\"\"\"\"\"\"\"\"\"\"\"\"\"\"\"\"\"\"\"\"\"\"\"\"\"\"\"\"\"\"\"\"\"\"\"\"\"\"\"\"\"\"\"\"\"\"\"\"\"\"\"\"\"\"\"\"\"\"\"\"\"\"\"\"\"\"\"\"\"\"\"\"\"\"\"\"\"\"\"\"\"\"\"\"\"\"\"\"\"\"\"\"\"\"\"\"\"\"\"\"\"\"\"\"\"\"\"\"\"\"\"\"\"\"\"\"\"\"\"\"\"\"\"\"\"\"\"\"\"\"\"\"\"\"\"\"\"\"\"\"\"\"\"\"\"\"\"\"\"\"\"\"\"\"\"\"\"\"\"\"\"\"\"\"\"\"\"\"\"\"\"\"\"\"\"\"\"\"\"\"\"\"\"\"\"\"\"\"\"\"\"\"\"\"\"\"\"\"\"\"\"\"\"\"\"\"\"\"\"\"\"\"\"\"\"\"\"\"\"\"\"\"\"\"\"\"\"\"\"\"\"\"\"\"\"\"\"\"\"\"\"\"\"\"\"\"\"\"\"\"\"\"\"\"\"\"\"\"\"\"\"\"\"\"\"\"\"\"\"\"\"\"\"\"\"\"\"\"\"\"\"\"\"\"\"\"\"\"\"\"\"\"\"\"\"\"\"\"\"\"\"\"\"\"\"\"\"\"\"\"\"\"\"\"\"\"\"\"\"\"\"\"\"\"\"\"\"\"\"\"\"\"\"\"\"\"\"\"\"\"\"\"\"\"\"\"\"\"\"\"\"\"\"\"\"\"\"\"\"\"\"\"\"\"\"\"\"\"\"\"\"\"\"\"\"\"\"\"\"\"\"\"\"\"\"\"\"\"\"\"\"\"\"\"\"\"\"\"\"\"\"\"\"\"\"\"\"\"\"\"\"\"\"\"\"\"\"\"\"\"\"\"\"\"\"\"\"\"\"\"\"\"\"\"\"\"\"\"\"\"\"\"\"\"\"\"\"\"\"\"\"\"\"\"\"\"\"\"\"\"\"\"\"\"\"\"\"\"\"\"\"\"\"\"\"\"\"\"\"\"\"\"\"\"\"\"\"\"\"\"\"\"\"\"\"\"\"\"\"\"\"\"\"\"\"\"\"\"\"\"\"\"\"\"\"\"\"\"\"\"\"\"\"\"\"\"\"\"\"\"\"\"\"\"\"\"\"\"\"\"\"\"\"\"\"\"\"\"\"\"\"\"\"\"\"\"\"\"\"\"\"\"\"\"\"\"\"\"\"\"\"\"\"\"\"\"\"\"\"\"\"\"\"\"\"\"\"\"\"\"\"\"\"\"\"\"\"\"\"\"\"\"\"\"\"\"\"\"\"\"\"\"\"\"\"\"\"\"\"\"\"\"\"\"\"\"\"\"\"\"\"\"\"\"\"\"\"\"\"\"\"\"\"\"\"\"\"\"\"\"\"\"\"\"\"\"\"\"\"\"\"\"\"\"\"\"\"\"\"\"\"\"\"\"\"\"\"\"\"\"\"\"\"\"\"\"\"\"\"\"\"\"\"\"\"\"\"\"\"\"\"\"\"\"\"\"\"\"\"\"\"\"\"\"\"\"\"\"\"\"\"\"\"\"\"\"\"\"\"\"\"\"\"\"\"\"\"\"\"\"\"\"\"\"\"\"\"\"\"\"\"\"\"\"\"\"\"\"\"\"\"\"\"\"\"\"\"\"\"\"\"\"\"\"\"\"\"\"\"\"\"\"\"\"\"\"\"\"\"\"\"\"\"\"\"\"\"\"\"\"\"\"\"\"\"\"\"\"\"\"\"\"\"\"\"\"\"\"\"\"\"\"\"\"\"\"\"\"\"\"\"\"\"\"\"\"\"\"\"\"\"\"\"\"\"\"\"\"\"\"\"\"\"\"\"\"\"\"\"\"\"\"\"\"\"\"\"\"\"\"\"\"\"\"\"\"\"\"\"\"\"\"\"\"\"\"\"\"\"\"\"\"\"\"\"\"\"\"\"','','','Bilder Sonstige Lieferanten\\Default\\default.jpg','',''),(952,'X27',0,0,0,1,0,0,0,'Gewindelehring NPT','\"NPT 12 \"\"\"\"\"\"\"\"\"\"\"\"\"\"\"\"\"\"\"\"\"\"\"\"\"\"\"\"\"\"\"\"\"\"\"\"\"\"\"\"\"\"\"\"\"\"\"\"\"\"\"\"\"\"\"\"\"\"\"\"\"\"\"\"\"\"\"\"\"\"\"\"\"\"\"\"\"\"\"\"\"\"\"\"\"\"\"\"\"\"\"\"\"\"\"\"\"\"\"\"\"\"\"\"\"\"\"\"\"\"\"\"\"\"\"\"\"\"\"\"\"\"\"\"\"\"\"\"\"\"\"\"\"\"\"\"\"\"\"\"\"\"\"\"\"\"\"\"\"\"\"\"\"\"\"\"\"\"\"\"\"\"\"\"\"\"\"\"\"\"\"\"\"\"\"\"\"\"\"\"\"\"\"\"\"\"\"\"\"\"\"\"\"\"\"\"\"\"\"\"\"\"\"\"\"\"\"\"\"\"\"\"\"\"\"\"\"\"\"\"\"\"\"\"\"\"\"\"\"\"\"\"\"\"\"\"\"\"\"\"\"\"\"\"\"\"\"\"\"\"\"\"\"\"\"\"\"\"\"\"\"\"\"\"\"\"\"\"\"\"\"\"\"\"\"\"\"\"\"\"\"\"\"\"\"\"\"\"\"\"\"\"\"\"\"\"\"\"\"\"\"\"\"\"\"\"\"\"\"\"\"\"\"\"\"\"\"\"\"\"\"\"\"\"\"\"\"\"\"\"\"\"\"\"\"\"\"\"\"\"\"\"\"\"\"\"\"\"\"\"\"\"\"\"\"\"\"\"\"\"\"\"\"\"\"\"\"\"\"\"\"\"\"\"\"\"\"\"\"\"\"\"\"\"\"\"\"\"\"\"\"\"\"\"\"\"\"\"\"\"\"\"\"\"\"\"\"\"\"\"\"\"\"\"\"\"\"\"\"\"\"\"\"\"\"\"\"\"\"\"\"\"\"\"\"\"\"\"\"\"\"\"\"\"\"\"\"\"\"\"\"\"\"\"\"\"\"\"\"\"\"\"\"\"\"\"\"\"\"\"\"\"\"\"\"\"\"\"\"\"\"\"\"\"\"\"\"\"\"\"\"\"\"\"\"\"\"\"\"\"\"\"\"\"\"\"\"\"\"\"\"\"\"\"\"\"\"\"\"\"\"\"\"\"\"\"\"\"\"\"\"\"\"\"\"\"\"\"\"\"\"\"\"\"\"\"\"\"\"\"\"\"\"\"\"\"\"\"\"\"\"\"\"\"\"\"\"\"\"\"\"\"\"\"\"\"\"\"\"\"\"\"\"\"\"\"\"\"\"\"\"\"\"\"\"\"\"\"\"\"\"\"\"\"\"\"\"\"\"\"\"\"\"\"\"\"\"\"\"\"\"\"\"\"\"\"\"\"\"\"\"\"\"\"\"\"\"\"\"\"\"\"\"\"\"\"\"\"\"\"\"\"\"\"\"\"\"\"\"\"\"\"\"\"\"\"\"\"\"\"\"\"\"\"\"\"\"\"\"\"\"\"\"\"\"\"\"\"\"\"\"\"\"\"\"\"\"\"\"\"\"\"\"\"\"\"\"\"\"\"\"\"\"\"\"\"\"\"\"\"\"\"\"\"\"\"\"\"\"\"\"\"\"\"\"\"\"\"\"\"\"\"\"\"\"\"\"\"\"\"\"\"\"\"\"\"\"\"\"\"\"\"\"\"\"\"\"\"\"\"\"\"\"\"\"\"\"\"\"\"\"\"\"\"\"\"\"\"\"\"\"\"\"\"\"\"\"\"\"\"\"\"\"\"\"\"\"\"\"\"\"\"\"\"\"\"\"\"\"\"\"\"\"\"\"\"\"\"\"\"\"\"\"\"\"\"\"\"\"\"\"\"\"\"\"\"\"\"\"\"\"\"\"\"\"\"\"\"\"\"\"\"\"\"\"\"\"\"\"\"\"\"\"\"\"\"\"\"\"\"\"\"\"\"\"\"\"\"\"\"\"\"\"\"\"\"\"\"\"\"\"\"\"\"\"\"\"\"\"\"\"\"\"\"\"\"\"\"\"\"\"\"\"\"\"\"\"\"\"\"\"\"\"\"\"\"\"\"\"\"\"\"\"\"\"\"\"\"\"\"\"\"\"\"\"\"\"\"\"\"\"\"\"\"\"\"\"\"\"\"\"\"\"\"\"\"\"\"\"\"\"\"\"\"\"\"\"\"\"\"\"\"\"\"\"\"\"\"\"\"\"\"\"\"\"\"\"\"\"\"\"\"\"\"\"\"\"\"\"\"\"\"\"','','','Bilder Sonstige Lieferanten\\Default\\default.jpg','',''),(953,'X28',0,0,0,1,0,0,0,'Gewindelehring NPT','\"NPT 34 \"\"\"\"\"\"\"\"\"\"\"\"\"\"\"\"\"\"\"\"\"\"\"\"\"\"\"\"\"\"\"\"\"\"\"\"\"\"\"\"\"\"\"\"\"\"\"\"\"\"\"\"\"\"\"\"\"\"\"\"\"\"\"\"\"\"\"\"\"\"\"\"\"\"\"\"\"\"\"\"\"\"\"\"\"\"\"\"\"\"\"\"\"\"\"\"\"\"\"\"\"\"\"\"\"\"\"\"\"\"\"\"\"\"\"\"\"\"\"\"\"\"\"\"\"\"\"\"\"\"\"\"\"\"\"\"\"\"\"\"\"\"\"\"\"\"\"\"\"\"\"\"\"\"\"\"\"\"\"\"\"\"\"\"\"\"\"\"\"\"\"\"\"\"\"\"\"\"\"\"\"\"\"\"\"\"\"\"\"\"\"\"\"\"\"\"\"\"\"\"\"\"\"\"\"\"\"\"\"\"\"\"\"\"\"\"\"\"\"\"\"\"\"\"\"\"\"\"\"\"\"\"\"\"\"\"\"\"\"\"\"\"\"\"\"\"\"\"\"\"\"\"\"\"\"\"\"\"\"\"\"\"\"\"\"\"\"\"\"\"\"\"\"\"\"\"\"\"\"\"\"\"\"\"\"\"\"\"\"\"\"\"\"\"\"\"\"\"\"\"\"\"\"\"\"\"\"\"\"\"\"\"\"\"\"\"\"\"\"\"\"\"\"\"\"\"\"\"\"\"\"\"\"\"\"\"\"\"\"\"\"\"\"\"\"\"\"\"\"\"\"\"\"\"\"\"\"\"\"\"\"\"\"\"\"\"\"\"\"\"\"\"\"\"\"\"\"\"\"\"\"\"\"\"\"\"\"\"\"\"\"\"\"\"\"\"\"\"\"\"\"\"\"\"\"\"\"\"\"\"\"\"\"\"\"\"\"\"\"\"\"\"\"\"\"\"\"\"\"\"\"\"\"\"\"\"\"\"\"\"\"\"\"\"\"\"\"\"\"\"\"\"\"\"\"\"\"\"\"\"\"\"\"\"\"\"\"\"\"\"\"\"\"\"\"\"\"\"\"\"\"\"\"\"\"\"\"\"\"\"\"\"\"\"\"\"\"\"\"\"\"\"\"\"\"\"\"\"\"\"\"\"\"\"\"\"\"\"\"\"\"\"\"\"\"\"\"\"\"\"\"\"\"\"\"\"\"\"\"\"\"\"\"\"\"\"\"\"\"\"\"\"\"\"\"\"\"\"\"\"\"\"\"\"\"\"\"\"\"\"\"\"\"\"\"\"\"\"\"\"\"\"\"\"\"\"\"\"\"\"\"\"\"\"\"\"\"\"\"\"\"\"\"\"\"\"\"\"\"\"\"\"\"\"\"\"\"\"\"\"\"\"\"\"\"\"\"\"\"\"\"\"\"\"\"\"\"\"\"\"\"\"\"\"\"\"\"\"\"\"\"\"\"\"\"\"\"\"\"\"\"\"\"\"\"\"\"\"\"\"\"\"\"\"\"\"\"\"\"\"\"\"\"\"\"\"\"\"\"\"\"\"\"\"\"\"\"\"\"\"\"\"\"\"\"\"\"\"\"\"\"\"\"\"\"\"\"\"\"\"\"\"\"\"\"\"\"\"\"\"\"\"\"\"\"\"\"\"\"\"\"\"\"\"\"\"\"\"\"\"\"\"\"\"\"\"\"\"\"\"\"\"\"\"\"\"\"\"\"\"\"\"\"\"\"\"\"\"\"\"\"\"\"\"\"\"\"\"\"\"\"\"\"\"\"\"\"\"\"\"\"\"\"\"\"\"\"\"\"\"\"\"\"\"\"\"\"\"\"\"\"\"\"\"\"\"\"\"\"\"\"\"\"\"\"\"\"\"\"\"\"\"\"\"\"\"\"\"\"\"\"\"\"\"\"\"\"\"\"\"\"\"\"\"\"\"\"\"\"\"\"\"\"\"\"\"\"\"\"\"\"\"\"\"\"\"\"\"\"\"\"\"\"\"\"\"\"\"\"\"\"\"\"\"\"\"\"\"\"\"\"\"\"\"\"\"\"\"\"\"\"\"\"\"\"\"\"\"\"\"\"\"\"\"\"\"\"\"\"\"\"\"\"\"\"\"\"\"\"\"\"\"\"\"\"\"\"\"\"\"\"\"\"\"\"\"\"\"\"\"\"\"\"\"\"\"\"\"\"\"\"\"\"\"\"\"\"\"\"\"\"\"\"\"\"\"\"\"\"\"\"\"\"\"\"\"\"\"\"\"\"\"\"\"\"\"\"\"\"\"\"\"\"','','','Bilder Sonstige Lieferanten\\Default\\default.jpg','',''),(954,'X52',0,0,0,1,0,0,0,'Gewinde-Lehrring','M22X2 6h','','','Bilder Sonstige Lieferanten\\Default\\default.jpg','',''),(955,'A1',0,0,0,1,1,0,0,'Grenzlehrdorn ','5 N7','','','Bilder Sonstige Lieferanten\\Default\\default.jpg','',''),(956,'A10',0,0,0,1,1,0,0,'Grenzlehrdorn ','5,5 H7','','','Bilder Sonstige Lieferanten\\Default\\default.jpg','',''),(957,'A11',0,0,0,1,1,0,0,'Grenzlehrdorn ','13,5 H7','','','Bilder Sonstige Lieferanten\\Default\\default.jpg','',''),(958,'A12',0,0,0,1,0,0,0,'Grenzlehrdorn ','25 M7','','','Bilder Sonstige Lieferanten\\Default\\default.jpg','',''),(959,'A13',0,0,0,1,0,0,0,'Grenzlehrdorn ','25 H9','','','Bilder Sonstige Lieferanten\\Default\\default.jpg','',''),(960,'A2',0,0,0,1,0,0,0,'Grenzlehrdorn ','6 E7','','','Bilder Sonstige Lieferanten\\Default\\default.jpg','',''),(961,'A3',0,0,0,1,0,0,0,'Grenzlehrdorn ','6,32 H7','','','Bilder Sonstige Lieferanten\\Default\\default.jpg','',''),(962,'A4',0,0,0,1,1,0,0,'Grenzlehrdorn ','12 H8','','','Bilder Sonstige Lieferanten\\Default\\default.jpg','',''),(963,'A6',0,0,0,1,0,0,0,'Grenzlehrdorn ','21 M7','','','Bilder Sonstige Lieferanten\\Default\\default.jpg','',''),(964,'A7',0,0,0,1,0,0,0,'Grenzlehrdorn ','24 F7','','','Bilder Sonstige Lieferanten\\Default\\default.jpg','',''),(965,'A8',0,0,0,1,0,0,0,'Grenzlehrdorn ','30 G7','','','Bilder Sonstige Lieferanten\\Default\\default.jpg','',''),(966,'3840003',0,0,0,1,1,0,0,'Grenzlehrdorn Lehrenstahl H7','DIN 2245   3,00 mm   PRECITOOL','','','Bilder Sonstige Lieferanten\\Default\\default.jpg','',''),(967,'3840004',0,0,0,1,1,0,0,'Grenzlehrdorn Lehrenstahl H7','DIN 2245   4,00 mm   PRECITOOL','','','Bilder Sonstige Lieferanten\\Default\\default.jpg','',''),(968,'3840005',0,0,0,1,1,0,0,'Grenzlehrdorn Lehrenstahl H7','DIN 2245   5,00 mm   PRECITOOL','','','Bilder Sonstige Lieferanten\\Default\\default.jpg','',''),(969,'3840006',0,0,0,1,1,0,0,'Grenzlehrdorn Lehrenstahl H7','DIN 2245   6,00 mm   PRECITOOL','','','Bilder Sonstige Lieferanten\\Default\\default.jpg','',''),(970,'3840007',0,0,0,1,1,0,0,'Grenzlehrdorn Lehrenstahl H7','DIN 2245   7,00 mm   PRECITOOL','','','Bilder Sonstige Lieferanten\\Default\\default.jpg','',''),(971,'3840008',0,0,0,1,0,0,0,'Grenzlehrdorn Lehrenstahl H7','DIN 2245   8,00 mm   PRECITOOL','','','Bilder Sonstige Lieferanten\\Default\\default.jpg','',''),(972,'3840009',0,0,0,1,0,0,0,'Grenzlehrdorn Lehrenstahl H7','DIN 2245   9,00 mm   PRECITOOL','','','Bilder Sonstige Lieferanten\\Default\\default.jpg','',''),(973,'38400010',0,0,0,1,0,0,0,'Grenzlehrdorn Lehrenstahl H7','DIN 2245  10,00 mm   PRECITOOL','','','Bilder Sonstige Lieferanten\\Default\\default.jpg','',''),(974,'38400011',0,0,0,1,1,0,0,'Grenzlehrdorn Lehrenstahl H7','DIN 2245  11,00 mm   PRECITOOL','','','Bilder Sonstige Lieferanten\\Default\\default.jpg','',''),(975,'38400012',0,0,0,1,1,0,0,'Grenzlehrdorn Lehrenstahl H7','DIN 2245  12,00 mm   PRECITOOL','','','Bilder Sonstige Lieferanten\\Default\\default.jpg','',''),(976,'38400013',0,0,0,1,1,0,0,'Grenzlehrdorn Lehrenstahl H7','DIN 2245  13,00 mm   PRECITOOL','','','Bilder Sonstige Lieferanten\\Default\\default.jpg','',''),(977,'38400014',0,0,0,1,1,0,0,'Grenzlehrdorn Lehrenstahl H7','DIN 2245  14,00 mm   PRECITOOL','','','Bilder Sonstige Lieferanten\\Default\\default.jpg','',''),(978,'38400015',0,0,0,1,1,0,0,'Grenzlehrdorn Lehrenstahl H7','DIN 2245  15,00 mm   PRECITOOL','','','Bilder Sonstige Lieferanten\\Default\\default.jpg','',''),(979,'38400016',0,0,0,1,1,0,0,'Grenzlehrdorn Lehrenstahl H7','DIN 2245  16,00 mm   PRECITOOL','','','Bilder Sonstige Lieferanten\\Default\\default.jpg','',''),(980,'38400017',0,0,0,1,1,0,0,'Grenzlehrdorn Lehrenstahl H7','DIN 2245  17,00 mm   PRECITOOL','','','Bilder Sonstige Lieferanten\\Default\\default.jpg','',''),(981,'38400018',0,0,0,1,1,0,0,'Grenzlehrdorn Lehrenstahl H7','DIN 2245  18,00 mm   PRECITOOL','','','Bilder Sonstige Lieferanten\\Default\\default.jpg','',''),(982,'38400019',0,0,0,1,1,0,0,'Grenzlehrdorn Lehrenstahl H7','DIN 2245  19,00 mm   PRECITOOL','','','Bilder Sonstige Lieferanten\\Default\\default.jpg','',''),(983,'38400020',0,0,0,1,1,0,0,'Grenzlehrdorn Lehrenstahl H7','DIN 2245  20,00 mm   PRECITOOL','','','Bilder Sonstige Lieferanten\\Default\\default.jpg','',''),(984,'38400021',0,0,0,1,1,0,0,'Grenzlehrdorn Lehrenstahl H7','DIN 2245  21,00 mm   PRECITOOL','','','Bilder Sonstige Lieferanten\\Default\\default.jpg','',''),(985,'38400022',0,0,0,1,1,0,0,'Grenzlehrdorn Lehrenstahl H7','DIN 2245  22,00 mm   PRECITOOL','','','Bilder Sonstige Lieferanten\\Default\\default.jpg','',''),(986,'38400023',0,0,0,1,1,0,0,'Grenzlehrdorn Lehrenstahl H7','DIN 2245  23,00 mm   PRECITOOL','','','Bilder Sonstige Lieferanten\\Default\\default.jpg','',''),(987,'38400024',0,0,0,1,1,0,0,'Grenzlehrdorn Lehrenstahl H7','DIN 2245  24,00 mm   PRECITOOL','','','Bilder Sonstige Lieferanten\\Default\\default.jpg','',''),(988,'38400025',0,0,0,1,1,0,0,'Grenzlehrdorn Lehrenstahl H7','DIN 2245  25,00 mm   PRECITOOL','','','Bilder Sonstige Lieferanten\\Default\\default.jpg','',''),(989,'38400026',0,0,0,1,1,0,0,'Grenzlehrdorn Lehrenstahl H7','DIN 2245  26,00 mm   PRECITOOL','','','Bilder Sonstige Lieferanten\\Default\\default.jpg','',''),(990,'38400027',0,0,0,1,1,0,0,'Grenzlehrdorn Lehrenstahl H7','DIN 2245  27,00 mm   PRECITOOL','','','Bilder Sonstige Lieferanten\\Default\\default.jpg','',''),(991,'38400028',0,0,0,1,1,0,0,'Grenzlehrdorn Lehrenstahl H7','DIN 2245  28,00 mm   PRECITOOL','','','Bilder Sonstige Lieferanten\\Default\\default.jpg','',''),(992,'38400030',0,0,0,1,1,0,0,'Grenzlehrdorn Lehrenstahl H7','DIN 2245  30,00 mm   PRECITOOL','','','Bilder Sonstige Lieferanten\\Default\\default.jpg','',''),(993,'38400032',0,0,0,1,1,0,0,'Grenzlehrdorn Lehrenstahl H7','DIN 2245  32,00 mm   PRECITOOL','','','Bilder Sonstige Lieferanten\\Default\\default.jpg','',''),(994,'38400033',0,0,0,1,1,0,0,'Grenzlehrdorn Lehrenstahl H7','DIN 2245  33,00 mm   PRECITOOL','','','Bilder Sonstige Lieferanten\\Default\\default.jpg','',''),(995,'38400034',0,0,0,1,1,0,0,'Grenzlehrdorn Lehrenstahl H7','DIN 2245  34,00 mm   PRECITOOL','','','Bilder Sonstige Lieferanten\\Default\\default.jpg','',''),(996,'38400035',0,0,0,1,1,0,0,'Grenzlehrdorn Lehrenstahl H7','DIN 2245  35,00 mm   PRECITOOL','','','Bilder Sonstige Lieferanten\\Default\\default.jpg','',''),(997,'38400036',0,0,0,1,1,0,0,'Grenzlehrdorn Lehrenstahl H7','DIN 2245  36,00 mm   PRECITOOL','','','Bilder Sonstige Lieferanten\\Default\\default.jpg','',''),(998,'38400037',0,0,0,1,1,0,0,'Grenzlehrdorn Lehrenstahl H7','DIN 2245  37,00 mm   PRECITOOL','','','Bilder Sonstige Lieferanten\\Default\\default.jpg','',''),(999,'38400038',0,0,0,1,1,0,0,'Grenzlehrdorn Lehrenstahl H7','DIN 2245  38,00 mm   PRECITOOL','','','Bilder Sonstige Lieferanten\\Default\\default.jpg','',''),(1000,'38400040',0,0,0,1,1,0,0,'Grenzlehrdorn Lehrenstahl H7','DIN 2245  40,00 mm   PRECITOOL','','','Bilder Sonstige Lieferanten\\Default\\default.jpg','',''),(1001,'38400042',0,0,0,1,1,0,0,'Grenzlehrdorn Lehrenstahl H7','DIN 2245  42,00 mm   PRECITOOL','','','Bilder Sonstige Lieferanten\\Default\\default.jpg','',''),(1002,'38400043',0,0,0,1,1,0,0,'Grenzlehrdorn Lehrenstahl H7','DIN 2245  43,00 mm   PRECITOOL','','','Bilder Sonstige Lieferanten\\Default\\default.jpg','',''),(1003,'38400044',0,0,0,1,1,0,0,'Grenzlehrdorn Lehrenstahl H7','DIN 2245  44,00 mm   PRECITOOL','','','Bilder Sonstige Lieferanten\\Default\\default.jpg','',''),(1004,'38400047',0,0,0,1,1,0,0,'Grenzlehrdorn Lehrenstahl H7','DIN 2245  47,00 mm   PRECITOOL','','','Bilder Sonstige Lieferanten\\Default\\default.jpg','',''),(1005,'38400050',0,0,0,1,1,0,0,'Grenzlehrdorn Lehrenstahl H7','DIN 2245  50,00 mm   PRECITOOL','','','Bilder Sonstige Lieferanten\\Default\\default.jpg','',''),(1006,'38400055',0,0,0,1,1,0,0,'Grenzlehrdorn Lehrenstahl H7','DIN 2245  55,00 mm   PRECITOOL','','','Bilder Sonstige Lieferanten\\Default\\default.jpg','',''),(1007,'38400060',0,0,0,1,1,0,0,'Grenzlehrdorn Lehrenstahl H7','DIN 2245  60,00 mm   PRECITOOL','','','Bilder Sonstige Lieferanten\\Default\\default.jpg','',''),(1008,'387320M22X2',0,0,0,1,1,0,0,'JBO Ausschuss-Gewindelehrring','fr metr. Feingewinde ISO 6g,DIN 22851','','','Bilder Sonstige Lieferanten\\Default\\default.jpg','',''),(1009,'387200M5X05',0,0,0,1,1,0,0,'JBO Grenzgewinde-Lehrdorn','fr metr. Feingewinde ISO 6H,DIN 13','','','Bilder Sonstige Lieferanten\\Default\\default.jpg','',''),(1010,'387200M8X1',0,0,0,1,1,0,0,'JBO Grenzgewinde-Lehrdorn','fr metr. Feingewinde ISO 6H,DIN 13','','','Bilder Sonstige Lieferanten\\Default\\default.jpg','',''),(1011,'387125M03',0,0,0,1,1,0,0,'Precitool Gewinde-Ausschuss-','lehrring','','','Bilder Sonstige Lieferanten\\Default\\default.jpg','',''),(1012,'387105M03',0,0,0,1,1,0,0,'Precitool Gewinde-Gutlehrring','','','','Bilder Sonstige Lieferanten\\Default\\default.jpg','',''),(1013,'387105M05',0,0,0,1,1,0,0,'Precitool Gewinde-Gutlehrring','','','','Bilder Sonstige Lieferanten\\Default\\default.jpg','',''),(1014,'387105M06',0,0,0,1,1,0,0,'Precitool Gewinde-Gutlehrring','','','','Bilder Sonstige Lieferanten\\Default\\default.jpg','',''),(1015,'387105M08',0,0,0,1,1,0,0,'Precitool Gewinde-Gutlehrring','','','','Bilder Sonstige Lieferanten\\Default\\default.jpg','',''),(1016,'387105M10',0,0,0,1,1,0,0,'Precitool Gewinde-Gutlehrring','','','','Bilder Sonstige Lieferanten\\Default\\default.jpg','',''),(1017,'387105M12',0,0,0,1,1,0,0,'Precitool Gewinde-Gutlehrring','','','','Bilder Sonstige Lieferanten\\Default\\default.jpg','',''),(1018,'387105M16',0,0,0,1,1,0,0,'Precitool Gewinde-Gutlehrring','','','','Bilder Sonstige Lieferanten\\Default\\default.jpg','',''),(1019,'387105M20',0,0,0,1,1,0,0,'Precitool Gewinde-Gutlehrring','','','','Bilder Sonstige Lieferanten\\Default\\default.jpg','',''),(1020,'387105M22',0,0,0,1,1,0,0,'Precitool Gewinde-Gutlehrring','','','','Bilder Sonstige Lieferanten\\Default\\default.jpg','',''),(1021,'387105M24',0,0,0,1,1,0,0,'Precitool Gewinde-Gutlehrring','','','','Bilder Sonstige Lieferanten\\Default\\default.jpg','',''),(1022,'387030M02',0,0,0,1,1,0,0,'Precitool Grenz-Gewinde-','lehrdorn','','','Bilder Sonstige Lieferanten\\Default\\default.jpg','',''),(1023,'387030M025',0,0,0,1,1,0,0,'Precitool Grenz-Gewinde-','lehrdorn','','','Bilder Sonstige Lieferanten\\Default\\default.jpg','',''),(1024,'387030M03',0,0,0,1,1,0,0,'Precitool Grenz-Gewinde-','lehrdorn','','','Bilder Sonstige Lieferanten\\Default\\default.jpg','',''),(1025,'387030M06',0,0,0,1,1,0,0,'Precitool Grenz-Gewinde-','lehrdorn','','','Bilder Sonstige Lieferanten\\Default\\default.jpg','',''),(1026,'387030M08',0,0,0,1,1,0,0,'Precitool Grenz-Gewinde-','lehrdorn','','','Bilder Sonstige Lieferanten\\Default\\default.jpg','',''),(1027,'387030M12',0,0,0,1,1,0,0,'Precitool Grenz-Gewinde-','lehrdorn','','','Bilder Sonstige Lieferanten\\Default\\default.jpg','',''),(1028,'387030M16',0,0,0,1,1,0,0,'Precitool Grenz-Gewinde-','lehrdorn','','','Bilder Sonstige Lieferanten\\Default\\default.jpg','',''),(1029,'387030M27',0,0,0,1,1,0,0,'Precitool Grenz-Gewinde-','lehrdorn','','','Bilder Sonstige Lieferanten\\Default\\default.jpg','',''),(1030,'387030M30',0,0,0,1,1,0,0,'Precitool Grenz-Gewinde-','lehrdorn','','','Bilder Sonstige Lieferanten\\Default\\default.jpg','',''),(1031,'KARLDEUTSCH02',0,0,0,1,0,1,0,'Prfstck M7x0.5','Mit Muster - Z.Nr.:1481.251.00.0.02.1-03.1','','','Bilder Sonstige Lieferanten\\Default\\default.jpg','',''),(1032,'TMS15',0,0,0,1,0,0,0,'Teifenma 0-15mm','','','','Bilder Sonstige Lieferanten\\Default\\default.jpg','',''),(1033,'TMS30',0,0,0,1,0,0,0,'Teifenma 0-30mm','','','','Bilder Sonstige Lieferanten\\Default\\default.jpg','',''),(1034,'H1',0,0,0,1,0,1,0,'Arbeitshandschuhe Gre 09 BestNr : 508440-8','PU grauschwarz   - - 830384 0012 Gr.9','','','Bilder Sonstige Lieferanten\\H1.jpg','',''),(1035,'Handschuh3',0,0,0,1,0,0,0,'Arbeitshandschuhe Gre 10 - 830020 0014','Nitril Schutzhandschuhe gelb','','','Bilder Sonstige Lieferanten\\H3.jpg','',''),(1036,'CR1632',9,9,0,2,0,1,0,'Batterie','CR1632','','','Bilder Sonstige Lieferanten\\Default\\default.jpg','',''),(1037,'Son0004',0,0,0,2,0,1,0,'Batterie','CR2016','','','Bilder Sonstige Lieferanten\\Default\\default.jpg','',''),(1038,'LR44 - L1154 - AG13 - SR 58',18,18,0,2,0,1,0,'Batterie','LR44 - L1154 - AG13 - SR 58','','','Bilder Sonstige Lieferanten\\Default\\default.jpg','',''),(1039,'AA LR6 1,5V',3,3,0,2,0,1,0,'Batterie AA LR6 1,5V','AA LR6 1,5V','','','Bilder Sonstige Lieferanten\\Default\\default.jpg','',''),(1040,'Son0012',0,0,0,1,0,1,0,'Batterie','Diverse','','','Bilder Sonstige Lieferanten\\Default\\default.jpg','',''),(1041,'Son0013',0,0,0,2,0,1,0,'Batterie','CR2032','','','Bilder Sonstige Lieferanten\\Default\\default.jpg','',''),(1042,'D 1,5V Mono',0,0,0,1,0,1,0,'D 1,5V Mono','D 1,5V Mono','','','Bilder Sonstige Lieferanten\\Default\\default.jpg','',''),(1043,'C LR14 1,5V Baby',0,0,0,2,0,1,0,'C LR14 1,5V Baby','C LR14 1,5V Baby','','','Bilder Sonstige Lieferanten\\Default\\default.jpg','',''),(1044,'LS 14250 3,6V Renishaw',0,0,0,2,0,1,0,'LS 14250 3,6V Renishaw','LS 14250 3,6V Renishaw','','','Bilder Sonstige Lieferanten\\Default\\default.jpg','',''),(1045,'AAA LR03 1,5V',0,0,0,5,0,1,0,'AAA LR03 1,5V','AAA LR03 1,5V','','','Bilder Sonstige Lieferanten\\Default\\default.jpg','',''),(1046,'C LR14 1,5V AKKU Baby',0,0,0,1,0,1,0,'C LR14 1,5V AKKU Baby','C LR14 1,5V AKKU Baby','','','Bilder Sonstige Lieferanten\\Default\\default.jpg','',''),(1047,'492080 3/4K',9,9,0,2,10,1,0,'WIKUS Bi-Metall-Sgeband Marathon M42 endlos','3660x27x0,9 mm    3/4 ZpZ-K      ANR:526301-2.000','','','Bi-Metall-M42.jpg','',''),(1048,'Son0007',0,0,0,1,0,1,0,'Diverse Drehplatten','','','','Bilder Sonstige Lieferanten\\Default\\default.jpg','',''),(1049,'Son0006',0,0,0,1,0,1,0,'Diverse Werkzeuge','','','','Bilder Sonstige Lieferanten\\Default\\default.jpg','',''),(1050,'Ersatztaster Renishaw Drehmaschine',0,0,0,1,0,1,0,'Ersatztaster Renishaw Drehmaschine','Renishaw','','','Bilder Sonstige Lieferanten\\Default\\default.jpg','',''),(1051,'2515204',0,0,0,1,1,1,0,'Ersatztaster, kurz','Gesamtlnge 33 mm       HAIMER','','','Bilder Sonstige Lieferanten\\Default\\default.jpg','',''),(1052,'481911070',0,0,0,2,30,1,0,'Flex-Hon-Brste','Korn 120','','','Bilder Sonstige Lieferanten\\Default\\default.jpg','',''),(1053,'481911080',0,0,0,2,1,1,0,'Flex-Hon-Brste','Korn 120','','','Bilder Sonstige Lieferanten\\Default\\default.jpg','',''),(1054,'481911100',0,0,0,2,1,1,0,'Flex-Hon-Brste','Korn 120','','','Bilder Sonstige Lieferanten\\Default\\default.jpg','',''),(1055,'481912090',0,0,0,2,1,1,0,'Flex-Hon-Brste','','','','Bilder Sonstige Lieferanten\\Default\\default.jpg','',''),(1056,'481912160',0,0,0,2,1,1,0,'Flex-Hon-Brste','','','','Bilder Sonstige Lieferanten\\Default\\default.jpg','',''),(1057,'4100 4.500',0,0,0,1,0,1,0,'HSS Entgratgabel','4.26-4.75','','','Bilder Sonstige Lieferanten\\Isak\\sonstige\\HSS-Entgratwerkzeug.jpg','',''),(1058,'HSS Entgratwerkzeug 2.2-2.4',0,0,0,1,0,1,0,'HSS Entgratgabel','2.2-2.4','','','Bilder Sonstige Lieferanten\\Isak\\sonstige\\HSS-Entgratwerkzeug.jpg','',''),(1059,'HSS Entgratwerkzeug 2.4-2.6',0,0,0,1,0,1,0,'HSS Entgratgabel','2.4-2.6','','','Bilder Sonstige Lieferanten\\Isak\\sonstige\\HSS-Entgratwerkzeug.jpg','',''),(1060,'HSS Entgratwerkzeug 2.8-3.18',0,0,0,1,0,1,0,'HSS Entgratgabel','2.8-3.18','','','Bilder Sonstige Lieferanten\\Isak\\sonstige\\HSS-Entgratwerkzeug.jpg','',''),(1061,'HSS Entgratwerkzeug 3.96-4.36',0,0,0,1,0,1,0,'HSS Entgratgabel','3.96-4.36','','','Bilder Sonstige Lieferanten\\Isak\\sonstige\\HSS-Entgratwerkzeug.jpg','',''),(1062,'HSS Entgratwerkzeug 4.74-5.15',0,0,0,1,0,1,0,'HSS Entgratgabel','4.74-5.15','','','Bilder Sonstige Lieferanten\\Isak\\sonstige\\HSS-Entgratwerkzeug.jpg','',''),(1063,'HSS Entgratwerkzeug 5.15-5.56',0,0,0,1,0,1,0,'HSS Entgratgabel','5.15-5.56','','','Bilder Sonstige Lieferanten\\Isak\\sonstige\\HSS-Entgratwerkzeug.jpg','',''),(1064,'HSS ENTGRATWERKZEUG 6.35-6.76',0,0,0,1,0,1,0,'HSS Entgratgabel','6.35-676','','','Bilder Sonstige Lieferanten\\Isak\\sonstige\\HSS-Entgratwerkzeug.jpg','',''),(1065,'HSS Entgratwerkzeug 7.95-8.33',0,0,0,1,0,1,0,'HSS Entgratgabel','7.95-8.33','','','Bilder Sonstige Lieferanten\\Isak\\sonstige\\HSS-Entgratwerkzeug.jpg','',''),(1066,'HSS Entgratwerkzeug 8.33-8.71',0,0,0,1,0,1,0,'HSS Entgratgabel','8.33-8.71','','','Bilder Sonstige Lieferanten\\Isak\\sonstige\\HSS-Entgratwerkzeug.jpg','',''),(1067,'HSS Entgratwerkzeug 8.71-9.11',0,0,0,1,0,1,0,'HSS Entgratgabel','8.71-9.11','','','Bilder Sonstige Lieferanten\\Isak\\sonstige\\HSS-Entgratwerkzeug.jpg','',''),(1068,'HAIMER-80.362.00',0,0,0,1,10,1,0,'Kurzer Tasteinsatz','4mm','','','Bilder Sonstige Lieferanten\\Default\\default.jpg','',''),(1069,'565140GT-E200',7,7,0,5,10,1,0,'Rotierende Klingen','','','','Bilder Sonstige Lieferanten\\Default\\default.jpg','',''),(1070,'565140GT-E600',0,0,0,1,10,1,0,'Rotierende Klingen','','','','Bilder Sonstige Lieferanten\\Default\\default.jpg','',''),(1071,'472008120',0,0,0,5,1,1,0,'Schleifband endlos 10mm','120','','','Bilder Sonstige Lieferanten\\Default\\default.jpg','',''),(1072,'ESPERA 1003',0,0,0,1,0,1,0,'1.: b=5 2.: b=4 3.: b=3 Seitenteil links\rechts','Z-Nr.:','','','Bilder Sonstige Lieferanten\\Espera\\Espera_1003.jpg','',''),(1073,'ESPERA 1011',0,0,0,1,0,1,0,'Abgeschliffene Frser','1: D=3.00 L=35 2:D=5.00 L=35','','','Bilder Sonstige Lieferanten\\Espera\\Espera_1011.jpg','',''),(1074,'ESPERA 1002',0,0,0,1,0,1,0,'b1=4,6 b2=1,4 D1=9, D2=16, D3=14 Basisplatte','Z-Nr.:','','','Bilder Sonstige Lieferanten\\Espera\\Espera_1002.jpg','',''),(1075,'ESPERA 0001',0,0,0,1,0,1,0,'Bleche fr Abstreifer','Z-Nr.:','','','Bilder Sonstige Lieferanten\\Espera\\Espera_1.jpg','',''),(1076,'ESPERA 2001',0,0,0,1,0,1,0,'Bohr-Vorrichtung Seitenwand','Z-Nr.:427452','','','Bilder Sonstige Lieferanten\\Espera\\ESPERA2001.jpg','',''),(1077,'ESPERA 1006',0,0,0,1,0,1,0,'D=14 l=26 ','Z-Nr.:','','','Bilder Sonstige Lieferanten\\Espera\\Espera_1006.jpg','',''),(1078,'ESPERA 1001',0,0,0,1,0,1,0,'D=14 mm D2=10mm Zahnriemenscheiben','Z-Nr.:','','','Bilder Sonstige Lieferanten\\Espera\\Espera_1001.jpg','',''),(1079,'ESPERA 1004',0,0,0,1,0,1,0,'D=16 Distanzstck ','Z-Nr.:','','','Bilder Sonstige Lieferanten\\Espera\\Espera_1004.jpg','',''),(1080,'ESPERA 1007',0,0,0,1,0,1,0,'D=25','Z-Nr.:','','','Bilder Sonstige Lieferanten\\Espera\\Espera_1007.jpg','',''),(1081,'ESPERA 0016',0,0,0,1,0,1,0,'Distanzstcke','Z-Nr.:','','','Bilder Sonstige Lieferanten\\Espera\\Espera_16.jpg','',''),(1082,'ESPERA 0009',0,0,0,1,0,1,0,'Gewindelehrdorn M10x','Z-Nr.:','','','Bilder Sonstige Lieferanten\\Espera\\Espera_9.jpg','',''),(1083,'ESPERA 0011',0,0,0,1,0,1,0,'Kaliber ','Z-Nr.:','','','Bilder Sonstige Lieferanten\\Espera\\Espera_11.jpg','',''),(1084,'ESPERA 1005',0,0,0,1,0,1,0,'Kegelreibahle D=5 1:10 Schwenknarbe, Papierfhrung','Z-Nr.:','','','Bilder Sonstige Lieferanten\\Espera\\Espera_1005.jpg','',''),(1085,'ESPERA 0014',0,0,0,1,0,1,0,'Passfeder 8mm','Z-Nr.:','','','Bilder Sonstige Lieferanten\\Espera\\Espera_14.jpg','',''),(1086,'ESPERA 0015',0,0,0,1,0,1,0,'Passstifte 6mm','Z-Nr.:','','','Bilder Sonstige Lieferanten\\Espera\\Espera_15.jpg','',''),(1087,'ESPERA 0005',0,0,0,1,0,1,0,'Prfmittel Druckerplatte','Z-Nr.:','','','Bilder Sonstige Lieferanten\\Espera\\Espera_5.jpg','',''),(1088,'ESPERA 0006',0,0,0,1,0,1,0,'Prfmittel PapierfhrungSchwenknarbe','Z-Nr.:','','','Bilder Sonstige Lieferanten\\Espera\\Espera_6.jpg','',''),(1089,'ESPERA 0017',0,0,0,1,0,1,0,'Prfmittel Rund','Z-Nr.:','','','Bilder Sonstige Lieferanten\\Espera\\Espera_17.jpg','',''),(1090,'ESPERA 0007',0,0,0,1,0,1,0,'Prfmittel Zylinerrohr','Z-Nr.:','','','Bilder Sonstige Lieferanten\\Espera\\Espera_7.jpg','',''),(1091,'ESPERA 0022',0,0,0,1,0,1,0,'Prfmutter DTS-JSRM-2624DS12x5','Z-Nr.:404691 Steilgewindespindel','','','Bilder Sonstige Lieferanten\\Default\\default.jpg','',''),(1092,'ESPERA 0010',0,0,0,1,0,1,0,'Prfschraube Durckerplatte','Z-Nr.:','','','Bilder Sonstige Lieferanten\\Espera\\Espera_10.jpg','',''),(1093,'ESPERA 0004',0,0,0,1,0,1,0,'Prfschraube Nut Seitenteil LR','Z-Nr.:','','','Bilder Sonstige Lieferanten\\Espera\\Espera_4.jpg','',''),(1094,'ESPERA 0008',0,0,0,1,0,1,0,'Prfstift Thermoleistenhalter','Z-Nr.:','','','Bilder Sonstige Lieferanten\\Espera\\Espera_8.jpg','',''),(1095,'ESPERA 1013',0,0,0,1,0,1,0,'Prfwelle','Umlenkrolle','','','Bilder Sonstige Lieferanten\\Espera\\ESPERA_PW.jpg','',''),(1096,'ESPERA 0013',0,0,0,1,0,1,0,'Rundteil mit Gewinde','Z-Nr.:','','','Bilder Sonstige Lieferanten\\Espera\\Espera_13.jpg','',''),(1097,'ESPERA 1009',0,0,0,1,0,1,0,'Sonderfrser Eminger','Z-Nr.:','','','Bilder Sonstige Lieferanten\\Espera\\Espera_1009.jpg','',''),(1098,'ESPERA 1010',0,0,0,1,0,1,0,'Sonderfrser Eminger','Z-Nr.: 429626','','','Bilder Sonstige Lieferanten\\Espera\\Espera_1010.jpg','',''),(1099,'ESPERA 1012',0,0,0,1,0,1,0,'Sonderreibahle 8.02 +5','Z-Nr.:','','','Bilder Sonstige Lieferanten\\Espera\\Espera_1012.jpg','',''),(1100,'ESPERA 1008',0,0,0,1,0,1,0,'Sonderreibahle5 E8','Z-Nr.:','','','Bilder Sonstige Lieferanten\\Espera\\Espera_1008.jpg','',''),(1101,'ESPERA 0003',0,0,0,1,0,1,0,'Symmertie-Lehre Schwenkblock','Z-Nr.:','','','Bilder Sonstige Lieferanten\\Espera\\Espera_3.jpg','',''),(1102,'ESPERA 0012',0,0,0,1,0,1,0,'Vorichtung','Z-Nr.:','','','Bilder Sonstige Lieferanten\\Espera\\Espera_12.jpg','',''),(1103,'ESPERA 9999',0,0,0,1,0,0,0,'1.: b=5 2.: b=4 3.: b=3 Seitenteil links\rechts','Z-Nr.:','','','Bilder Sonstige Lieferanten\\Isak\\Korloy\\DCMT11-PC9030.jpg','',''),(1104,'ESPERA 1003A1A',0,0,0,1,0,0,0,'1.: b=5 2.: b=4 3.: b=3 Seitenteil links\rechts','OPFER','','','Bilder Sonstige Lieferanten\\Default\\default.jpg','',''),(1105,'KNUX160405L112025',19,19,0,5,99,1,0,'M - ap=3mm(1-6)  fn=0.3mm\r (0.02-0.35)  vc =165 mmin (195-155)','','','','Bilder Sonstige Lieferanten\\Default\\default.jpg','',''),(1106,'2909 5.000',0,0,0,1,99,1,0,'Maschinengewindebohrer M5','Fr Sonder-, Super- und Titanlegierungen','','','Bilder Sonstige Lieferanten\\Default\\default.jpg','',''),(1107,'26601 22.020',48,48,0,4,99,1,0,'WSP Abstechen fr Schwert und Vierkanthalter','P - vc = 70-220 f = 0.06-0.18','','','Bilder Sonstige Lieferanten\\Default\\default.jpg','',''),(1108,'26602 22.030',12,12,0,4,5,1,0,'WSP Abstechen fr Schwert und Vierkanthalter (Ghring und Mitsubishi)','P - vc = 70-220 f = 0.06-0.18  M - vc = 70-160 f = 0.05-0.10','','','default.jpg','',''),(1109,'VCGT 160402 AL K10',1,1,0,1,3,1,0,'N - ap = 0.05 - 4.50  fn = 0.3 mm\r (0.02-0.35)  vc = 165 mmin','','','','VCGT160402.jpg','',''),(1110,'WNMG 080404-PF 4425',0,0,0,3,3,1,0,'P - fn = 0.1 - 0.22 mm\r vc = 120 - 270 mmin','undefined','','','default.jpg','',''),(1111,'WNMG 080404-MF 2025',0,0,0,3,3,1,0,'M - fn = 0.1 - 0.25 mm\r vc = 120 - 180 mmin','undefined','','','default.jpg','',''),(1112,'WNMG 080408-PF 4425',31,31,0,3,3,1,0,'P - ap = 0.4mm (0.3-1.5)  fn = 0.2 mm\r (0.1-1.5)  vc = 375 mmin (430-305)','undefined','','','WNMG 060404-PF 4425.jpg','',''),(1113,'2541210120',0,0,0,1,99,1,0,'VHM Schaftfrser D12','Z=4, Ln=26','','','Bilder Sonstige Lieferanten\\Default\\default.jpg','',''),(1114,'2541210100',0,0,0,1,99,1,0,'VHM Schaftfrser D10','Z=4, Ln=22','','','default.jpg','',''),(1115,' 25627 12.001',0,0,0,1,99,0,0,'WSP Stechen  Links  G04','B1.5   Tmax=2','','','Bilder Sonstige Lieferanten\\Default\\default.jpg','',''),(1116,' 25605 12.008',16,5,0,1,99,0,0,'WSP Stechen  Links  G04','B4.0  Tmax=5','','','Bilder Sonstige Lieferanten\\Default\\default.jpg','',''),(1117,' 25635 12.003',0,0,0,1,99,0,0,'WSP Stechen  Links  G04','B3.0  Tmax=3','','','Bilder Sonstige Lieferanten\\Default\\default.jpg','',''),(1118,'2909 3.000',0,0,0,1,99,1,0,'Maschinengewindebohrer M3','Fr Sonder-, Super- und Titanlegierungen','','','Bilder Sonstige Lieferanten\\Default\\default.jpg','',''),(1119,'PWLNL 2525 M08',0,0,0,1,99,1,0,'Platte: W-Geometrie','-','','','Bilder Sonstige Lieferanten\\Default\\default.jpg','',''),(1120,'27000 8.003',0,0,0,1,99,1,0,'Klemmhalter Ghring D=8','Ds=16','','','Bilder Sonstige Lieferanten\\Default\\default.jpg','',''),(1121,'25351 12.003',0,0,0,1,99,1,0,'Klemmhalter Ghring Stechen','G04','','','Bilder Sonstige Lieferanten\\Default\\default.jpg','',''),(1122,'SMCL XCMT Multi Cut 08x1.5',0,0,0,1,99,1,0,'D=08 Ln=12','Platte: XC..04...','','','Bilder Sonstige Lieferanten\\Default\\default.jpg','',''),(1123,'5611 15.350',0,0,0,1,99,1,0,'Bohrer VHM TiAlN 5xD IK UNI','DIN6537 HB   15,350 mm   ECOLINE','','','Bilder Sonstige Lieferanten\\Default\\default.jpg','',''),(1124,'25084 4.012',0,0,0,2,1,1,1,'Schneideinsatz Ausdrehen','Dmin=3.0 Ln=22.0','','','25510.jpg','',''),(1125,'KORLOY MSFD 100-2P',0,0,0,1,99,1,1,'Flachbohrer Kurz','L1=40 L2=L1 1.00 L=100.00','','','Bilder Sonstige Lieferanten\\Default\\default.jpg','',''),(1126,'JMA13-146-HT35',0,0,0,5,5,0,0,'Planfrser 45PP','VA Vc=120 Fz=0.1','','','Bilder Sonstige Lieferanten\\Jongen\\JMA10-525.jpg','',''),(1127,'5640 9.000',0,0,0,2,1,1,0,'VHM Tieflochbohrer','D=9.000','','','5640.jpg','',''),(1128,'Handschuh4      BestNr : 508440-10 ',0,0,0,1,1,1,0,'Arbeitshandschuhe Gre 10','PU Schutzhandschuhe grauschwarz','','','Bilder Sonstige Lieferanten\\Default\\default.jpg','',''),(1129,'PROMOLINE CMTS06047C20 1.0 ISO',0,0,0,1,1,0,0,'Gewindefrser Innen Abgesetzt Lang','D=4.65 P=1.00 L1=20.0','','','Bilder Sonstige Lieferanten\\Default\\default.jpg','',''),(1130,'WCMX 030208 UNI RT330',5,5,0,2,2,1,0,'P  Vc:150-250mmin f:0,05-0,13mmU','M  Vc:110-150mmin f:0,03-0,13mmU','','','default.jpg','',''),(1131,'VBMT 160404 MF 2220',0,-2,0,2,2,1,0,'M - Vc=240-305 fn=0.05-0.19 ap=0.1-2.0','R0.4','','','5.jpg','',''),(1132,'CCMT 060204-MM 2015',9,9,0,2,0,1,0,'M - Vc=295 (320-265) fn=0.11 (0.06-0.17) ap=1.2 (0.3-2.2) (VA)','Sandvik','','','CCMT 060204-MM 2015.jpg','',''),(1133,'CCMT 060204-PM 4425',3,3,0,2,2,1,0,'P - vc-460-300 fn-0.06-0.17 ap-0.3-2.2','K - vc-285-230 fn-0.06-0.17 ap-0.3-2.2','','','CCMT 060204-PM 4425.jpg','',''),(1134,'XCNT 050204-EN CTPP 430',8,8,0,2,2,1,0,'P - Vc-60-180 fn-0.05-0.25 ap-0.5-2.5','M - ','','','XCNT 050204-EN CTPP 430.jpg','',''),(1135,'XCNT 060204-EN CTPP 430',7,7,0,2,2,1,0,'P - Vc-60-180 fn-0.05-0.25 ap-0.5-4.0','M - ','','','xcnt060204en.jpg','',''),(1136,'WCMX 030208R-RT UNI RT300',2,2,0,1,1,1,0,'P  Vc:150-250mmin f:0,05-0,12mmU','M  Vc:110-150mmin f:0,03-0,13mmU','','','Bilder Sonstige Lieferanten\\Default\\default.jpg','',''),(1137,'FPS380VS-3 M3',0,0,0,1,1,1,0,'Gewindeformer-Stahl-M3','Normal','','','Bilder Sonstige Lieferanten\\Default\\default.jpg','',''),(1138,'XCNT 10T304-EN CTPP 430',12,12,0,2,2,1,0,'P - Vc-80-180 fn-0.05-0.25 ap-0.5-5.0','M - ','','','xcnt10t304en.jpg','',''),(1139,'QD-LG-0300-0501-CO 1125 KURZ',9,9,0,3,3,1,0,'M = vc=135-230 fn=0.03-0.15','P = vc=170-285 fn=0.03-0.15','','','Bilder Sonstige Lieferanten\\Default\\default.jpg','',''),(1140,'QD-RE-0200-0801-CO 1125 KURZ',4,4,0,3,3,0,0,'M = vc=145-230 fn=0.03-0.13  P = vc=180-285 fn=0.03-0.13','S = vc=35-55 fn=0.03-0.13','','','Bilder Sonstige Lieferanten\\Default\\default.jpg','',''),(1141,'ATORN Nr.:12232897',0,0,0,1,1,0,0,'Klemmhalter ','PDJNL 2525 M15 IK ECO 93','','','Bilder Sonstige Lieferanten\\Default\\default.jpg','',''),(1142,'HSTG14312C-3',0,0,0,1,1,0,0,'Plattenaufnahme D9.2  Schaft D12','Simtek Plattengr. D14','','','Bilder Sonstige Lieferanten\\Default\\default.jpg','',''),(1143,'HSTG16312C-3',0,0,0,1,1,0,0,'Plattenaufnahme D11  Schaft D12','Simtek Plattengr. D16','','','Bilder Sonstige Lieferanten\\Default\\default.jpg','',''),(1144,'HSTG14212C-2',0,0,0,1,1,0,0,'Plattenaufnahme D9.2  Schaft D12','Simtek Plattengr. D14','','','Bilder Sonstige Lieferanten\\Default\\default.jpg','',''),(1145,'HSTG11412C-4',0,0,0,1,1,0,0,'Plattenaufnahme D7.9  Schaft D12','Simtek Plattengr. D11','','','Bilder Sonstige Lieferanten\\Default\\default.jpg','',''),(1146,'HSTG08412C-4',0,0,0,1,1,0,0,'Plattenaufnahme D5.95  Schaft D12','Simtek Plattengr. D08','','','Bilder Sonstige Lieferanten\\Default\\default.jpg','',''),(1147,'HSTG11208C-2',0,0,0,1,1,0,0,'Plattenaufnahme D7.9  Schaft D08','Simtek Plattengr. D11','','','Bilder Sonstige Lieferanten\\Default\\default.jpg','',''),(1148,'HSTG08206C-2',0,0,0,1,1,0,0,'Plattenaufnahme D7.9  Schaft D06','Simtek Plattengr. D08','','','Bilder Sonstige Lieferanten\\Default\\default.jpg','',''),(1149,'ATORN Nr.: 11940701',0,0,0,1,1,0,0,'Gewindebohrstange Rechts mit IK  11IR','Dmin12  Schaft D16  L125  L1 25mm','','','Bilder Sonstige Lieferanten\\Default\\default.jpg','',''),(1150,'ISCAR GRIP 6030Y IC808',2,2,0,1,1,0,0,'Vc = 80-180  fz = 0.13-0.50 ap= .00-3.00','Iscar Nr.:6200332','','','Bilder Sonstige Lieferanten\\Default\\default.jpg','',''),(1151,'GY2M0500H250N-BM VP20RT',10,10,0,2,2,0,0,'Mitsubishi Stechplatte Aussen','Einstechen R2.5','','','Bilder Sonstige Lieferanten\\Default\\default.jpg','',''),(1152,'3176 2.500 ',0,0,0,1,1,0,0,'Viertelrund Profilfrser   DIN 6518','R=2.5 D1=1.1 DS=10 Z=4','','','Bilder Sonstige Lieferanten\\Default\\default.jpg','',''),(1153,'CPT 16 IR 3 TR BMA',1,1,0,1,1,1,0,'Innen 16IR 3TR','P=105-280M=130-190K=80-170N=115-460S=25-90mmin','','','GewindeplatteTR.JPG','',''),(1154,'5611 8.100',0,0,0,2,2,1,0,'VHM-Ratiobohrer mit IK 5xD','D=8.10 L1=71.00','','','Bilder Sonstige Lieferanten\\Default\\default.jpg','',''),(1155,'393 8.000',0,0,0,1,1,1,0,'Gewindebohrer Sackloch Normal VA','M8','8,00','','393.jpg','',''),(1156,'5598 6.000',0,0,0,2,2,1,0,'Gewindeformer VA M6 Normal','6HX DIN371 HSS-E TiN','6,00','','5598.jpg','',''),(1157,'5598 8.000',2,2,0,2,2,1,0,'Gewindeformer VA M6 Normal','6HX DIN371 HSS-E TiN','8,00','','5598.jpg','',''),(1158,'393 3.000',0,0,0,1,1,1,0,'Gewindebohrer Sackloch Normal VA','M3','3,00','','393.jpg','',''),(1159,'393 4.000',0,0,0,1,1,1,0,'Gewindebohrer Sackloch Normal VA','M4','4,00','','393.jpg','',''),(1160,'1026570680',0,0,0,1,1,0,0,'Bohrer VHM TiAlN 5xD IK UNI','DIN6537 HB   6,80 mm   ECOLINE','','','Bilder Sonstige Lieferanten\\Default\\default.jpg','',''),(1161,'3195 2.000',0,0,0,2,2,1,0,'VHM Langlochfrser XL (2-Schneider)','D=03.00 L1=20.00 Z=2','','','Bilder Sonstige Lieferanten\\Default\\default.jpg','',''),(1162,'565140GT-E150',31,31,0,5,5,0,0,'Rotierende Klingen','','','','Bilder Sonstige Lieferanten\\Default\\default.jpg','',''),(1163,'KNUX 160410R12 2025',0,0,0,5,5,0,0,'M - ap=3mm(1-6)  fn=0.3mm\r (0.02-0.35)  vc =165 mmin (195-155)','','','','Bilder Sonstige Lieferanten\\Default\\default.jpg','',''),(1164,'KNUX 160405R11 2025',0,0,0,5,5,0,0,'M - ap=3mm(1-6)  fn=0.3mm\r (0.02-0.35)  vc =165 mmin (195-155)','','','','Bilder Sonstige Lieferanten\\Default\\default.jpg','',''),(1165,'DCMT 11T304-PM 4425',5,5,0,2,2,1,0,'P- vc=400 (360-400)  ap=1.5 (0.3-3.2)  fn=0.15 (0.08-0.23)','K- vc=240 (275-205)  ap=1.5 (0.3-3.2)  fn=0.15 (0.08-0.23)','','','DCMT 11T3 04-PM 4335.jpg','',''),(1166,' DCMT 11T308-MM 4425',5,4,0,2,2,1,1,'M- vc=230 (195-285)  ap=1.7 (0.6-3.2)  fn=0.2 (0.1-0.3)','','','','DCMT 11T308-MM.jpg','',''),(1167,'WNMG 080408-MM 2220',8,8,0,3,3,1,0,'M - ap=2.5 (0.5-4)  fn=0.25 (0.1-0.45)  vc=210mmin (285-155)','undefined','','','default.jpg','',''),(1168,'DCMT 11T304-MM 2220',7,7,0,2,2,1,0,'P- vc=400 (360-400)  ap=1.5 (0.3-3.2)  fn=0.15 (0.08-0.23)','K- vc=240 (275-205)  ap=1.5 (0.3-3.2)  fn=0.15 (0.08-0.23)','','','DCMT 11T308-MM.jpg','',''),(1169,'DNMG 150604-MF 2025',21,21,0,2,2,0,0,'vc=345 f=0.30 ap=0.5-6.0','','','','Bilder Sonstige Lieferanten\\Default\\default.jpg','',''),(1170,'5598 4.000',0,0,0,2,2,1,0,'Gewindeformer VA M6 Normal','6HX DIN371 HSS-E TiN','4,00','','5598.jpg','',''),(1171,'1050050315',0,0,0,2,2,0,0,'Zentrierbohrer HSS  60','DIN  333A   3,15 mm PRECITOOL,DIN 333 A','','','Bilder Sonstige Lieferanten\\Default\\default.jpg','',''),(1172,'5512 13.000',0,0,0,1,1,1,0,'HM-Bohrer 7xD IK','13.0mm','','','Bilder Sonstige Lieferanten\\Default\\default.jpg','',''),(1173,'WNMG 080408-MR 4425',18,18,0,3,3,1,0,'M - ap=2.5 (0.5-4)  fn=0.25 (0.1-0.45)  vc=210mmin (285-155)','undefined','','','default.jpg','',''),(1174,'VBMT 160408 PM 4425',17,17,0,2,2,1,0,'M - Vc=240-305 fn=0.05-0.19 ap=0.1-2.0','R0.8','','','5.jpg','',''),(1178,'VBMT 160404 PF 4325',9,9,0,2,2,1,0,'M - Vc=240-305 fn=0.05-0.19 ap=0.1-2.0','R0.4','','','5.jpg','',''),(1179,'5510 4.400',0,0,0,3,3,0,0,'VHM-Kleinstbohrer mit IK ','D=04.40 L=33','','','6023.jpg','',''),(1180,'5510 4.400',0,0,0,3,3,0,0,'VHM-Kleinstbohrer mit IK ','D=04.40 L=33','','','6023.jpg','',''),(1181,'5510 4.400',0,0,0,3,3,0,0,'VHM-Kleinstbohrer mit IK ','D=04.40 L=33','','','6023.jpg','',''),(1182,'5510 4.400',0,0,0,3,3,0,0,'VHM-Kleinstbohrer mit IK ','D=04.40 L=33','','','6023.jpg','',''),(1183,'DCMT 070204 PM 4425',0,0,0,3,3,1,0,'P - Vc-425 (390-460) Ap-1.2 (0.3-2.2) Fn-0.11 (0.06-0.17)','K - Vc-260 (230-285) Ap-1.2 (0.3-2.2) Fn-0.11 (0.06-0.17)','','','DCMT 070204-PM 4425.jpg','',''),(1184,'2467 20.000',0,0,0,1,1,1,0,'Kugelfrser','R10.00','','','Bilder Sonstige Lieferanten\\Default\\default.jpg','',''),(1185,'D11.1867.02 YR GN39X800',0,0,0,3,3,1,0,'WSP-Drehen-Innen','R=0.2 Dmin=11','','','default.jpg','',''),(1186,'R114.1230.6.15 EG55',3,3,0,1,1,1,0,'Horn Schneidplatte Axialstehen mit Radius','b=3.0 r=1.5 tmax=5 Dmin=14.0','','','Bilder Sonstige Lieferanten\\Default\\default.jpg','',''),(1187,'D11.1855.02 YR GN39X800',0,0,0,3,3,1,0,'WSP-Drehen-Innen','R=0.2 Dmin=10','','','D11.1855.02YRX800.jpg','',''),(1188,'CPT 16 ER 2.0 ISO BMA Gemicht',0,0,0,2,2,1,0,'Gewindeplatte Aussen 16er','P=2.00','','','default.jpg','',''),(1189,'R114.1430.15 EG55',1,1,0,2,2,1,0,'Horn Schneidplatte Axialstehen mit Radius','b=3.0 r=1.5 tmax=3 Dmin=14.0','','','R114.1430.15 EG55.jpg','',''),(1190,'L114.1230.6.15 TN35',0,0,0,1,1,0,0,'Horn Schneidplatte Axialstehen mit Radius','b=3.0 r=1.5 tmax=5 Dmin=12.0','','','Bilder Sonstige Lieferanten\\Default\\default.jpg','',''),(1191,'R114.1230.6.00 TN35',0,0,0,1,1,1,0,'Schneidplatte Axialstehen ','b=3.0 tmax=5','','','Bilder Sonstige Lieferanten\\Default\\default.jpg','',''),(1192,'P10.0510.02 M X800',0,0,0,1,0,1,0,'Gewindefrsen SIMTEK ','H1 = 0.54  P = 1','','','default.jpg','',''),(1193,'R105.1823.5.5.2 TH35',0,0,0,1,1,1,0,'Supermini ','undefined','','','Bilder Sonstige Lieferanten\\Default\\default.jpg','',''),(1194,'VHM 382-02 TN12',4,4,0,1,1,0,0,'VHM Schaftfrser','D=02.00 L1=6.00  Z=3','','','Bilder Sonstige Lieferanten\\Default\\default.jpg','',''),(1195,'CPT 16 ER 1.0 ISO BMA',8,8,0,2,2,1,0,'Gewindeplatte Aussen 16er','P=1.00','','','default.jpg','',''),(1196,'CCMT 09T304 PM 4335',4,4,0,3,5,1,0,'Vc=240 f=0.15 ap=0.3-3.2','R0.4','','','CCMT 09T304-PM 4335.jpg','',''),(1197,'DCMT11T302-HMP PC9030',2,2,0,3,3,1,0,'WSP Kopieren InnenAussen - R0.2','R0.2','','','DCMT11- PC9030.jpg','',''),(1198,'CNMG 120408 PR 4425',10,10,0,5,5,1,0,'M - ap = 4 mm (0.7-7.0)  fn = 0.35 mm\r (0.2-0.5)  vc = 155mmin (195-125)','R0.8','','','CNMG.jpg','',''),(1199,'D08.1846.02 YR GN39',0,0,0,1,0,1,0,'Schneidplatte SIMTEK ','Dmin=7.8  R=0.2','','','default.jpg','',''),(1200,'26603 22.030',8,8,0,3,3,1,0,'WSP Abstechen fr Schwert und Vierkanthalter (Ghring und Mitsubishi)','P - vc = 70-220 f = 0.06-0.18  M - vc = 70-160 f = 0.05-0.10','','','26603-22030_GZ222.0300.020.PM.01.L.08.jpg','',''),(1201,'26601 22.030',0,0,0,1,3,1,0,'WSP Abstechen fr Schwert und Vierkanthalter','P-vc=70-220 f=0.06-0.18  K=70-150 f=0.06-0.18','','','default.jpg','',''),(1202,'26605 22.030',1,1,0,3,3,1,0,'WSP Abstechen fr Schwert und Vierkanthalter (Ghring und Mitsubishi)','P - vc = 70-220 f = 0.06-0.18  M - vc = 70-160 f = 0.05-0.10','','','Bilder Sonstige Lieferanten\\Default\\default.jpg','',''),(1203,'SPMT060205-PD PC5300',9,9,0,2,2,1,0,'WSP Bohren','SPMT Gre 06','','','SPMT-PD.jpg','',''),(1204,'XOMT 050204-PD PC5300',5,5,0,2,2,1,0,'undefined','undefined','','','xomt060204.jpg','',''),(1205,'XOMT 060204-PD PC5300',7,7,0,2,2,1,0,'P=Vc-150(50-250) fn-0.09(0.04-0.14)','M=Vc-120(60-180) fn-0.07(0.04-0.14)','','','xomt060204.jpg','',''),(1206,'XOMT 060204-LD PC5335',7,7,0,2,2,1,0,'P = Vc-120(60-160) fn-0.08(0.60-0.10)','','','','xomt060204.jpg','',''),(1207,'TP3.1808.020.10 YR X400',0,0,0,1,0,1,0,'3 schneiden SIMTEK ','Dmin=10.5 R=0.2','','','default.jpg','',''),(1208,'D10.0510.02.10 MR X800',4,4,0,2,2,0,0,'Dmin=10  TP=1','undefined','','','Bilder Sonstige Lieferanten\\Default\\default.jpg','',''),(1209,'GP0400C040-N02-MM',8,8,0,2,2,1,0,'PHP930   Ghring','Nr. 333294118','','','26603-22030_GZ222.0300.020.PM.01.L.08.jpg','',''),(1210,'SPKX 07T308 PH6920',7,7,0,2,2,1,0,'Nr.333292825','undefined','','','SPKX_07T308.jpg','',''),(1211,'TP3.1808.020.08 YER X400',1,1,0,1,0,1,0,'3 schneiden SIMTEK ','Dmin=7.8 R=0.2','','','default.jpg','',''),(1212,'25198 4.001',1,1,0,2,2,1,0,'D=4 L1=12','undefined','4,00','','25198_4001.jpg','',''),(1213,'27290 8.003',0,0,0,1,1,1,0,'BD','Ln=18,5 Dmin=7,0','','','27290.jpg','',''),(1214,'WNMG 080408-PM 4425',37,37,0,3,3,1,0,'M - ap=2.5 (0.5-4)  fn=0.25 (0.1-0.45)  vc=210mmin (285-155)','undefined','','','default.jpg','',''),(1215,'6993 - 16000',1,1,0,1,1,1,0,'Fasenfraeser Gedralt','D=16.0','16,00','','6993.jpg','',''),(1216,'XCMT 080304-EN RT300',3,3,0,2,2,1,0,'WSP-Bohr-Drehwerkzeug Gre 08','Vc= 80-140mmin f=0,04-0,08 mmU','','','Bilder Sonstige Lieferanten\\Default\\default.jpg','',''),(1217,'5511 3.900',0,0,0,1,1,1,0,'Bohrer VHM TiAlN 5xD IK UNI','3,90 mm ','','','Bilder Sonstige Lieferanten\\Default\\default.jpg','',''),(1218,'5612 9.400',0,0,0,1,1,1,0,'VHM-Ratiobohrer mit IK 7xD','D=09.40 L1=91.00','','','Bilder Sonstige Lieferanten\\Default\\default.jpg','',''),(1219,'5510 9.300',0,0,0,2,2,1,0,'Bohrer VHM TiAlN 3xD IK UNI','DIN6537 HB   9,30 mm   ECOLINE','','','6023.jpg','',''),(1220,'5611 6.500',0,0,0,2,2,1,0,'VHM-Ratiobohrer mit IK 5xD','D=6.5 L1=71.00','','','Bilder Sonstige Lieferanten\\Default\\default.jpg','',''),(1221,'5511 6.500',0,0,0,2,2,1,0,'Bohrer VHM TiAlN 5xD IK UNI','DIN6537 HB   6,50 mm   ECOLINE','','','Bilder Sonstige Lieferanten\\Default\\default.jpg','',''),(1222,'6023 11.900',0,0,0,3,1,1,0,'Ratiobohrer VHM TiAlN 3xD IK UNI','DIN6537K R-RT1  11,90 mm','11,90','','6023.jpg','',''),(1223,'BAX-WN 08',0,0,0,3,3,0,0,'W - Halter grundplatte','Artikel Nr.: SM21891','','','Bilder Sonstige Lieferanten\\Default\\default.jpg','',''),(1224,'SPL1 - 9120',0,0,0,3,3,0,0,'Spannhebel fr WNMG08  CNMG12  SNMG12','Artikel Nr.: SM21372','','','CNMG120412MR4425.jpg','',''),(1225,'6023 6.900',0,0,0,3,1,1,0,'VHM-Ratiobohrer mit IK 3xD','D=6.90 Ln=21','6,90','','6023.jpg','',''),(1226,'394 5.003',0,0,0,3,1,1,0,'Gewindebohrer Sackloch','M5x0.5','5,00','','394.jpg','',''),(1227,'394 6.003',0,0,0,3,1,1,0,'Gewindebohrer Sackloch','M6x0.5','6,00','','394.jpg','',''),(1228,'R105.1019.005.4.4 TH35',0,0,0,2,1,1,0,'Supermini ','undefined','','','default.jpg','',''),(1229,'CCGT 120404 UM H10A',6,6,0,3,1,1,0,'(ALU) Vc=120 f=0.14 ap=0.5-1.4','R0.4','','','default.jpg','',''),(1230,'KORLOY DCMT11T308-VF CN3225',0,0,0,3,1,1,0,'WSP Kopieren InnenAussen P - R0.80','Vc=250 f=0.15 ap=0.3-1.5','','','dcgt.jpg','',''),(1231,'393 5.000',0,0,0,3,1,1,0,'Gewindebohrer Sackloch Normal VA','M5','5,00','','393.jpg','',''),(1234,'R105.0510.2.5 TN35',1,1,0,3,1,1,0,'Gewindedrehen Innen','P=01.00 Dmim=05.00 a=04.50 l2=20','5,00','','Horn_105_2.jpg','',''),(1235,'R110.0100.5.0 TN35',1,1,0,3,1,1,0,'HORN Schneideinsatz','w=1.0 tmax=4 L2=30','','','Horn_110.jpg','',''),(1236,'R105.0150.2.6 TN35',1,-1,0,3,1,1,0,'Einstechen Innen','Dmin=04.00 l2=10 tmax=00.80 w=01.50','','','Horn_105_1.jpg','',''),(1237,'R105.BO.70.20.105.2 EG35',0,0,0,3,1,1,0,'Bohrdrehwerkzeug D7','Ds=7 Ln=10 r=0.2','','','105-BO.jpg','',''),(1238,'DCMT 11T308-PM 4425',9,9,0,3,1,1,0,'P - Vc-425 (390-460) Ap-1.2 (0.3-2.2) Fn-0.11 (0.06-0.17)','K - Vc-260 (230-285) Ap-1.2 (0.3-2.2) Fn-0.11 (0.06-0.17)','','','DCMT 11T304-PM 4335.jpg','',''),(1239,'DCMT 11T302-MF 1125',10,10,0,3,1,1,0,'P- vc=400 (360-400)  ap=1.5 (0.3-3.2)  fn=0.15 (0.08-0.23)','K- vc=240 (275-205)  ap=1.5 (0.3-3.2)  fn=0.15 (0.08-0.23)','','','DCMT 11T302-MF 1125.jpg','',''),(1240,'WNMG 060404-PF 4425',5,4,0,3,1,1,0,'M - ap=2.5 (0.5-4)  fn=0.25 (0.1-0.45)  vc=210mmin (285-155)','undefined','','','WNMG 060404-PF 4425.jpg','',''),(1241,'D14.1430.50 AV R X800',1,1,0,3,1,1,0,'WSP-Drehen-Innen','R=1.5 Dmin=14','','','D14.1430.50 AV R X800.jpg','',''),(1242,'RS105.1833.2.6.U20 TH35',1,1,0,3,1,1,0,'','','','','Horn_105_4.jpg','',''),(1243,'D14.1430.50 AV L X800',9,9,0,3,1,1,0,'WSP-Drehen-Innen','R=1.5 Dmin=14  Tmax=5','','','D14.1430.50 AV R X800.jpg','',''),(1244,'6405 2.100',3,-1,0,3,1,1,0,'VHM Kleinstbohrer mit IK 5xD','D=02.10 L=16.00 Ds=04.00','','','6405.jpg','',''),(1245,'6016 6.000',0,0,0,3,1,1,0,'NC-Maschienen-Reibahle H7',' 6.000  H7','','','6016_Reibahlen.jpg','',''),(1246,'6016 8.000',0,0,0,3,1,1,0,'NC-Maschienen-Reibahle H7',' 8.000  H7','','','6016_Reibahlen.jpg','',''),(1247,'6016 10.000',0,0,0,3,1,1,0,'NC-Maschienen-Reibahle H7',' 10.000  H7','','','6016_Reibahlen.jpg','',''),(1248,'6016 3.000',0,0,0,3,1,1,0,'NC-Maschienen-Reibahle H7',' 3.000  H7','','','6016_Reibahlen.jpg','',''),(1249,'6016 4.000',0,0,0,3,1,1,0,'NC-Maschienen-Reibahle H7',' 4.000  H7','','','6016_Reibahlen.jpg','',''),(1250,'6016 5.000',0,0,0,3,1,1,0,'NC-Maschienen-Reibahle H7',' 5.000  H7','','','6016_Reibahlen.jpg','',''),(1251,'6016 12.000',0,0,0,3,1,1,0,'NC-Maschienen-Reibahle H7',' 12.000  H7','','','6016_Reibahlen.jpg','',''),(1252,'6981 10.000',0,0,0,3,1,1,0,'VHM-Ratio Frser RF 100 AL mit IK','Werksnorm ','','','6981.jpg','',''),(1253,'6981 12.000',0,0,0,3,1,1,0,'VHM-Ratio Frser RF 100 AL mit IK','Werksnorm','','','6981.jpg','',''),(1254,'6981 16.000',0,0,0,3,1,1,0,'VHM-Ratio Frser RF 100 AL mit IK','Werksnorm','','','6981.jpg','',''),(1255,'6981 5.000',2,1,0,3,1,1,0,'VHM-Ratio Frser RF 100 AL mit IK','Werksnorm','','','6981.jpg','',''),(1256,'6981 6.000',8,4,0,3,1,1,0,'VHM-Ratio Frser RF 100 AL mit IK','Werksnorm','','','6981.jpg','',''),(1257,'5654 12.000',0,0,0,3,1,1,0,'Ratio Frser RF 100 VA','DIN 6527L  VHM  TiAlN-nanoA','','','5654.jpg','',''),(1258,'5654 6.000',0,0,0,3,1,1,0,'Ratio Frser RF 100 VA','DIN 6527L  VHM  TiAlN-nanoA','','','5654.jpg','',''),(1259,'5654 8.000',0,0,0,3,1,1,0,'Ratio Frser RF 100 VA','DIN 6527L  VHM  TiAlN-nanoA','','','5654.jpg','',''),(1260,'5654 10.000',0,0,0,3,1,1,0,'Ratio Frser RF 100 VA','DIN 6527L  VHM  TiAlN-nanoA','','','5654.jpg','',''),(1261,'5654 3.000',0,0,0,3,1,1,0,'Ratio Frser RF 100 VA','DIN 6527L  VHM  TiAlN-nanoA','','','5654.jpg','',''),(1262,'5654 4.000',0,0,0,3,1,1,0,'Ratio Frser RF 100 VA','DIN 6527L  VHM  TiAlN-nanoA','','','5654.jpg','',''),(1263,'5654 5.000',0,0,0,3,1,1,0,'Ratio Frser RF 100 VA','DIN 6527L  VHM  TiAlN-nanoA','','','5654.jpg','',''),(1264,'6481 5.000',0,0,0,3,1,1,0,'Ratio Frser RF 100 Sharp ohne IK','Werksnorm','','','6481_d.jpg','',''),(1265,'6481 10.000',0,0,0,3,1,1,0,'Ratio Frser RF 100 Sharp ohne IK','Werksnorm','','','6481_d.jpg','',''),(1266,'6481 12.000',0,0,0,3,1,1,0,'Ratio Frser RF 100 Sharp ohne IK','Werksnorm','','','6481_d.jpg','',''),(1267,'6481 6.000',0,0,0,3,1,1,0,'Ratio Frser RF 100 Sharp ohne IK','Werksnorm','','','6481_d.jpg','',''),(1268,'6479 6.000',0,0,0,3,1,1,0,'Ratio Frser RF 100 Sharp ohne IK','Werksnorm','','','6481.jpg','',''),(1269,'6479 10.000',0,0,0,3,1,1,0,'Ratio Frser RF 100 Sharp ohne IK','Werksnorm','','','6481.jpg','',''),(1270,'6479 12.000',3,3,0,3,1,1,0,'Ratio Frser RF 100 Sharp ohne IK','Werksnorm','12,00','','6481.jpg','',''),(1271,'6939 12.000',0,0,0,3,1,1,0,'Ratio Frser RF 100 Sharp ohne IK','Werksnorm','','','6939.jpg','',''),(1272,'6939 10.000',0,0,0,3,1,1,0,'Ratio Frser RF 100 Sharp ohne IK','Werksnorm','','','6939.jpg','',''),(1273,'6939 8.000',0,0,0,3,1,1,0,'Ratio Frser RF 100 Sharp ohne IK','Werksnorm','','','6939.jpg','',''),(1274,'6939 4.000',0,0,0,3,1,1,0,'Ratio Frser RF 100 Sharp ohne IK','Werksnorm','','','6939.jpg','',''),(1275,'6939 5.000',0,0,0,3,1,1,0,'Ratio Frser RF 100 Sharp ohne IK','Werksnorm','','','6939.jpg','',''),(1276,'6939 6.000',0,0,0,3,1,1,0,'Ratio Frser RF 100 Sharp ohne IK','Werksnorm','','','6939.jpg','',''),(1277,'6939 3.500',0,0,0,3,1,1,0,'Ratio Frser RF 100 Sharp ohne IK','Werksnorm','','','6939.jpg','',''),(1278,'6802 10.000',0,0,0,3,1,1,0,'RF 100  Diver  mit IK','DIN 6527L ','','','6802.jpg','',''),(1279,'6802 12.000',12,12,0,3,1,1,0,'RF 100  Diver  mit IK','DIN 6527L ','','','6802.jpg','',''),(1280,'6802 6.000',5,3,0,3,1,1,0,'RF 100  Diver  mit IK','DIN 6527L ','','','6802.jpg','',''),(1281,'6802 8.000',0,-1,0,3,1,1,0,'RF 100  Diver  mit IK','DIN 6527L ','','','6802.jpg','',''),(1282,'6408 2.500',0,0,0,3,1,1,0,'VHM Kleinstbohrer mit IK 5xD','D=02.50 L=19.50','','','6408.jpg','',''),(1283,'1872 10.000',0,0,0,3,1,1,0,'Gewindebohrer-Duchgangsloch-VA-M10','berlauf','10,00','','1872.jpg','',''),(1284,'1872 6.000',0,0,0,3,1,1,0,'Gewindebohrer-Duchgangsloch-VA-M6','berlauf','6,00','','1872.jpg','',''),(1286,'4636 10.000',2,1,0,3,1,1,0,'Gewindebohrer-Sackloch-VA-M10','mit IK','10,00','','4636.jpg','',''),(1287,'4636 12.000',0,0,0,3,1,1,0,'Gewindebohrer-Sackloch-VA-M12','mit IK','12,00','','4636.jpg','',''),(1288,'4636 6.000',0,0,0,3,1,1,0,'Gewindebohrer-Sackloch-VA-M6','mit IK','6,00','','4636.jpg','',''),(1289,'4636 8.000',0,0,0,3,1,1,0,'Gewindebohrer-Sackloch-VA-M8','mit IK','8,00','','4636.jpg','',''),(1290,'4636 5.000',7,7,0,3,1,1,0,'Gewindebohrer-Sackloch-VA-M5','mit IK','5,00','','4636.jpg','',''),(1291,'4672 12.000',0,0,0,3,1,1,0,'Gewindebohrer-Durchgangsloch-Alu-M12','Normal','12,00','','4672.jpg','',''),(1292,'4672 4.000',0,0,0,1,3,1,0,'Gewindebohrer-Durchgangsloch-Alu-M4','Normal','4,00','','4672.jpg','',''),(1293,'4218 4.000',0,0,0,3,1,1,0,'Gewindebohrer-Durchgangsloch-VA-M4','Normal','4,00','','4218.jpg','',''),(1294,'4218 5.000',0,0,0,3,1,1,0,'Gewindebohrer-Durchgangsloch-VA-M5','Normal','5,00','','4218.jpg','',''),(1295,'4218 6.000',0,0,0,3,1,1,0,'Gewindebohrer-Durchgangsloch-VA-M6','Normal','6,00','','4218.jpg','',''),(1296,'4218 8.000',0,0,0,3,1,1,0,'Gewindebohrer-Durchgangsloch-VA-M8','Normal','8,00','','4218.jpg','',''),(1297,'4218 10.000',0,0,0,3,1,1,0,'Gewindebohrer-Durchgangsloch-VA-M10','Normal','10,00','','4218.jpg','',''),(1298,'4670 4.000',0,0,0,3,1,1,0,'Gewindebohrer-Sackloch-Alu-M4','Normal','4,00','','4670.jpg','',''),(1299,'4670 5.000',0,0,0,3,1,1,0,'Gewindebohrer-Sackloch-Alu-M5','Normal','5,00','','4670.jpg','',''),(1300,'4670 10.000',3,3,0,3,1,1,0,'Gewindebohrer-Sackloch-Alu-M10','Normal','10,00','','4670.jpg','',''),(1301,'4670 12.000',14,5,0,3,1,1,0,'Gewindebohrer-Sackloch-Alu-M12','Normal','12,00','','4670.jpg','',''),(1302,'393 10.000',1,1,0,3,1,1,0,'Gewindebohrer Sackloch Normal VA','M10','10,00','','393.jpg','',''),(1303,'393 12.000',0,0,0,3,1,1,0,'Gewindebohrer Sackloch Normal VA','M12','12,00','','393.jpg','',''),(1304,'2515 5.000',0,0,0,3,1,1,0,'Gewindeformer mit IK Normal Alu','6HX  DIN371 HSS-E Carbo','5,00','','2515.jpg','',''),(1305,'2515 6.000',0,0,0,3,1,1,0,'Gewindeformer mit IK Normal Alu','6HX  DIN371 HSS-E Carbo','6,00','','2515.jpg','',''),(1306,'2515 8.000',0,0,0,3,1,1,0,'Gewindeformer mit IK Normal Alu','6HX  DIN371 HSS-E Carbo','8,00','','2515.jpg','',''),(1307,'4676 2.000',0,0,0,3,1,1,0,'Gewindebohrer Durchgangsloch Alu M2 Normal','6HX DIN371 HSS-E Carbo','2,00','','4672.jpg','',''),(1308,'4676 3.000',0,0,0,3,1,1,0,'Gewindebohrer Durchgangsloch Alu M3 Normal','6HX DIN371 HSS-E Carbo','3,00','','4672.jpg','',''),(1309,'4676 4.000',0,0,0,3,1,1,0,'Gewindebohrer Durchgangsloch Alu M4 Normal','6HX DIN371 HSS-E Carbo','4,00','','4672.jpg','',''),(1310,'4676 5.000',6,6,0,3,1,1,0,'Gewindebohrer Durchgangsloch Alu M5 Normal','6HX DIN371 HSS-E Carbo','5,00','','4672.jpg','',''),(1311,'4676 6.000',0,0,0,3,1,1,0,'Gewindebohrer Durchgangsloch Alu M6 Normal','6HX DIN371 HSS-E Carbo','6,00','','4672.jpg','',''),(1312,'4676 8.000',0,0,0,3,1,1,0,'Gewindebohrer Durchgangsloch Alu M8 Normal','6HX DIN371 HSS-E Carbo','8,00','','4672.jpg','',''),(1313,'4676 10.000',0,0,0,3,1,1,0,'Gewindebohrer Durchgangsloch Alu M10 Normal','6HX DIN371 HSS-E Carbo','10,00','','4672.jpg','',''),(1314,'4676 12.000',0,0,0,3,1,1,0,'Gewindebohrer Durchgangsloch Alu M12 Normal','6HX DIN371 HSS-E Carbo','12,00','','4672.jpg','',''),(1315,'5598 2.000',4,4,0,3,1,1,0,'Gewindeformer VA M2 Normal','6HX DIN371 HSS-E TiN','2,00','','5598.jpg','',''),(1316,'5598 3.000',2,2,0,3,1,1,0,'Gewindeformer VA M3 Normal','6HX DIN371 HSS-E TiN','3,00','','5598.jpg','',''),(1317,'5598 5.000',4,4,0,3,1,1,0,'Gewindeformer VA M5 Normal','6HX DIN371 HSS-E TiN','5,00','','5598.jpg','',''),(1318,'5598 10.000',0,0,0,3,1,1,0,'Gewindeformer VA M10 Normal','6HX DIN371 HSS-E TiN','10,00','','5598.jpg','',''),(1319,'5599 12.000',0,0,0,3,1,1,0,'Gewindeformer VA M10 Normal','6HX DIN371 HSS-E TiN','12,00','','5599.jpg','',''),(1320,'6023 5.700',5,3,0,3,1,1,0,'VHM-Ratiobohrer mit IK 3xD','DIN6537 HB D=05.70','5,70','','6023.jpg','',''),(1323,'25150 4.012',3,3,0,3,1,1,0,'Schneideinsatz Gweinde ','Dmin=4.0   P=0.8 / P=1.0','','','25150m.jpg','',''),(1324,'25052 4.029',3,3,0,3,1,1,0,'Schneideinsatz Ausdrehen','Dmin=3.0 Ln=22.0 ','','','25052_4029_d.jpg','',''),(1325,'6020 9.990',0,0,0,3,1,1,0,'Maschienenreibahle ','DIN 212-3 /  9.990 +0.005','9,99','','6020.jpg','',''),(1326,'6020 10.000',0,0,0,3,1,1,0,'Maschienenreibahle ','DIN 212-3 /  10.000 +0.005','10,00','','6020.jpg','',''),(1327,'6020 10.010',0,0,0,3,1,1,0,'Maschienenreibahle ','DIN 212-3 /  10.010 +0.005','10,01','','6020.jpg','',''),(1328,'6023 3.200',9,3,0,3,1,1,0,'Bohrer VHM TiAlN 3xD IK UNI','DIN6537 HB  3,20 mm','3,20','','6023.jpg','',''),(1329,'6023 3.400',4,1,0,3,1,1,0,'Bohrer VHM TiAlN 3xD IK UNI','DIN6537 HB   3,40 mm','3,40','','6023.jpg','',''),(1330,'6023 3.500',10,3,0,3,1,1,0,'Bohrer VHM TiAlN 3xD IK UNI','DIN6537 HB   3,50 mm','3,50','','6023.jpg','',''),(1331,'6023 3.900',0,0,0,3,1,1,0,'Bohrer VHM TiAlN 3xD IK UNI','DIN6537 HB   3,90 mm','3,90','','6023.jpg','',''),(1332,'6023 4.100',0,0,0,3,1,1,0,'Bohrer VHM TiAlN 3xD IK UNI','DIN6537 HB   4,10 mm','4,10','','6023.jpg','',''),(1333,'6023 4.200',0,0,0,3,1,1,0,'Bohrer VHM TiAlN 3xD IK UNI','DIN6537 HB   4,20 mm','4,20','','6023.jpg','',''),(1334,'6023 4.300',1,1,0,3,1,1,0,'Bohrer VHM TiAlN 3xD IK UNI','DIN6537 HB   4,30 mm','4,30','','6023.jpg','',''),(1335,'5584 5.000',1,1,0,3,1,1,0,'Kugelfrser Z=4','R02.50','5,00','','HM4.jpg','',''),(1336,'6596 11.000',0,0,0,3,1,1,0,'Flachbohrer  RT 100 FB','D=11.00 L1=37.00','11,00','','6596.jpg','',''),(1337,'6023 8.600',7,1,0,3,1,1,0,'Bohrer VHM TiAlN 3xD IK UNI','DIN6537 HB  8.60 mm','8,60','','6023.jpg','',''),(1338,'TEST',0,0,0,0,0,0,0,'Wendesschneidplatte-Stechen','B=0.7 Tmax=1.0','','','te3007000grht45.jpg','',''),(1339,'D11.0200.00 GR GN/X800',7,7,0,3,1,1,0,'','B=2.00 Dmin=11.','','','d11020000grgn39.jpg','',''),(1340,'5639 9.000',0,0,0,3,1,1,0,'VHM Tieflochbohrer','D=9.00','9,00','','5639.jpg','',''),(1341,'5685 10.000',0,0,0,2,1,1,0,'Eillippenbohrer','D = 10.00','10,00','','5640.jpg','',''),(1342,'5639 10.000',0,0,0,2,1,1,0,'VHM Tieflochbohrer','D=10.00','10,00','','5639.jpg','',''),(1343,'5234 9.000',0,0,0,3,1,1,0,'N','D=9.000','9,00','','5234.jpg','',''),(1344,'773 10.000',0,0,0,3,1,1,0,'VHM-Ratiobohrer mit IK 15xD','D=10.000','10,00','','773.jpg','',''),(1345,'503 11.000',0,0,0,1,1,1,0,'Spiralbohrer 20xD','D=11.000','11,00','','503.jpg','',''),(1346,'504 9.000',0,0,0,1,1,1,0,'Spiralbohrer 25xD','D=9.000','9,00','','504.jpg','',''),(1347,'6702 5.000',0,0,0,3,1,1,0,'VHM Schaftfrser Alu abgesetzt','D=05.00 Z=3 L1=11.00 L2=18.00','5,00','','default.jpg','',''),(1348,'5650 3.500',1,0,0,3,1,1,0,'Bohrer VHM TiAlN 5xD IK UNI','DIN6537 HB   3.50 mm','3,50',NULL,'5650.jpg',NULL,''),(1349,'5650 4.600',3,1,0,3,1,1,0,'Bohrer VHM TiAlN 5xD IK UNI','DIN6537 HB   4,60 mm','4,60',NULL,'5650.jpg',NULL,''),(1350,'S163 H 1.0 ISO MT8',0,0,0,3,1,1,0,'S163 H 1,0 ISO','Mehrzahnplatte','',NULL,'CPT_s163H1.0.JPG',NULL,''),(1351,'5650 3.900',2,0,0,3,1,1,0,'Bohrer VHM TiAlN 5xD IK UNI','DIN6537 HB   3.90 mm','3,90',NULL,'5650.jpg',NULL,''),(1352,'6023 5.500',1,1,0,3,1,1,0,'Bohrer VHM TiAlN 3xD IK UNI','DIN6537 HB   5,50 mm','5,50',NULL,'6023.jpg',NULL,''),(1353,'5650 4.100',5,1,0,3,1,1,0,'Bohrer VHM TiAlN 5xD IK UNI','DIN6537 HB   4,10 mm','4,10',NULL,'5650.jpg',NULL,''),(1354,'6023 4.600',5,1,0,3,1,1,0,'Bohrer VHM TiAlN 3xD IK UNI','DIN6537 HB   4,60 mm','4,60',NULL,'6023.jpg',NULL,''),(1355,'6023 4.800',2,2,0,3,1,1,0,'Bohrer VHM TiAlN 3xD IK UNI','DIN6537 HB   4,80 mm','4,80',NULL,'6023.jpg',NULL,''),(1356,'6023 4.500',0,0,0,3,1,1,0,'Bohrer VHM TiAlN 3xD IK UNI','DIN6537 HB   4,50 mm','4,50',NULL,'6023.jpg',NULL,''),(1357,'6023 4.900',0,0,0,3,1,1,0,'Bohrer VHM TiAlN 3xD IK UNI','DIN6537 HB   4,90 mm','4,90',NULL,'6023.jpg',NULL,''),(1358,'6023 5.000',4,4,0,2,1,1,0,'Bohrer VHM TiAlN 3xD IK UNI','DIN6537 HB   5,00 mm','5,00',NULL,'6023.jpg',NULL,''),(1359,'6023 5.100',2,2,0,2,1,1,0,'Bohrer VHM TiAlN 3xD IK UNI','DIN6537 HB   5,10 mm','5,10',NULL,'6023.jpg',NULL,''),(1360,'6023 5.400',7,1,0,2,1,1,0,'Bohrer VHM TiAlN 3xD IK UNI','DIN6537 HB   5,40 mm','5,40',NULL,'6023.jpg',NULL,''),(1361,'6023 5.600',1,1,0,2,1,1,0,'Bohrer VHM TiAlN 3xD IK UNI','DIN6537 HB   5,60 mm','5,60',NULL,'6023.jpg',NULL,''),(1362,'6023 6.000',0,0,0,2,1,1,0,'Bohrer VHM TiAlN 3xD IK UNI','DIN6537 HB   6,00 mm','6,00',NULL,'6023.jpg',NULL,''),(1363,'6023 6.100',7,1,0,3,1,1,0,'Bohrer VHM TiAlN 3xD IK UNI','DIN6537 HB   6,10 mm','6,10',NULL,'6023.jpg',NULL,''),(1364,'6023 6.200',1,1,0,3,1,1,0,'Bohrer VHM TiAlN 3xD IK UNI','DIN6537 HB   6,20mm','6,20',NULL,'6023.jpg',NULL,''),(1365,'6023 6.300',1,1,0,3,1,1,0,'Bohrer VHM TiAlN 3xD IK UNI','DIN6537 HB   6,30 mm','6,30',NULL,'6023.jpg',NULL,''),(1366,'6023 6.400',1,1,0,3,1,1,0,'Bohrer VHM TiAlN 3xD IK UNI','DIN6537 HB   6,40 mm','6,40',NULL,'6023.jpg',NULL,''),(1367,'6023 6.500',0,0,0,3,1,1,0,'Bohrer VHM TiAlN 3xD IK UNI','DIN6537 HB   6,50 mm','6,50',NULL,'6023.jpg',NULL,''),(1368,'6023 6.600',0,0,0,3,1,1,0,'Bohrer VHM TiAlN 3xD IK UNI','DIN6537 HB   6,60 mm','6,60',NULL,'6023.jpg',NULL,''),(1369,'6023 6.700',4,1,0,3,1,1,0,'Bohrer VHM TiAlN 3xD IK UNI','DIN6537 HB   6,70mm','6,70',NULL,'6023.jpg',NULL,''),(1370,'6023 6.800',0,0,0,3,1,1,0,'Bohrer VHM TiAlN 3xD IK UNI','DIN6537 HB   6,80mm','6,80',NULL,'6023.jpg',NULL,''),(1371,'6023 7.000',8,3,0,3,1,1,0,'Bohrer VHM TiAlN 3xD IK UNI','DIN6537 HB   7,00 mm','7,00',NULL,'6023.jpg',NULL,''),(1372,'6023 7.100',3,-1,0,3,1,1,0,'Bohrer VHM TiAlN 3xD IK UNI','DIN6537 HB   7,10 mm','7,10',NULL,'6023.jpg',NULL,''),(1373,'6023 7.200',4,2,0,3,1,1,0,'Bohrer VHM TiAlN 3xD IK UNI','DIN6537 HB   7,20 mm','7,20',NULL,'6023.jpg',NULL,''),(1374,'6023 7.300',0,0,0,3,1,1,0,'Bohrer VHM TiAlN 3xD IK UNI','DIN6537 HB   7,30 mm','7,30',NULL,'6023.jpg',NULL,''),(1375,'6023 7.400',0,0,0,3,1,1,0,'Bohrer VHM TiAlN 3xD IK UNI','DIN6537 HB   7,40 mm','7,40',NULL,'6023.jpg',NULL,''),(1376,'6023 7.500',1,1,0,3,1,1,0,'Bohrer VHM TiAlN 3xD IK UNI','DIN6537 HB   7,50 mm','7,50',NULL,'6023.jpg',NULL,''),(1377,'6023 7.600',1,1,0,3,1,1,0,'Bohrer VHM TiAlN 3xD IK UNI','DIN6537 HB   7,60 mm','7,60',NULL,'6023.jpg',NULL,''),(1378,'6023 7.700',1,1,0,3,1,1,0,'Bohrer VHM TiAlN 3xD IK UNI','DIN6537 HB   7,70 mm','7,70',NULL,'6023.jpg',NULL,''),(1379,'6023 7.800',2,2,0,3,1,1,0,'Bohrer VHM TiAlN 3xD IK UNI','DIN6537 HB   7,80 mm','7,80',NULL,'6023.jpg',NULL,''),(1380,'6023 7.900',0,0,0,3,1,1,0,'Bohrer VHM TiAlN 3xD IK UNI','DIN6537 HB   7,90 mm','7,90',NULL,'6023.jpg',NULL,''),(1381,'6023 8.000',0,0,0,3,1,1,0,'Bohrer VHM TiAlN 3xD IK UNI','DIN6537 HB  8,00 mm','8,00',NULL,'6023.jpg',NULL,''),(1382,'6023 8.100',2,2,0,3,1,1,0,'Bohrer VHM TiAlN 3xD IK UNI','DIN6537 HB  8,10 mm','8,10',NULL,'6023.jpg',NULL,''),(1383,'6023 8.300',1,1,0,3,1,1,0,'Bohrer VHM TiAlN 3xD IK UNI','DIN6537 HB  8,30 mm','8,30',NULL,'6023.jpg',NULL,''),(1384,'6023 8.400',1,1,0,3,1,1,0,'Bohrer VHM TiAlN 3xD IK UNI','DIN6537 HB  8,40 mm','8,40',NULL,'6023.jpg',NULL,''),(1385,'6023 8.500',0,0,0,3,1,1,0,'Bohrer VHM TiAlN 3xD IK UNI','DIN6537 HB  8,50 mm','8,50',NULL,'6023.jpg',NULL,''),(1386,'6023 8.700',2,2,0,3,1,1,0,'Bohrer VHM TiAlN 3xD IK UNI','DIN6537 HB  8,70 mm','8,70',NULL,'6023.jpg',NULL,''),(1387,'6023 8.800',1,1,0,3,1,1,0,'Bohrer VHM TiAlN 3xD IK UNI','DIN6537 HB  8,80 mm','8,80',NULL,'6023.jpg',NULL,''),(1388,'6023 8.900',2,2,0,3,1,1,0,'Bohrer VHM TiAlN 3xD IK UNI','DIN6537 HB  8,90 mm','8,90',NULL,'6023.jpg',NULL,''),(1389,'6023 8.200',1,1,0,3,1,1,0,'Bohrer VHM TiAlN 3xD IK UNI','DIN6537 HB  8,20 mm','8,20',NULL,'6023.jpg',NULL,''),(1390,'5511 3.400',0,0,0,3,1,1,0,'Bohrer VHM TiAlN 5xD IK UNI','3,40 mm ','3,40',NULL,'5511.jpg',NULL,''),(1391,'5650 3.000',4,4,0,3,1,1,0,'Bohrer VHM TiAlN 5xD IK UNI','DIN6537 HB   3.00 mm','3,00',NULL,'5650.jpg',NULL,''),(1392,'5650 4.700',4,4,0,3,1,1,0,'Bohrer VHM TiAlN 5xD IK UNI','DIN6537 HB   4,70 mm','4,70',NULL,'5650.jpg',NULL,''),(1393,'5650 11.000',0,0,0,3,1,1,0,'Bohrer VHM TiAlN 5xD IK UNI','DIN6537 HB  11,00 mm','11,00',NULL,'5650.jpg',NULL,''),(1394,'5612 3.500',2,2,0,3,1,1,0,'Bohrer VHM TiAlN 7xD IK UNI','DIN6537 HA   3,50 mm','3,50',NULL,'5612.jpg',NULL,''),(1395,'6023 9.000',0,0,0,3,1,1,0,'Bohrer VHM TiAlN 3xD IK UNI','DIN6537 HB   9,00 mm','9,00',NULL,'6023.jpg',NULL,''),(1396,'6023 9.100',0,0,0,3,1,1,0,'Bohrer VHM TiAlN 3xD IK UNI','DIN6537 HB   9,10 mm','9,10',NULL,'6023.jpg',NULL,''),(1397,'5650 3.100',1,1,0,3,1,1,0,'Bohrer VHM TiAlN 5xD IK UNI','DIN6537 HB   3.10 mm','3,10',NULL,'5650.jpg',NULL,''),(1398,'5612 5.000',0,0,0,3,1,1,0,'Bohrer VHM TiAlN 7xD IK UNI','DIN6537 HA   5,00 mm','5,00',NULL,'5612.jpg',NULL,''),(1399,'5612 6.000',0,0,0,3,1,1,0,'Bohrer VHM TiAlN 7xD IK UNI','DIN6537 HA   6,00 mm','6,00',NULL,'5612.jpg',NULL,''),(1400,'6023 10.000',0,0,0,3,1,1,0,'Ratiobohrer VHM TiAlN 3xD IK UNI','DIN6537K R-RT1  10,00 mm','10,00',NULL,'6023.jpg',NULL,''),(1401,'5650 4.900',0,0,0,3,1,1,0,'Bohrer VHM TiAlN 5xD IK UNI','DIN6537 HB   4,90 mm','4,90',NULL,'5650.jpg',NULL,''),(1402,'5650 7.800',0,0,0,3,1,1,0,'Bohrer VHM TiAlN 5xD IK UNI','DIN6537 HB   7,80 mm','7,80',NULL,'5650.jpg',NULL,''),(1403,'5612 7.000',0,0,0,3,1,1,0,'Bohrer VHM TiAlN 7xD IK UNI','DIN6537 HA   7,00 mm','7,00',NULL,'5612.jpg',NULL,''),(1404,'5650 3.300',0,0,0,3,1,1,0,'Bohrer VHM TiAlN 5xD IK UNI','DIN6537 HB   3.30 mm','3,30',NULL,'5650.jpg',NULL,''),(1405,'5650 3.400',0,0,0,3,1,1,0,'Bohrer VHM TiAlN 5xD IK UNI','DIN6537 HB   3.40mm','3,40',NULL,'5650.jpg',NULL,''),(1406,'5650 3.600',0,0,0,3,1,1,0,'Bohrer VHM TiAlN 5xD IK UNI','DIN6537 HB   3.60 mm','3,60',NULL,'5650.jpg',NULL,''),(1407,'5650 3.700',0,-1,0,3,1,1,0,'Bohrer VHM TiAlN 5xD IK UNI','DIN6537 HB   3.70 mm','3,70',NULL,'5650.jpg',NULL,''),(1408,'5650 4.300',0,0,0,3,1,1,0,'Bohrer VHM TiAlN 5xD IK UNI','DIN6537 HB   4,30 mm','4,30',NULL,'5650.jpg',NULL,''),(1409,'5650 5.000',0,0,0,3,1,1,0,'Bohrer VHM TiAlN 5xD IK UNI','DIN6537 HB   5,00 mm','5,00',NULL,'5650.jpg',NULL,''),(1410,'5650 5.100',3,1,0,3,1,1,0,'Bohrer VHM TiAlN 5xD IK UNI','DIN6537 HB   5,10 mm','5,10',NULL,'5650.jpg',NULL,''),(1411,'5650 5.200',0,-2,0,3,1,1,0,'Bohrer VHM TiAlN 5xD IK UNI','DIN6537 HB   5,20mm','5,20',NULL,'5650.jpg',NULL,''),(1412,'5650 4.200',0,0,0,3,1,1,0,'Bohrer VHM TiAlN 5xD IK UNI','DIN6537 HB   4,20 mm','4,20',NULL,'5650.jpg',NULL,''),(1413,'5650 5.800',0,0,0,3,1,1,0,'Bohrer VHM TiAlN 5xD IK UNI','DIN6537 HB   5,80 mm','5,80',NULL,'5650.jpg',NULL,''),(1414,'5650 5.900',0,0,0,3,1,1,0,'Bohrer VHM TiAlN 5xD IK UNI','DIN6537 HB   5,90 mm','5,90',NULL,'5650.jpg',NULL,''),(1415,'6023 9.300',3,3,0,3,1,1,0,'Bohrer VHM TiAlN 3xD IK UNI','DIN6537 HB   9,30 mm','9,30',NULL,'6023.jpg',NULL,''),(1416,'6023 9.200',1,1,0,3,1,1,0,'Bohrer VHM TiAlN 3xD IK UNI','DIN6537 HB   9,20 mm','9,20',NULL,'6023.jpg',NULL,''),(1417,'6023 9.400',0,0,0,3,1,1,0,'Bohrer VHM TiAlN 3xD IK UNI','DIN6537 HB   9,40 mm','9,40',NULL,'6023.jpg',NULL,''),(1418,'5650 6.100',0,0,0,3,1,1,0,'Bohrer VHM TiAlN 5xD IK UNI','DIN6537 HB   6,10 mm','6,10',NULL,'5650.jpg',NULL,''),(1419,'5650 6.500',4,-1,0,3,1,1,0,'Bohrer VHM TiAlN 5xD IK UNI','DIN6537 HB   6,50 mm','6,50',NULL,'5650.jpg',NULL,''),(1420,'5650 6.600',0,0,0,3,1,1,0,'Bohrer VHM TiAlN 5xD IK UNI','DIN6537 HB   6,60 mm','6,60',NULL,'5650.jpg',NULL,''),(1421,'5650 6.700',0,0,0,3,1,1,0,'Bohrer VHM TiAlN 5xD IK UNI','DIN6537 HB   6,70 mm','6,70',NULL,'5650.jpg',NULL,''),(1422,'5650 6.900',0,0,0,3,1,1,0,'Bohrer VHM TiAlN 5xD IK UNI','DIN6537 HB   6,90 mm','6,90',NULL,'5650.jpg',NULL,''),(1423,'5650 7.100',0,0,0,3,1,1,0,'Bohrer VHM TiAlN 5xD IK UNI','DIN6537 HB   7,10 mm','7,10',NULL,'5650.jpg',NULL,''),(1424,'5650 7.300',0,0,0,3,1,1,0,'Bohrer VHM TiAlN 5xD IK UNI','DIN6537 HB   7,30 mm','7,30',NULL,'5650.jpg',NULL,''),(1425,'5650 4.500',0,-2,0,3,1,1,0,'Bohrer VHM TiAlN 5xD IK UNI','DIN6537 HB   4,50mm','4,50',NULL,'5650.jpg',NULL,''),(1426,'WNMG 080404-PM RT250+',8,8,0,3,3,1,0,'P - fn = 0.1 - 0.3 mm/U\r vc = 120 - 269 m/min','undefined','',NULL,'wnmg-pm-rt250+.jpg',NULL,''),(1427,'5650 3.200',1,1,0,3,1,1,0,'Bohrer VHM TiAlN 5xD IK UNI','DIN6537 HB   3.20 mm','3,20',NULL,'5650.jpg',NULL,''),(1428,'6023 9.500',0,0,0,3,1,1,0,'Bohrer VHM TiAlN 3xD IK UNI','DIN6537 HB   9,50 mm','9,50',NULL,'6023.jpg',NULL,''),(1429,'6023 9.600',2,2,0,3,1,1,0,'Bohrer VHM TiAlN 3xD IK UNI','DIN6537 HB   9,60 mm','9,60',NULL,'6023.jpg',NULL,''),(1430,'6023 9.700',0,0,0,3,1,1,0,'Bohrer VHM TiAlN 3xD IK UNI','DIN6537 HB   9,70 mm','9,70',NULL,'6023.jpg',NULL,''),(1431,'6023 9.800',0,0,0,3,1,1,0,'Bohrer VHM TiAlN 3xD IK UNI','DIN6537 HB   9,80 mm','9,80',NULL,'6023.jpg',NULL,''),(1432,'6023 9.900',0,0,0,3,1,1,0,'Bohrer VHM TiAlN 3xD IK UNI','DIN6537 HB   9,90 mm','9,90',NULL,'6023.jpg',NULL,''),(1433,'5650 4.800',6,1,0,3,1,1,0,'Bohrer VHM TiAlN 5xD IK UNI','DIN6537 HB   4,80 mm','4,80',NULL,'5650.jpg',NULL,''),(1434,'5612 3.300',0,0,0,3,1,1,0,'Bohrer VHM TiAlN 7xD IK UNI','DIN6537 HA   3,30 mm','3,30',NULL,'5612.jpg',NULL,''),(1435,'5612 4.600',0,0,0,3,1,1,0,'Bohrer VHM TiAlN 7xD IK UNI','DIN6537 HA  4,60 mm','4,60',NULL,'5612.jpg',NULL,''),(1436,'5612 4.800',0,0,0,3,1,1,0,'Bohrer VHM TiAlN 7xD IK UNI','DIN6537 HA  4,80 mm','4,80',NULL,'5612.jpg',NULL,''),(1437,'5612 6.500',0,0,0,3,1,1,0,'Bohrer VHM TiAlN 7xD IK UNI','DIN6537 HA   6,50 mm','6,50',NULL,'5612.jpg',NULL,''),(1438,'5612 4.900',0,0,0,3,1,1,0,'Bohrer VHM TiAlN 7xD IK UNI','DIN6537 HA   4,90 mm','4,90',NULL,'5612.jpg',NULL,''),(1439,'12510004',0,0,0,3,1,1,0,'NC-Maschinen-Reibahle HSSE','Werksn.B    4,00 mm      BECK,DIN 212 BD  H7','4,00',NULL,'default.jpg',NULL,''),(1440,'12510002',0,0,0,3,1,1,0,'NC-Maschinen-Reibahle HSSE','Werksn.B    2,00mm      BECK,DIN 212 BD  H7','2,00',NULL,'default.jpg',NULL,''),(1441,'1251006',0,0,0,3,1,1,0,'NC-Maschinen-Reibahle HSSE','Werksn.B    6,00 mm      BECK,DIN 212 BD  H7','',NULL,'default.jpg',NULL,''),(1442,'6023 4.650',0,0,0,3,1,1,0,'Bohrer VHM TiAlN 3xD IK UNI','DIN6537 HB   4,65 mm','4,65',NULL,'6023.jpg',NULL,''),(1443,'5650 4.650',0,0,0,3,1,1,0,'Bohrer VHM TiAlN 5xD IK UNI','DIN6537 HB   4,65 mm','4,65',NULL,'6023.jpg',NULL,''),(1444,'5585 3.000',0,0,0,3,1,1,0,'Kugelfrser Z=2','R=1.50','1,50',NULL,'HM4.jpg',NULL,''),(1445,'492080 4/6K',8,8,0,2,10,1,0,'WIKUS Bi-Metall-Sgeband Marathon M42 endlos','3660x27x0,9 mm    4/6 ZpZ-K     ANR:526301-3.000','',NULL,'Bi-Metall-M42.jpg',NULL,''),(1446,'DCMT 11T308-MM 2220',8,8,0,3,1,1,0,'P- vc=400 (360-400)  ap=1.5 (0.3-3.2)  fn=0.15 (0.08-0.23)','K- vc=240 (275-205)  ap=1.5 (0.3-3.2)  fn=0.15 (0.08-0.23)','',NULL,'DCMT 11T308-MM.jpg',NULL,''),(1447,'6993 6.000',0,0,0,3,1,1,0,'Fasenfraeser Gedralt','D=6.0','6,00',NULL,'6993.jpg',NULL,''),(1448,'6993 8.000',0,0,0,3,1,1,0,'Fasenfraeser Gedralt','D=8.0','8,00',NULL,'6993.jpg',NULL,''),(1449,'6993 10.000',0,0,0,3,1,1,0,'Fasenfraeser Gedralt','D=10.0','10,00',NULL,'6993.jpg',NULL,''),(1450,'JMB21-63R04-HT32',0,0,0,3,1,1,0,'Eckfrser 90 Grad FP 63','HT20 - Guss R=0.4 fz=0.1 vc=260.','',NULL,'JMB21-63.jpg',NULL,''),(1451,'5573 1.200',0,0,0,3,1,1,0,'Mini Frser D=1.20 VA  UNI','Ls=2.0 Ln=3.9 Ds=3','1,20',NULL,'5573.jpg',NULL,''),(1452,'6809 1.500',0,0,0,3,1,1,0,'VHM Ratiofrser Mini UNI D=1.50','Ls=7.95 Ln=7.95 Z=3','1,50',NULL,'6809.jpg',NULL,''),(1453,'6479 5.000',0,0,0,3,1,1,0,'VHM Ratiofrser UNI D=5 SHARP','Ls=21 Ln=26 Z=4','5,00',NULL,'6479.jpg',NULL,''),(1454,'6479 4.000',0,0,0,3,1,1,0,'VHM Ratiofrser UNI D=4 SHARP','Ls=21 Ln=26 Z=4','4,00',NULL,'6479.jpg',NULL,''),(1455,'000000',0,0,0,0,0,0,0,'PLATZ HALTER','','',NULL,'default.jpg',NULL,''),(1456,'JMB17-75R10-HT30',0,0,0,2,10,1,0,'Eckfrser 90 Grad FP 75','HT30 - VA R=1.0 fz=0.10 vc=240.','',NULL,'JMB17-75.jpg',NULL,''),(1457,'RDMT 10T3M0-MM RT305H',0,0,0,3,1,1,0,'Rundeplatte','P=vc:90-230 fz:0,05-0,2 M=vc100-200  fz:0,05-0,2','',NULL,'rdmt-rt300.jpg',NULL,''),(1458,'6992 6.000',0,0,0,2,1,1,0,'Fasenfraeser Gedralt','D=6.0','6,00',NULL,'6992.jpg',NULL,''),(1459,'5598 2.500',2,0,0,3,1,1,0,'Gewindeformer VA M2,5 Normal ohne IK','3xD','2,50',NULL,'5598.jpg',NULL,''),(1460,'4636 4.000',0,0,0,3,1,1,0,'Gewindebohrer-Sackloch-VA-M4','ohne IK','4,00',NULL,'4636.jpg',NULL,''),(1461,'4219 10.005',2,1,0,3,1,1,0,'Feingewindebohrer-Durchgangsloch-Alu-M10x0.50','berlauf','10,00',NULL,'4219.jpg',NULL,''),(1462,'5505 6.000',0,0,0,3,1,1,0,'VHM Schaftfrser 6MM ','Ls=8  Ln=22 Z=3','6,00',NULL,'default.jpg',NULL,''),(1463,'5505 10.000',0,-1,0,3,1,1,0,'VHM Schaftfrser 10MM','LS=14 Ln=30 Z=3','10,00',NULL,'default.jpg',NULL,''),(1464,'6857 6.000',0,0,0,3,1,1,0,'VHM Ratiofrser UNI D=6','Ls=32 Ln=42 Z=5','6,00',NULL,'6857.jpg',NULL,''),(1465,'6857 8.000',0,0,0,3,1,1,0,'VHM Ratiofrser UNI D=8','Ls=32 Ln=42 Z=5','8,00',NULL,'6857.jpg',NULL,''),(1466,'6857 10.000',0,0,0,3,1,1,0,'VHM Ratiofrser UNI D=10','Ls=32 Ln=42 Z=5','10,00',NULL,'6857.jpg',NULL,''),(1467,'6857 12.000',0,0,0,3,1,1,0,'VHM Ratiofrser UNI D=12','Ls=32 Ln=42 Z=5','12,00',NULL,'6857.jpg',NULL,''),(1468,'6981 8.000',0,0,0,3,1,1,0,'VHM-Ratio Frser RF 100 AL mit IK','Werksnorm ','8,00',NULL,'6981.jpg',NULL,''),(1469,'VHM 389-06AL05',0,0,0,3,1,1,0,'VHM Schaftfrser abgesetzt Alu - extra Lang','D=06.00 L1=30.00 L2=35.00 Z=3','',NULL,'vhm389.jpg',NULL,''),(1470,'VHM 389-08AL05',0,0,0,3,1,1,0,'VHM Schaftfrser abgesetzt Alu - extra Lang','D=08.00 L1=12.00 L2=35.00 Z=3','',NULL,'vhm389.jpg',NULL,''),(1471,'VHM 389-12AL05',0,0,0,3,1,1,0,'VHM Schaftfrser abgesetzt Alu - extra Lang','D=12.00 L1=27.00 L2=51.00 Z=3','',NULL,'vhm389.jpg',NULL,''),(1472,'5505 3.000',0,0,0,3,1,1,0,'VHM Schaftfrser 3MM ','Ls=3  Ln=22 Z=3','',NULL,'default.jpg',NULL,''),(1473,'5505 4.000',0,0,0,3,1,1,0,'VHM Schaftfrser 4MM ','Ls=4  Ln=22 Z=3','',NULL,'default.jpg',NULL,''),(1474,'5505 5.000',0,0,0,3,1,1,0,'VHM Schaftfrser 5MM ','Ls=5  Ln=22 Z=3','',NULL,'default.jpg',NULL,''),(1475,'VHM 389-05AL05',0,0,0,3,1,1,0,'VHM Schaftfrser abgesetzt Alu - extra Lang','D=05.00 L1=12.00 L2=35.00 Z=3','',NULL,'vhm389.jpg',NULL,''),(1476,'6727 10.000',0,0,0,3,1,1,0,'HSC-Kopierfrser High','D=10.00 L1=10 L2=73','',NULL,'default.jpg',NULL,''),(1477,'6865 6.000',0,0,0,3,1,1,0,'VHM-Ratiofrser Uni Schlichten D=6',' LS=26 LN=39 Z=7','',NULL,'6865.jpg',NULL,''),(1478,'6865 10.000',0,0,0,3,1,1,0,'VHM-Ratiofrser Uni Schlichten D=10',' LS=26 LN=39 Z=7','',NULL,'6865.jpg',NULL,''),(1479,'5611 9.000',0,0,0,3,1,1,0,'VHM-Ratiobohrer mit IK 5xD','D=9.10 L1=71.00','',NULL,'default.jpg',NULL,''),(1480,'VHM 389-03 AL05',0,0,0,3,1,1,0,'VHM Schaftfrser abgesetzt Alu - extra Lang','D=03.00 L1=12.00 L2=35.00 Z=3','',NULL,'vhm389.jpg',NULL,''),(1481,'125500630',0,0,0,3,1,1,0,'Maschinen-Reibahle HSSE','DIN 212D    6,3 mm PRECITOOL,DIN 212 BD','',NULL,'default.jpg',NULL,''),(1482,'12510066',0,0,0,3,1,1,0,'NC-Maschinen-Reibahle HSSE','Werksn.B    6,60 mm      BECK,DIN 212 BD  H7','',NULL,'default.jpg',NULL,''),(1483,'6405 1.000',0,0,0,3,1,1,0,'VHM Kleinstbohrer mit IK 5xD','D=01.00 L=12.00 Ds=04.00','',NULL,'6405.jpg',NULL,''),(1484,'6405 1.100',2,2,0,3,1,1,0,'VHM Kleinstbohrer mit IK 5xD','D=01.10 L=12.00 Ds=04.00','',NULL,'6405.jpg',NULL,''),(1485,'6405 1.200',3,-2,0,3,1,1,0,'VHM Kleinstbohrer mit IK 5xD','D=01.20 L=12.00 Ds=04.00','',NULL,'6405.jpg',NULL,''),(1486,'6405 1.300',0,-1,0,3,1,1,0,'VHM Kleinstbohrer mit IK 5xD','D=01.30 L=12.00 Ds=04.00','',NULL,'6405.jpg',NULL,''),(1487,'6405 1.400',2,-2,0,3,1,1,0,'VHM Kleinstbohrer mit IK 5xD','D=01.40 L=12.00 Ds=04.00','',NULL,'6405.jpg',NULL,''),(1488,'6405 1.600',1,-2,0,3,1,1,0,'VHM Kleinstbohrer mit IK 5xD','D=01.60 L=12.00 Ds=04.00','',NULL,'6405.jpg',NULL,''),(1489,'6405 1.800',4,-2,0,3,1,1,0,'VHM Kleinstbohrer mit IK 5xD','D=01.80 L=12.00 Ds=04.00','',NULL,'6405.jpg',NULL,''),(1490,'6405 1.900',2,-2,0,3,1,1,0,'VHM Kleinstbohrer mit IK 5xD','D=01.90 L=12.00 Ds=04.00','',NULL,'6405.jpg',NULL,''),(1491,'6405 2.400',0,-1,0,3,1,1,0,'VHM Kleinstbohrer mit IK 5xD','D=02.40 L=16.00 Ds=04.00','',NULL,'6405.jpg',NULL,''),(1492,'6405 2.600',0,0,0,3,1,1,0,'VHM Kleinstbohrer mit IK 5xD','D=02.60 L=16.00 Ds=04.00','',NULL,'6405.jpg',NULL,''),(1493,'6405 2.700',0,0,0,3,1,1,0,'VHM Kleinstbohrer mit IK 5xD','D=02.70 L=16.00 Ds=04.00','',NULL,'6405.jpg',NULL,''),(1494,'6992 8.000',0,0,0,2,1,1,0,'Fasenfraeser Gedralt','D=8.0','8,00',NULL,'6992.jpg',NULL,''),(1495,'XXXASD',1,1,0,3,1,1,0,'WSP-Bohr-Drehwerkzeug','Plattengre 04','',NULL,'xcnt040104er.jpg',NULL,'FRITZ!Box 7690_qig_de_DE.pdf');
/*!40000 ALTER TABLE `item_objects` ENABLE KEYS */;
UNLOCK TABLES;

--
-- Table structure for table `item_rents`
--

DROP TABLE IF EXISTS `item_rents`;
/*!40101 SET @saved_cs_client     = @@character_set_client */;
/*!50503 SET character_set_client = utf8mb4 */;
CREATE TABLE `item_rents` (
  `rent_id` int NOT NULL AUTO_INCREMENT,
  `item_id` int DEFAULT NULL,
  `user_id` int DEFAULT NULL,
  `location_id` int DEFAULT NULL,
  `rent_quantity` int DEFAULT NULL,
  `machine_id` int DEFAULT NULL,
  `item_used` tinyint DEFAULT '0',
  `createdAt` datetime DEFAULT NULL,
  PRIMARY KEY (`rent_id`)
) ENGINE=InnoDB AUTO_INCREMENT=97 DEFAULT CHARSET=utf8mb4 COLLATE=utf8mb4_0900_ai_ci;
/*!40101 SET character_set_client = @saved_cs_client */;

--
-- Dumping data for table `item_rents`
--

LOCK TABLES `item_rents` WRITE;
/*!40000 ALTER TABLE `item_rents` DISABLE KEYS */;
INSERT INTO `item_rents` VALUES (7,1183,6,5917,1,18,0,'2024-08-27 11:14:14'),(35,1183,6,5917,3,18,0,'2024-10-16 11:18:15'),(38,1213,2,5900,1,20,0,'2024-10-17 08:49:25'),(39,833,6,5919,2,20,0,'2024-10-17 10:07:55'),(40,842,10,5684,1,19,0,'2024-10-17 10:10:33'),(41,1236,10,5716,1,19,0,'2024-10-17 10:38:29'),(42,842,10,5684,1,19,0,'2024-10-17 14:09:49'),(44,1134,10,5904,1,19,0,'2024-10-18 10:29:01'),(45,833,6,5919,2,20,0,'2024-10-21 09:47:19'),(47,1107,2,5747,1,18,0,'2024-10-23 14:36:39'),(48,1165,10,5888,4,19,0,'2024-10-25 08:25:45'),(49,1168,10,5913,1,19,0,'2024-10-25 11:20:15'),(50,746,6,5862,2,20,0,'2024-10-29 10:59:55'),(51,1165,10,5888,1,19,0,'2024-10-29 12:23:10'),(52,1183,10,5917,1,19,0,'2024-10-29 12:52:05'),(55,1133,6,5889,1,18,0,'2024-10-30 09:46:35'),(57,1167,10,5886,1,19,0,'2024-11-04 07:50:35'),(59,728,6,6178,1,18,0,'2024-11-06 09:31:34'),(61,1151,6,5923,2,20,0,'2024-11-07 12:54:51'),(62,412,5,8235,2,16,0,'2024-11-11 09:52:39'),(63,1135,6,5907,1,18,0,'2024-11-11 10:18:43'),(64,824,10,5850,1,19,0,'2024-11-13 09:17:19'),(65,1165,10,5888,1,19,0,'2024-11-13 09:45:02'),(66,1131,6,5887,1,18,0,'2024-11-13 12:14:07'),(67,1167,6,5886,1,18,0,'2024-11-14 09:19:57'),(68,1131,6,5887,1,18,0,'2024-11-14 10:43:31'),(69,1168,6,5913,1,18,0,'2024-11-14 10:46:10'),(70,749,6,5675,1,18,0,'2024-11-14 11:25:25'),(71,1348,10,7594,1,19,1,'2024-11-14 13:05:09'),(72,832,2,5737,2,20,0,'2024-11-14 14:32:21'),(73,754,2,5864,2,20,0,'2024-11-14 15:12:11'),(74,843,10,5736,4,19,0,'2024-11-15 08:22:28'),(75,1132,6,5896,1,18,0,'2024-11-18 08:11:05'),(76,1132,6,5896,1,18,0,'2024-11-18 11:23:42'),(77,1132,6,5896,2,18,0,'2024-11-18 12:50:18'),(78,1207,6,5953,1,18,0,'2024-11-18 14:59:25'),(79,1132,6,5896,2,18,0,'2024-11-19 09:16:33'),(83,1167,2,5886,1,20,0,'2024-11-21 12:00:22'),(84,56,10,7766,1,19,1,'2024-11-21 12:12:24'),(85,1214,6,5762,1,18,0,'2024-11-21 14:03:19'),(86,1169,10,5873,1,18,0,'2024-11-25 10:23:55'),(87,1131,10,5887,1,19,0,'2024-11-25 11:43:34'),(88,1131,10,5887,1,19,0,'2024-11-25 14:25:01'),(89,1168,10,5913,1,20,0,'2024-11-26 09:13:15'),(90,1132,6,5896,1,18,0,'2024-11-26 14:30:42'),(91,1132,6,5896,2,19,0,'2024-11-26 15:11:04'),(92,2,1,7163,1,10,1,'2025-01-03 15:53:19');
/*!40000 ALTER TABLE `item_rents` ENABLE KEYS */;
UNLOCK TABLES;

--
-- Table structure for table `item_subitem_relations`
--

DROP TABLE IF EXISTS `item_subitem_relations`;
/*!40101 SET @saved_cs_client     = @@character_set_client */;
/*!50503 SET character_set_client = utf8mb4 */;
CREATE TABLE `item_subitem_relations` (
  `item_id` int NOT NULL,
  `subitem_id` int NOT NULL,
  PRIMARY KEY (`item_id`,`subitem_id`)
) ENGINE=InnoDB DEFAULT CHARSET=utf8mb4 COLLATE=utf8mb4_0900_ai_ci;
/*!40101 SET character_set_client = @saved_cs_client */;

--
-- Dumping data for table `item_subitem_relations`
--

LOCK TABLES `item_subitem_relations` WRITE;
/*!40000 ALTER TABLE `item_subitem_relations` DISABLE KEYS */;
/*!40000 ALTER TABLE `item_subitem_relations` ENABLE KEYS */;
UNLOCK TABLES;

--
-- Table structure for table `item_vendor_relations`
--

DROP TABLE IF EXISTS `item_vendor_relations`;
/*!40101 SET @saved_cs_client     = @@character_set_client */;
/*!50503 SET character_set_client = utf8mb4 */;
CREATE TABLE `item_vendor_relations` (
  `item_id` int NOT NULL,
  `vendor_id` int DEFAULT NULL,
  `item_price` varchar(45) DEFAULT NULL,
  `currency_id` int DEFAULT NULL,
  PRIMARY KEY (`item_id`)
) ENGINE=InnoDB DEFAULT CHARSET=utf8mb4 COLLATE=utf8mb4_0900_ai_ci;
/*!40101 SET character_set_client = @saved_cs_client */;

--
-- Dumping data for table `item_vendor_relations`
--

LOCK TABLES `item_vendor_relations` WRITE;
/*!40000 ALTER TABLE `item_vendor_relations` DISABLE KEYS */;
INSERT INTO `item_vendor_relations` VALUES (2,12,'0',1),(3,12,'0',1),(4,12,'0',1),(5,12,'0',1),(6,12,'0',1),(7,12,'0',1),(8,12,'0',1),(9,12,'0',1),(10,12,'0',1),(11,12,'0',1),(13,12,'0',1),(14,12,'0',1),(15,12,'0',1),(16,12,'0',1),(17,12,'0',1),(18,12,'0',1),(19,12,'0',1),(20,12,'0',1),(21,12,'0',1),(22,12,'0',1),(23,12,'0',1),(24,12,'0',1),(25,12,'0',1),(26,12,'0',1),(27,12,'0',1),(28,12,'0',1),(29,12,'0',1),(30,12,'0',1),(31,12,'0',1),(32,12,'0',1),(33,12,'0',1),(34,12,'0',1),(35,12,'0',1),(36,12,'0',1),(37,12,'0',1),(38,12,'0',1),(39,12,'0',1),(40,12,'0',1),(41,12,'0',1),(42,12,'0',1),(43,12,'0',1),(44,12,'0',1),(45,12,'0',1),(46,12,'0',1),(47,12,'0,00',1),(48,12,'0',1),(49,12,'0',1),(50,12,'0',1),(51,12,'0',1),(52,5,'24,1',1),(53,5,'24,1',1),(54,5,'24,1',1),(55,5,'24,1',1),(56,5,'24,1',1),(57,5,'24,1',1),(58,5,'24,1',1),(59,5,'24,1',1),(60,5,'24,1',1),(61,5,'24,1',1),(62,5,'24,1',1),(63,5,'24,1',1),(64,5,'24,1',1),(65,5,'24,1',1),(66,5,'24,1',1),(67,5,'24,1',1),(68,5,'29,55',1),(69,12,'29,55',1),(70,5,'29,55',1),(71,5,'29,55',1),(72,5,'29,55',1),(73,5,'29,55',1),(74,5,'29,55',1),(75,5,'29,55',1),(76,5,'29,55',1),(77,5,'29,55',1),(78,5,'29,55',1),(79,5,'29,55',1),(80,5,'29,55',1),(81,5,'34,2',1),(82,5,'34,2',1),(83,5,'34,2',1),(84,5,'34,2',1),(85,5,'34,2',1),(86,5,'34,2',1),(87,5,'34,2',1),(88,5,'34,2',1),(89,5,'34,2',1),(90,5,'34,2',1),(91,5,'50,35',1),(92,5,'50,35',1),(93,5,'50,35',1),(94,5,'50,35',1),(95,5,'50,35',1),(96,5,'67,8',1),(97,5,'82,5',1),(98,5,'32,55',1),(99,5,'43,25',1),(100,5,'62,15',1),(101,12,'0',1),(102,5,'103,1',1),(103,5,'103,1',1),(104,5,'124,8',1),(105,5,'201,2',1),(106,5,'274,4',1),(107,12,'7,4',1),(108,12,'12,90',1),(109,12,'13,90',1),(110,12,'13,65',1),(111,12,'13,65',1),(112,12,'14,65',1),(113,12,'14,65',1),(114,5,'14,65',1),(115,5,'16,3',1),(116,5,'16,3',1),(117,12,'4,03',1),(118,12,'54,36',1),(119,12,'54,36',1),(120,12,'54,36',1),(121,12,'54,36',1),(122,12,'54,36',1),(123,12,'56,60',1),(124,12,'56,60',1),(125,12,'58,81',1),(126,12,'58,81',1),(127,12,'60,28',1),(128,12,'19',1),(129,12,'62,53',1),(130,12,'30,15',1),(131,12,'38,23',1),(132,12,'61,99',1),(133,12,'61,99',1),(134,12,'72,55',1),(135,12,'91,46',1),(136,12,'61,99',1),(137,12,'61,99',1),(138,12,'80',1),(139,12,'100',1),(140,12,'89,97',1),(141,12,'0',1),(142,12,'87,05',1),(143,12,'87,05',1),(144,12,'47,06',1),(145,12,'47,06',1),(146,12,'54,53',1),(147,12,'54,53',1),(148,12,'54,53',1),(149,12,'65,93',1),(150,12,'17,57',1),(151,12,'0',1),(152,12,'178,78',1),(153,12,'20',1),(154,12,'20',1),(155,12,'41,32',1),(156,12,'44,69',1),(157,12,'30,99',1),(158,12,'0',1),(159,5,'42,05',1),(160,5,'42,05',1),(161,5,'44,4',1),(162,5,'42,05',1),(163,5,'40,6',1),(164,5,'43,85',1),(165,5,'52,45',1),(166,5,'21,1',1),(167,5,'21,1',1),(168,5,'22,7',1),(169,5,'22,7',1),(170,5,'22,7',1),(171,5,'13,2',1),(172,5,'14,9',1),(173,5,'19',1),(174,5,'19,9',1),(175,5,'22,7',1),(176,5,'34,2',1),(177,5,'37,9',1),(178,5,'39,3',1),(179,5,'14,9',1),(180,5,'14,5',1),(181,5,'18,6',1),(182,5,'17,5',1),(183,5,'15,5',1),(184,5,'19,4',1),(185,5,'15,5',1),(186,5,'19,9',1),(187,5,'19,9',1),(188,5,'19,9',1),(189,5,'18,2',1),(190,5,'19,9',1),(191,5,'19,9',1),(192,5,'19,9',1),(193,5,'19,9',1),(194,5,'21,7',1),(195,5,'23,2',1),(196,5,'23,2',1),(197,5,'23,2',1),(198,5,'27,2',1),(199,5,'25,1',1),(200,5,'26,8',1),(201,5,'21',1),(202,5,'15,5',1),(203,5,'15,5',1),(204,5,'17,1',1),(205,5,'17,1',1),(206,5,'17,1',1),(207,5,'18,6',1),(208,5,'18,6',1),(209,5,'18,6',1),(210,5,'20,6',1),(211,5,'20,6',1),(212,5,'20,6',1),(213,5,'22,1',1),(214,5,'22,1',1),(215,5,'28',1),(216,5,'28',1),(217,5,'28',1),(218,5,'17,1',1),(219,12,'99,8',1),(220,5,'3,79',1),(221,5,'4,34',1),(222,5,'9,02',1),(223,5,'12,35',1),(224,5,'21,4',1),(225,5,'5,8',1),(226,5,'8,55',1),(227,5,'10,9',1),(228,5,'14,15',1),(229,5,'19,25',1),(230,5,'28,8',1),(231,5,'7,56',1),(232,5,'9,08',1),(233,5,'9,69',1),(234,5,'11,2',1),(235,12,'9,35',1),(236,5,'1,63',1),(237,5,'1,63',1),(238,5,'1,69',1),(239,5,'3,47',1),(240,12,'61,73',1),(241,12,'62,53',1),(242,12,'144,86',1),(243,4,'10',1),(244,4,'10',1),(245,4,'10',1),(246,4,'10',1),(247,4,'10',1),(248,4,'10',1),(249,4,'10',1),(250,4,'10',1),(251,4,'10',1),(252,12,'5',1),(253,12,'5',1),(254,12,'5',1),(255,12,'5',1),(256,12,'115,13',1),(257,12,'118,92',1),(258,12,'112,1',1),(259,12,'102,94',1),(260,12,'112,1',1),(261,12,'0',1),(262,12,'173,79',1),(263,12,'98,37',1),(264,12,'111,41',1),(265,12,'125,5',1),(266,12,'140,79',1),(267,12,'179,48',1),(268,12,'53,98',1),(269,12,'59,86',1),(270,12,'62,22',1),(271,12,'125,5',1),(272,12,'90,33',1),(277,4,'5',1),(278,4,'5',1),(279,4,'5',1),(280,4,'5',1),(281,4,'5',1),(282,4,'5',1),(283,4,'5',1),(284,4,'5',1),(285,4,'5',1),(286,4,'5',1),(287,4,'5',1),(288,4,'100',1),(289,4,'150',1),(290,4,'150',1),(291,4,'150',1),(292,4,'150',1),(293,4,'150',1),(294,4,'150',1),(295,4,'150',1),(296,4,'150',1),(297,4,'150',1),(298,4,'150',1),(299,4,'150',1),(300,4,'150',1),(301,4,'150',1),(302,4,'150',1),(303,4,'150',1),(304,4,'150',1),(305,4,'5',1),(306,4,'5',1),(307,4,'5',1),(308,4,'5',1),(309,4,'5',1),(310,4,'5',1),(311,4,'5',1),(312,4,'5',1),(313,4,'100',1),(314,4,'100',1),(315,4,'100',1),(316,4,'100',1),(317,4,'100',1),(318,12,'20,26',1),(319,0,'1',1),(320,0,'1',1),(321,0,'1',1),(322,0,'1',1),(323,0,'1',1),(324,12,'202',1),(325,12,'18,35',1),(326,12,'20,38',1),(327,12,'25,73',1),(328,12,'228',1),(330,12,'89,97',1),(331,12,'89,97',1),(332,5,'17,10',1),(333,5,'17,10',1),(334,5,'17,10',1),(335,5,'16,30',1),(336,5,'39,80',1),(337,5,'67,8',1),(338,5,'67,95',1),(339,5,'21,55',1),(340,12,'25',1),(341,12,'67,95',1),(342,12,'86,8',1),(343,5,'21,55',1),(344,0,'1',1),(345,0,'1',1),(346,0,'1',1),(347,12,'14,25',1),(348,12,'42,23',1),(349,12,'61,01',1),(350,12,'97,56',1),(351,12,'21,12',1),(352,12,'23,43',1),(353,12,'9,1',1),(354,12,'17,68',1),(355,12,'17,68',1),(356,14,'21,40',1),(357,14,'28,80',1),(358,14,'28,80',1),(359,12,'27,01',1),(360,12,'14,45',1),(361,12,'36',1),(362,12,'18,55',1),(363,12,'41,15',1),(364,12,'56,58',1),(365,12,'56,58',1),(366,12,'56,58',1),(367,12,'56,58',1),(368,12,'56,58',1),(369,12,'56,58',1),(370,12,'63,68',1),(371,12,'56,58',1),(372,14,'35',1),(373,14,'35',1),(374,14,'52',1),(377,12,'17,59',1),(378,12,'10,18',1),(379,12,'18,5',1),(380,12,'56,58',1),(381,12,'56,58',1),(382,12,'56,58',1),(385,12,'67',1),(386,12,'14,25',1),(387,12,'57,10',1),(388,12,'10,88',1),(389,12,'64,60',1),(390,12,'140,75',1),(392,12,'36',1),(393,12,'59,28',1),(394,12,'22,60',1),(395,12,'86,71',1),(396,0,'1',1),(397,14,'249',1),(398,14,'292',1),(399,0,'1',1),(400,4,'58',1),(401,4,'125,63',1),(402,4,'69,5',1),(404,12,'16,55',1),(405,12,'23,52',1),(406,12,'17,57',1),(407,12,'30,24',1),(408,12,'45,76',1),(409,12,'34,51',1),(410,12,'48,35',1),(411,4,'22,61',1),(412,12,'17,42',1),(413,12,'19,80',1),(414,12,'89,97',1),(416,4,'197,5',1),(417,4,'41',1),(418,4,'48,3',1),(419,12,'42,8',1),(420,4,'30',1),(421,4,'30',1),(422,4,'30',1),(423,4,'30',1),(424,12,'20',1),(425,12,'20',1),(426,12,'20',1),(427,12,'20',1),(428,12,'20',1),(429,12,'20',1),(430,12,'20',1),(431,12,'20',1),(432,12,'7,77',1),(433,5,'12,8',1),(434,5,'35,05',1),(435,14,'38,4',1),(436,14,'51',1),(437,14,'55',1),(438,14,'73',1),(439,14,'108',1),(440,0,'1',1),(441,0,'1',1),(442,12,'27,34',1),(443,12,'28,36',1),(444,12,'89,97',1),(445,12,'34,45',1),(446,5,'34,45',1),(447,5,'34,45',1),(448,12,'57,1',1),(449,12,'51,43',1),(450,12,'74,09',1),(452,12,'147',1),(453,4,'5',1),(454,4,'5',1),(455,4,'118,68',1),(456,4,'56,16',1),(457,4,'56,16',1),(458,4,'56,16',1),(459,4,'56,16',1),(460,4,'60',1),(461,4,'56,16',1),(462,4,'76,59',1),(463,4,'97,64',1),(464,4,'142,42',1),(465,4,'76,59',1),(466,4,'5',1),(467,4,'76,59',1),(468,4,'76,59',1),(469,4,'142,42',1),(470,4,'141,14',1),(471,4,'196,13',1),(472,6,'51,5',1),(473,6,'51,5',1),(474,4,'76,59',1),(475,4,'76,59',1),(476,12,'46',1),(477,12,'46',1),(478,12,'50',1),(519,13,'206,05',1),(520,13,'153',1),(525,0,'0',1),(548,0,'1',1),(549,4,'0',1),(550,4,'0',1),(551,4,'0',1),(552,4,'0',1),(553,4,'0',1),(554,4,'0',1),(561,13,'31,05',1),(562,13,'31,05',1),(563,13,'28,7',1),(564,13,'28,7',1),(565,13,'43,7',1),(566,13,'43,7',1),(567,13,'43,7',1),(568,13,'60,6',1),(569,13,'60,6',1),(570,13,'60,6',1),(571,13,'68,55',1),(572,13,'68,55',1),(573,13,'56,6',1),(574,4,'0',1),(575,4,'15,75',1),(576,13,'48,9',1),(579,13,'50',1),(580,14,'10',1),(581,14,'10',1),(582,14,'10',1),(583,14,'10',1),(584,14,'10',1),(587,4,'13,85',1),(588,4,'10',1),(589,4,'10',1),(590,12,'27',1),(591,0,'1',1),(592,0,'1',1),(593,0,'1',1),(594,0,'1',1),(595,0,'1',1),(596,6,'33,8',1),(597,6,'33,8',1),(598,12,'23,59',1),(599,12,'33,70',1),(600,6,'21,1',1),(601,12,'19,90',1),(602,6,'24,2',1),(603,12,'14',1),(604,6,'15,2',1),(605,6,'14,8',1),(606,12,'14',1),(608,12,'15,32',1),(609,12,'17,96',1),(610,12,'18,96',1),(612,12,'20,84',1),(613,12,'17,07',1),(614,6,'25,2',1),(615,12,'17,25',1),(616,6,'25,9',1),(617,6,'16,9',1),(618,12,'14,80',1),(619,6,'26,7',1),(620,6,'16,9',1),(621,6,'16,9',1),(622,6,'22,9',1),(623,6,'25,7',1),(624,6,'30,6',1),(625,6,'22,1',1),(626,12,'15,32',1),(627,6,'16',1),(628,6,'18,5',1),(629,12,'16,48',1),(630,6,'19,3',1),(631,12,'19,13',1),(632,6,'24,6',1),(633,6,'40,3',1),(634,6,'61,5',1),(635,6,'25,9',1),(636,6,'74',1),(637,6,'33,7',1),(638,6,'51,5',1),(639,6,'26,8',1),(640,6,'46,8',1),(641,6,'17,5',1),(642,6,'18',1),(643,6,'45,5',1),(644,6,'18,1',1),(645,6,'19,3',1),(646,6,'53',1),(647,6,'20,9',1),(648,12,'49,50',1),(649,12,'33,20',1),(650,12,'33,20',1),(651,12,'57',1),(652,12,'30,90',1),(653,12,'31,20',1),(654,12,'41,70',1),(655,12,'46,10',1),(656,12,'23',1),(657,12,'24,10',1),(658,12,'38,50',1),(659,12,'25,70',1),(660,12,'24,70',1),(661,6,'33',1),(662,6,'37,7',1),(663,6,'32,1',1),(664,6,'30,8',1),(665,12,'0',1),(666,0,'1',1),(667,0,'1',1),(668,0,'1',1),(669,0,'1',1),(670,0,'1',1),(671,0,'1',1),(672,0,'1',1),(673,0,'1',1),(674,0,'1',1),(675,0,'1',1),(676,0,'1',1),(677,0,'1',1),(678,0,'1',1),(679,0,'1',1),(680,0,'1',1),(681,0,'1',1),(682,6,'33,8',1),(683,6,'14',1),(684,5,'72,1',1),(685,12,'62,53',1),(686,12,'0',1),(687,5,'0',1),(688,6,'31,5',1),(689,6,'33,3',1),(690,6,'37,7',1),(691,6,'45',1),(692,6,'33,3',1),(693,6,'39,1',1),(694,6,'48,1',1),(695,6,'37,7',1),(696,6,'36,2',1),(697,0,'1',1),(698,0,'1',1),(699,6,'26,6',1),(700,6,'30,8',1),(701,6,'51,5',1),(702,0,'1',1),(703,0,'1',1),(704,0,'1',1),(705,0,'1',1),(706,0,'1',1),(707,0,'1',1),(708,12,'81,6',1),(709,12,'60,85',1),(710,5,'8,86',1),(711,5,'10,3',1),(712,5,'11,45',1),(713,5,'9,98',1),(714,5,'9,98',1),(715,5,'11,45',1),(716,5,'11,25',1),(717,5,'9,98',1),(719,4,'10',1),(720,4,'10',1),(721,4,'10',1),(722,5,'11,75',1),(723,5,'15,75',1),(725,4,'10',1),(726,4,'10',1),(727,4,'10',1),(728,4,'10',1),(729,4,'10',1),(730,4,'10',1),(731,4,'10',1),(732,4,'10',1),(733,4,'10',1),(734,4,'10',1),(735,4,'10',1),(736,4,'10',1),(737,4,'15,75',1),(738,13,'27,6',1),(739,13,'27,75',1),(740,13,'26,8',1),(741,13,'27,6',1),(742,13,'50',1),(743,4,'11,20',1),(744,4,'11,20',1),(745,4,'11,20',1),(746,4,'11,20',1),(747,4,'11,20',1),(748,4,'11,20',1),(749,4,'20',1),(750,4,'20',1),(751,4,'20',1),(752,4,'20',1),(753,4,'20',1),(754,4,'11,20',1),(755,4,'11,20',1),(756,4,'11,20',1),(757,4,'20',1),(758,4,'20',1),(759,4,'20',1),(760,4,'20',1),(761,4,'20',1),(762,4,'11,20',1),(763,4,'20',1),(764,4,'11,20',1),(765,4,'11,20',1),(766,4,'11,20',1),(767,4,'11,20',1),(768,4,'11,20',1),(769,4,'20',1),(770,4,'20',1),(771,4,'20',1),(772,4,'20',1),(773,4,'11,20',1),(774,4,'11,20',1),(775,4,'11,20',1),(776,4,'20',1),(777,4,'20',1),(778,4,'20',1),(779,4,'15,20',1),(780,4,'12',1),(781,4,'11,50',1),(782,4,'17',1),(783,4,'15,75',1),(786,5,'14,65',1),(787,5,'15,25',1),(788,4,'10',1),(789,4,'10',1),(790,4,'10',1),(791,4,'10',1),(792,4,'10',1),(793,4,'10',1),(799,5,'11,65',1),(800,4,'2,55',1),(801,4,'11,35',1),(802,4,'11,35',1),(803,4,'15,75',1),(805,13,'20,40',1),(806,13,'20,4',1),(807,13,'50',1),(808,13,'0',1),(809,4,'50',1),(810,4,'50',1),(811,4,'11,50',1),(812,4,'11,50',1),(813,4,'50',1),(814,0,'1',1),(815,0,'1',1),(816,0,'1',1),(817,0,'1',1),(818,0,'1',1),(819,13,'42,85',1),(820,13,'42,85',1),(821,13,'50',1),(822,13,'50',1),(823,4,'50',1),(824,4,'12,20',1),(825,4,'12,20',1),(827,12,'111',1),(828,12,'111',1),(829,13,'50',1),(830,13,'50',1),(831,4,'19,30',1),(832,13,'30,6',1),(833,12,'60',1),(834,4,'30',1),(835,4,'30',1),(836,4,'30',1),(837,4,'30',1),(838,13,'88,75',1),(839,4,'10',1),(840,4,'10',1),(841,4,'10',1),(842,4,'10',1),(843,4,'10',1),(845,4,'10',1),(846,4,'15,75',1),(847,4,'50',1),(848,4,'50',1),(849,14,'168',1),(850,14,'168',1),(851,14,'1030',1),(852,14,'121',1),(853,14,'1510',1),(854,14,'158',1),(855,14,'158',1),(856,14,'198',1),(857,13,'109,7',1),(858,12,'111',1),(859,4,'0',1),(860,4,'17',1),(861,4,'50',1),(862,4,'50',1),(863,4,'12,20',1),(864,4,'12,20',1),(865,4,'50',1),(866,4,'50',1),(867,4,'30',1),(868,4,'27',1),(1031,0,'1',1),(1034,0,'1',1),(1036,0,'1',1),(1037,0,'1',1),(1038,0,'1',1),(1039,0,'1',1),(1040,0,'1',1),(1041,0,'1',1),(1042,0,'1',1),(1043,0,'1',1),(1044,0,'1',1),(1045,0,'1',1),(1046,0,'1',1),(1047,5,'68,99',1),(1048,0,'1',1),(1049,0,'1',1),(1050,0,'1',1),(1051,5,'20',1),(1052,5,'24',1),(1053,5,'21,7',1),(1054,5,'23,05',1),(1055,5,'22,6',1),(1056,5,'25,85',1),(1057,12,'41,5',1),(1058,4,'70,8',1),(1059,4,'70,8',1),(1060,4,'70,8',1),(1061,4,'41,5',1),(1062,4,'42,8',1),(1063,4,'42,8',1),(1064,4,'45',1),(1065,4,'50,5',1),(1066,4,'50,5',1),(1067,4,'50,5',1),(1068,5,'21',1),(1069,5,'1,67',1),(1070,5,'5,13',1),(1071,5,'62',1),(1072,0,'1',1),(1073,0,'1',1),(1074,0,'1',1),(1075,0,'1',1),(1076,0,'1',1),(1077,0,'1',1),(1078,0,'1',1),(1079,0,'1',1),(1080,0,'1',1),(1081,0,'1',1),(1082,0,'1',1),(1083,0,'1',1),(1084,0,'1',1),(1085,0,'1',1),(1086,0,'1',1),(1087,0,'1',1),(1088,0,'1',1),(1089,0,'1',1),(1090,0,'1',1),(1091,0,'1',1),(1092,0,'1',1),(1093,0,'1',1),(1094,0,'1',1),(1095,0,'1',1),(1096,0,'1',1),(1097,0,'1',1),(1098,0,'1',1),(1099,0,'1',1),(1100,0,'1',1),(1101,0,'1',1),(1102,0,'1',1),(1105,5,'11,75',1),(1106,12,'21,58',1),(1107,12,'16,7',1),(1108,12,'16,70',1),(1109,4,'10',1),(1110,5,'0',1),(1111,5,'0',1),(1112,5,'10',1),(1113,17,'43,40',1),(1114,17,'33,60',1),(1118,12,'undefined',1),(1119,3,'119',1),(1120,12,'undefined',1),(1121,12,'undefined',1),(1122,4,'undefined',1),(1123,12,'undefined',1),(1124,12,'30',1),(1125,4,'undefined',1),(1127,12,'0',1),(1128,5,'undefined',1),(1130,3,'11',1),(1131,5,'32',1),(1132,5,'0',1),(1133,5,'0',1),(1134,4,'0',1),(1135,4,'0',1),(1136,3,'undefined',1),(1137,6,'29,6',1),(1138,4,'0',1),(1139,5,'undefined',1),(1153,4,'0',1),(1154,12,'undefined',1),(1155,12,'27,37',1),(1156,12,'25,20',1),(1157,12,'28,85',1),(1158,12,'0',1),(1159,12,'22,29',1),(1161,12,'17',1),(1165,5,'11,50',1),(1166,5,'11',1),(1167,5,'0',1),(1168,5,'11',1),(1170,12,'20,43',1),(1172,12,'0',1),(1173,5,'0',1),(1174,5,'10',1),(1178,5,'0',1),(1183,5,'10,65',1),(1184,12,'undefined',1),(1185,4,'12,50',1),(1186,13,'42,85',1),(1187,4,'17',1),(1188,4,'11,20',1),(1189,13,'0',1),(1191,13,'42,85',1),(1192,4,'50',1),(1193,13,'27,07',1),(1195,4,'11,20',1),(1196,5,'8,86',1),(1197,4,'10',1),(1198,5,'11,45',1),(1199,4,'50',1),(1200,12,'0',1),(1201,12,'0',1),(1202,12,'undefined',1),(1203,4,'0',1),(1204,4,'0',1),(1205,4,'8,50',1),(1206,4,'0',1),(1207,4,'50',1),(1209,12,'0',1),(1210,12,'13,10',1),(1211,4,'50',1),(1212,12,'0',1),(1213,12,'0',1),(1214,5,'0',1),(1215,12,'0',1),(1216,4,'10',1),(1217,12,'0',1),(1218,12,'undefined',1),(1219,12,'0',1),(1220,12,'26,92',1),(1221,12,'0',1),(1222,12,'0',1),(1225,12,'41,32',1),(1226,12,'0',1),(1227,12,'0',1),(1228,13,'27,07',1),(1229,5,'10,3',1),(1230,4,'10',1),(1231,12,'23,15',1),(1234,13,'26,8',1),(1235,13,'42,85',1),(1236,13,'20,4',1),(1237,13,'88,75',1),(1238,5,'35',1),(1239,5,'11,75',1),(1240,5,'0',1),(1241,4,'17',1),(1242,13,'50',1),(1243,4,'17',1),(1244,12,'58,81',1),(1245,12,'53,04',1),(1246,12,'67,07',1),(1247,12,'79,85',1),(1248,12,'36,28',1),(1249,12,'38,96',1),(1250,12,'47,70',1),(1251,12,'96,70',1),(1252,12,'63,98',1),(1253,12,'92,43',1),(1254,12,'127,10',1),(1255,12,'32,01',1),(1256,12,'34,56',1),(1257,12,'45,19',1),(1258,12,'17,37',1),(1259,12,'24,02',1),(1260,12,'35,32',1),(1261,12,'15,35',1),(1262,12,'14,17',1),(1263,12,'14,17',1),(1264,12,'37,02',1),(1265,12,'72,55',1),(1266,12,'93,70',1),(1267,12,'28,49',1),(1268,12,'28,49',1),(1269,12,'58,32',1),(1270,12,'74,81',1),(1271,12,'63,60',1),(1272,12,'49,59',1),(1273,12,'33,14',1),(1274,12,'24,23',1),(1275,12,'24,23',1),(1276,12,'24,23',1),(1277,12,'24,23',1),(1278,12,'54,47',1),(1279,12,'66,57',1),(1280,12,'30,27',1),(1281,12,'42,37',1),(1282,12,'62,53',1),(1283,12,'21,49',1),(1284,12,'16,84',1),(1286,12,'51,79',1),(1287,12,'60,63',1),(1288,12,'35,35',1),(1289,12,'41,06',1),(1290,12,'34,73',1),(1291,12,'26,22',1),(1292,12,'14,69',1),(1293,12,'21,03',1),(1294,12,'21,03',1),(1295,12,'21,88',1),(1296,12,'25,67',1),(1297,12,'31,60',1),(1298,12,'15,58',1),(1299,12,'16,21',1),(1300,12,'24,18',1),(1301,12,'28,30',1),(1302,12,'34,50',1),(1303,12,'40,43',1),(1304,12,'76,21',1),(1305,12,'69,86',1),(1306,12,'90,08',1),(1307,12,'9,60',1),(1308,12,'13,29',1),(1309,12,'13,79',1),(1310,12,'16,10',1),(1311,12,'18,00',1),(1312,12,'20,63',1),(1313,12,'26,82',1),(1314,12,'30,86',1),(1315,12,'23,06',1),(1316,12,'20,14',1),(1317,12,'21,49',1),(1318,12,'36,46',1),(1319,12,'43,14',1),(1320,12,'0,00',1),(1323,12,'30',1),(1324,12,'30',1),(1325,12,'0',1),(1326,12,'0',1),(1327,12,'0',1),(1328,12,'0',1),(1329,12,'0',1),(1330,12,'0',1),(1331,12,'0',1),(1332,12,'0',1),(1333,12,'0',1),(1334,12,'0',1),(1335,12,'34,51',1),(1336,12,'178,78',1),(1337,12,'0',1),(1339,4,'11,50',1),(1340,12,'0',1),(1341,12,'0',1),(1342,12,'0',1),(1343,12,'0',1),(1344,12,'0',1),(1345,12,'0',1),(1346,12,'0',1),(1347,12,'14,25',1),(1348,12,'29,55',1),(1349,12,'29,55',1),(1350,4,'0',1),(1351,12,'0',1),(1352,12,'0',1),(1353,12,'0',1),(1354,12,'0',1),(1355,12,'0',1),(1356,12,'0',1),(1357,12,'0',1),(1358,12,'0',1),(1359,12,'0',1),(1360,12,'0',1),(1361,12,'0',1),(1362,12,'0',1),(1363,12,'0',1),(1364,12,'0',1),(1365,12,'0',1),(1366,12,'0',1),(1367,12,'0',1),(1368,12,'0',1),(1369,12,'0',1),(1370,12,'0',1),(1371,12,'0',1),(1372,12,'0',1),(1373,12,'0',1),(1374,12,'0',1),(1375,12,'0',1),(1376,12,'0',1),(1377,12,'0',1),(1378,12,'0',1),(1379,12,'0',1),(1380,12,'0',1),(1381,12,'0',1),(1382,12,'0',1),(1383,12,'0',1),(1384,12,'0',1),(1385,12,'0',1),(1386,12,'0',1),(1387,12,'0',1),(1388,12,'0',1),(1389,12,'0',1),(1390,12,'0',1),(1391,12,'0',1),(1392,12,'0',1),(1393,12,'0',1),(1394,12,'0',1),(1395,12,'0',1),(1396,12,'0',1),(1397,12,'0,00',1),(1398,12,'0',1),(1399,12,'0',1),(1400,12,'0',1),(1401,12,'0,00',1),(1402,12,'0,00',1),(1403,12,'0',1),(1404,12,'0',1),(1405,12,'0',1),(1406,12,'0',1),(1407,12,'0',1),(1408,12,'0,00',1),(1409,12,'0,00',1),(1410,12,'0,00',1),(1411,12,'0,00',1),(1412,12,'0,00',1),(1413,12,'0,00',1),(1414,12,'0,00',1),(1415,12,'0',1),(1416,12,'0,00',1),(1417,12,'0,00',1),(1418,12,'0,00',1),(1419,12,'0,00',1),(1420,12,'0,00',1),(1421,12,'0,00',1),(1422,12,'0,00',1),(1423,12,'0,00',1),(1424,12,'0,00',1),(1425,12,'0,00',1),(1426,5,'03,90',1),(1427,12,'29,55',1),(1428,12,'0',1),(1429,12,'0',1),(1430,12,'0',1),(1431,12,'0',1),(1432,12,'0',1),(1433,12,'29,55',1),(1434,12,'0',1),(1435,12,'0',1),(1436,12,'0',1),(1437,12,'0',1),(1438,12,'0',1),(1439,5,'15,5',1),(1440,5,'14,5',1),(1441,5,'13,2',1),(1442,12,'0',1),(1443,12,'0',1),(1444,12,'17,42',1),(1445,5,'68,99',1),(1446,5,'11',1),(1447,12,'0',1),(1448,12,'0',1),(1449,12,'0',1),(1450,9,'0',1),(1451,12,'0',1),(1452,12,'56,58',1),(1453,12,'56,58',1),(1454,12,'56,58',1),(1456,9,'0',1),(1457,4,'0',1),(1458,12,'0',1),(1459,12,'23,06',1),(1460,12,'51,79',1),(1461,12,'49,50',1),(1462,12,'25',1),(1463,12,'67,95',1),(1464,12,'56,58',1),(1465,12,'56,58',1),(1466,12,'56,58',1),(1467,12,'56,58',1),(1468,12,'63,98',1),(1469,12,'56,58',1),(1470,12,'56,58',1),(1471,12,'56,58',1),(1472,12,'25',1),(1473,12,'25',1),(1474,12,'25',1),(1475,12,'56,58',1),(1476,12,'202',1),(1477,12,'36',1),(1478,12,'36',1),(1479,12,'44,69',1),(1480,12,'56,58',1),(1481,5,'21,1',1),(1482,5,'13,2',1),(1483,12,'54,36',1),(1484,12,'54,36',1),(1485,12,'54,36',1),(1486,12,'54,36',1),(1487,12,'54,36',1),(1488,12,'54,36',1),(1489,12,'54,36',1),(1490,12,'54,36',1),(1491,12,'58,81',1),(1492,12,'58,81',1),(1493,12,'58,81',1),(1494,12,'0',1),(1495,4,'10',1);
/*!40000 ALTER TABLE `item_vendor_relations` ENABLE KEYS */;
UNLOCK TABLES;

--
-- Table structure for table `location_objects`
--

DROP TABLE IF EXISTS `location_objects`;
/*!40101 SET @saved_cs_client     = @@character_set_client */;
/*!50503 SET character_set_client = utf8mb4 */;
CREATE TABLE `location_objects` (
  `location_id` int NOT NULL AUTO_INCREMENT,
  `location_name` varchar(45) DEFAULT NULL,
  `location_size` varchar(45) DEFAULT NULL,
  `location_quantity` varchar(45) DEFAULT NULL,
  `item_used` tinyint DEFAULT NULL,
  `item_constructed` tinyint DEFAULT NULL,
  PRIMARY KEY (`location_id`)
) ENGINE=InnoDB AUTO_INCREMENT=3859 DEFAULT CHARSET=utf8mb4 COLLATE=utf8mb4_0900_ai_ci;
/*!40101 SET character_set_client = @saved_cs_client */;

--
-- Dumping data for table `location_objects`
--

LOCK TABLES `location_objects` WRITE;
/*!40000 ALTER TABLE `location_objects` DISABLE KEYS */;
/*!40000 ALTER TABLE `location_objects` ENABLE KEYS */;
UNLOCK TABLES;

--
-- Table structure for table `log_action_names`
--

DROP TABLE IF EXISTS `log_action_names`;
/*!40101 SET @saved_cs_client     = @@character_set_client */;
/*!50503 SET character_set_client = utf8mb4 */;
CREATE TABLE `log_action_names` (
  `action_id` int NOT NULL,
  `name_DE` varchar(45) DEFAULT NULL,
  `name_EN` varchar(45) DEFAULT NULL,
  PRIMARY KEY (`action_id`)
) ENGINE=InnoDB DEFAULT CHARSET=utf8mb4 COLLATE=utf8mb4_0900_ai_ci;
/*!40101 SET character_set_client = @saved_cs_client */;

--
-- Dumping data for table `log_action_names`
--

LOCK TABLES `log_action_names` WRITE;
/*!40000 ALTER TABLE `log_action_names` DISABLE KEYS */;
INSERT INTO `log_action_names` VALUES (1,'ENTNAHME','RENT'),(2,'RCKGABE','RETURN'),(3,'UMBUCHUNG','REBOOK'),(4,'EINLAGERN','STOCKUP'),(5,'STORNO','CANCLE'),(6,'LSCHUNG','DELETE'),(7,'HISTORIE','HISTORY'),(8,'UMBUCHUNG GRUPPE','REBOOK GROUP'),(9,'WARENEINGANG','INCOME'),(10,'STORNIERUNG','CANCELATION'),(11,'UMBUCHUNG MASCHINE','REBOOK MACHINE');
/*!40000 ALTER TABLE `log_action_names` ENABLE KEYS */;
UNLOCK TABLES;

--
-- Table structure for table `machines`
--

DROP TABLE IF EXISTS `machines`;
/*!40101 SET @saved_cs_client     = @@character_set_client */;
/*!50503 SET character_set_client = utf8mb4 */;
CREATE TABLE `machines` (
  `machine_id` int NOT NULL AUTO_INCREMENT,
  `name` varchar(45) DEFAULT NULL,
  `machine_group_index` varchar(45) DEFAULT NULL,
  `machine_magazine_size` int DEFAULT NULL,
  `machine_max_items` int DEFAULT NULL,
  PRIMARY KEY (`machine_id`)
) ENGINE=InnoDB AUTO_INCREMENT=22 DEFAULT CHARSET=utf8mb4 COLLATE=utf8mb4_0900_ai_ci;
/*!40101 SET character_set_client = @saved_cs_client */;

--
-- Dumping data for table `machines`
--

LOCK TABLES `machines` WRITE;
/*!40000 ALTER TABLE `machines` DISABLE KEYS */;
INSERT INTO `machines` VALUES (10,'Fanuc 1','Frsen',21,30),(11,'Fanuc 2','Frsen',21,30),(12,'Fanuc 3L','Frsen',21,30),(13,'Fanuc 4L','Frsen',31,30),(14,'Kia 3','Frsen',24,40),(15,'Kia 4','Frsen',24,40),(16,'Vesta 1','Frsen',30,50),(17,'Vesta 2','Frsen',30,50),(18,'Cutex 160','Drehen',12,20),(19,'Cutx 180','Drehen',24,40),(20,'Hi-Tech 200','Drehen',12,20),(21,'Sge','Manuel',1,1);
/*!40000 ALTER TABLE `machines` ENABLE KEYS */;
UNLOCK TABLES;

--
-- Table structure for table `measuring_equip_auditor_objects`
--

DROP TABLE IF EXISTS `measuring_equip_auditor_objects`;
/*!40101 SET @saved_cs_client     = @@character_set_client */;
/*!50503 SET character_set_client = utf8mb4 */;
CREATE TABLE `measuring_equip_auditor_objects` (
  `auditor_id` int NOT NULL AUTO_INCREMENT,
  `auditor_name` varchar(255) DEFAULT NULL,
  `auditor_address` varchar(255) DEFAULT NULL,
  `auditor_city` varchar(255) DEFAULT NULL,
  `auditor_postcode` varchar(255) DEFAULT NULL,
  `auditor_phone` varchar(255) DEFAULT NULL,
  `auditor_mail` varchar(255) DEFAULT NULL,
  `auditor_website` varchar(255) DEFAULT NULL,
  `auditor_person` varchar(255) DEFAULT NULL,
  PRIMARY KEY (`auditor_id`)
) ENGINE=InnoDB AUTO_INCREMENT=2 DEFAULT CHARSET=utf8mb4 COLLATE=utf8mb4_0900_ai_ci;
/*!40101 SET character_set_client = @saved_cs_client */;

--
-- Dumping data for table `measuring_equip_auditor_objects`
--

LOCK TABLES `measuring_equip_auditor_objects` WRITE;
/*!40000 ALTER TABLE `measuring_equip_auditor_objects` DISABLE KEYS */;
INSERT INTO `measuring_equip_auditor_objects` VALUES (1,'Messmittelprfer Unternehmen XYZ','Musterstrae 1','Musterstadt','22222','012345678','muster@test.de','www.x-z-prfer.de','asd');
/*!40000 ALTER TABLE `measuring_equip_auditor_objects` ENABLE KEYS */;
UNLOCK TABLES;

--
-- Table structure for table `measuring_equip_history`
--

DROP TABLE IF EXISTS `measuring_equip_history`;
/*!40101 SET @saved_cs_client     = @@character_set_client */;
/*!50503 SET character_set_client = utf8mb4 */;
CREATE TABLE `measuring_equip_history` (
  `measuring_equip_history_id` int NOT NULL AUTO_INCREMENT,
  `measuring_equip_history_itemID` int DEFAULT NULL,
  `measuring_equip_history_auditDate` datetime DEFAULT NULL,
  `measuring_equip_history_auditor_id` int DEFAULT NULL,
  `measuring_equip_history_auditorPersonName` varchar(255) DEFAULT NULL,
  `measuring_equip_history_status` varchar(45) DEFAULT NULL,
  `measuring_equip_history_remark` varchar(255) DEFAULT NULL,
  `measuring_equip_history_protocol` varchar(255) DEFAULT NULL,
  `measuring_equip_history_documentation` varchar(255) DEFAULT NULL,
  PRIMARY KEY (`measuring_equip_history_id`)
) ENGINE=InnoDB AUTO_INCREMENT=6 DEFAULT CHARSET=utf8mb4 COLLATE=utf8mb4_0900_ai_ci;
/*!40101 SET character_set_client = @saved_cs_client */;

--
-- Dumping data for table `measuring_equip_history`
--

LOCK TABLES `measuring_equip_history` WRITE;
/*!40000 ALTER TABLE `measuring_equip_history` DISABLE KEYS */;
INSERT INTO `measuring_equip_history` VALUES (3,3,'2025-01-16 00:00:00',1,'sdf','Geprft',NULL,'NW_40026100003028_15_01_2025_09_25.pdf',NULL),(5,3,'2025-01-31 00:00:00',1,'gdfg','Reperatur',NULL,'MesstechnikAllgemeineGrundlagen_15_01_2025_09_26.pdf',NULL);
/*!40000 ALTER TABLE `measuring_equip_history` ENABLE KEYS */;
UNLOCK TABLES;

--
-- Table structure for table `measuring_equip_location_relations`
--

DROP TABLE IF EXISTS `measuring_equip_location_relations`;
/*!40101 SET @saved_cs_client     = @@character_set_client */;
/*!50503 SET character_set_client = utf8mb4 */;
CREATE TABLE `measuring_equip_location_relations` (
  `location_id` int NOT NULL,
  `measuring_equip_id` int DEFAULT NULL,
  `is_rented` tinyint DEFAULT NULL,
  PRIMARY KEY (`location_id`)
) ENGINE=InnoDB DEFAULT CHARSET=utf8mb4 COLLATE=utf8mb4_0900_ai_ci;
/*!40101 SET character_set_client = @saved_cs_client */;

--
-- Dumping data for table `measuring_equip_location_relations`
--

LOCK TABLES `measuring_equip_location_relations` WRITE;
/*!40000 ALTER TABLE `measuring_equip_location_relations` DISABLE KEYS */;
/*!40000 ALTER TABLE `measuring_equip_location_relations` ENABLE KEYS */;
UNLOCK TABLES;

--
-- Table structure for table `measuring_equip_locations`
--

DROP TABLE IF EXISTS `measuring_equip_locations`;
/*!40101 SET @saved_cs_client     = @@character_set_client */;
/*!50503 SET character_set_client = utf8mb4 */;
CREATE TABLE `measuring_equip_locations` (
  `mlocation_id` int NOT NULL AUTO_INCREMENT,
  `mlocation_name` varchar(255) DEFAULT NULL,
  `mlocation_itemID` int DEFAULT NULL,
  `mlocation_isRented` tinyint DEFAULT NULL,
  `mlocation_rentedUserID` int DEFAULT NULL,
  PRIMARY KEY (`mlocation_id`)
) ENGINE=InnoDB AUTO_INCREMENT=6 DEFAULT CHARSET=utf8mb4 COLLATE=utf8mb4_0900_ai_ci;
/*!40101 SET character_set_client = @saved_cs_client */;

--
-- Dumping data for table `measuring_equip_locations`
--

LOCK TABLES `measuring_equip_locations` WRITE;
/*!40000 ALTER TABLE `measuring_equip_locations` DISABLE KEYS */;
INSERT INTO `measuring_equip_locations` VALUES (2,'L01-MM',3,1,1),(3,'ASd',5,1,1),(4,'FDS',4,1,1),(5,'GDS',2,1,1);
/*!40000 ALTER TABLE `measuring_equip_locations` ENABLE KEYS */;
UNLOCK TABLES;

--
-- Table structure for table `measuring_equip_objects`
--

DROP TABLE IF EXISTS `measuring_equip_objects`;
/*!40101 SET @saved_cs_client     = @@character_set_client */;
/*!50503 SET character_set_client = utf8mb4 */;
CREATE TABLE `measuring_equip_objects` (
  `measuring_equip_id` int NOT NULL AUTO_INCREMENT,
  `measuring_equip_name` varchar(255) DEFAULT NULL,
  `measuring_equip_serialnumber` varchar(255) DEFAULT NULL,
  `measuring_equip_cycle` varchar(255) DEFAULT NULL,
  `measuring_equip_remark` varchar(255) DEFAULT NULL,
  `measuring_equip_status` varchar(45) DEFAULT NULL,
  `measuring_equip_auditor_id` int DEFAULT NULL,
  `measuring_equip_dateOfAcquisition` datetime DEFAULT NULL,
  `measuring_equip_lastCheckUp` datetime DEFAULT NULL,
  `measuring_equip_image` varchar(255) DEFAULT NULL,
  `measuring_equip_documentation` varchar(255) DEFAULT NULL,
  PRIMARY KEY (`measuring_equip_id`)
) ENGINE=InnoDB AUTO_INCREMENT=6 DEFAULT CHARSET=utf8mb4 COLLATE=utf8mb4_0900_ai_ci;
/*!40101 SET character_set_client = @saved_cs_client */;

--
-- Dumping data for table `measuring_equip_objects`
--

LOCK TABLES `measuring_equip_objects` WRITE;
/*!40000 ALTER TABLE `measuring_equip_objects` DISABLE KEYS */;
INSERT INTO `measuring_equip_objects` VALUES (2,'Messchieber 01','XX01233920','12','TL = +- 0,001','Geprft',1,'2012-10-12 00:00:00','2025-01-11 00:00:00','2108_2-324x324.jpg','MesstechnikAllgemeineGrundlagen.pdf'),(3,'TEST MESSMITTEL','XX921384239','4','TEST TEST','Reperatur',1,'2025-01-08 00:00:00','2025-01-31 00:00:00','Screenshot 2024-12-21 170703.png','MesstechnikAllgemeineGrundlagen.pdf'),(4,'asd','asd','2','asd','Geprft',1,'2025-01-02 00:00:00','2025-01-08 00:00:00','','MesstechnikAllgemeineGrundlagen.pdf'),(5,'sdf','sdf','23','sdf','Nicht geprft',1,'2025-01-03 00:00:00',NULL,'','');
/*!40000 ALTER TABLE `measuring_equip_objects` ENABLE KEYS */;
UNLOCK TABLES;

--
-- Table structure for table `order_item_relations`
--

DROP TABLE IF EXISTS `order_item_relations`;
/*!40101 SET @saved_cs_client     = @@character_set_client */;
/*!50503 SET character_set_client = utf8mb4 */;
CREATE TABLE `order_item_relations` (
  `order_id` int NOT NULL,
  `order_ident` varchar(255) DEFAULT NULL,
  `item_id` int DEFAULT NULL,
  `order_quantity` int DEFAULT NULL,
  `order_quantity_org` int DEFAULT NULL,
  `vendor_id` int DEFAULT NULL,
  `isOpen` tinyint DEFAULT NULL,
  `createdAt` datetime DEFAULT NULL,
  PRIMARY KEY (`order_id`),
  KEY `order_id_idx` (`order_id`)
) ENGINE=InnoDB DEFAULT CHARSET=utf8mb4 COLLATE=utf8mb4_0900_ai_ci;
/*!40101 SET character_set_client = @saved_cs_client */;

--
-- Dumping data for table `order_item_relations`
--

LOCK TABLES `order_item_relations` WRITE;
/*!40000 ALTER TABLE `order_item_relations` DISABLE KEYS */;
INSERT INTO `order_item_relations` VALUES (0,'20240902-1-12',1124,3,4,12,1,'2024-09-02 12:38:45'),(1,'20240902-1-12',101,3,3,12,1,'2024-09-02 12:38:45'),(2,'20241213-1-5',1166,1,5,5,0,'2024-12-13 10:27:07'),(3,'20241213-2-5',1166,3,3,5,1,'2024-12-13 10:32:53');
/*!40000 ALTER TABLE `order_item_relations` ENABLE KEYS */;
UNLOCK TABLES;

--
-- Table structure for table `order_objects`
--

DROP TABLE IF EXISTS `order_objects`;
/*!40101 SET @saved_cs_client     = @@character_set_client */;
/*!50503 SET character_set_client = utf8mb4 */;
CREATE TABLE `order_objects` (
  `order_id` int NOT NULL,
  `order_ident` varchar(45) DEFAULT NULL,
  `order_status` tinyint DEFAULT NULL,
  `order_email_sent` tinyint DEFAULT NULL,
  `order_date` datetime DEFAULT NULL,
  PRIMARY KEY (`order_id`)
) ENGINE=InnoDB DEFAULT CHARSET=utf8mb4 COLLATE=utf8mb4_0900_ai_ci;
/*!40101 SET character_set_client = @saved_cs_client */;

--
-- Dumping data for table `order_objects`
--

LOCK TABLES `order_objects` WRITE;
/*!40000 ALTER TABLE `order_objects` DISABLE KEYS */;
INSERT INTO `order_objects` VALUES (0,'20240902-1-12',1,0,'2024-09-02 12:38:45'),(1,'20241213-1-5',0,0,'2024-12-13 10:27:07'),(2,'20241213-2-5',1,0,'2024-12-13 10:32:53');
/*!40000 ALTER TABLE `order_objects` ENABLE KEYS */;
UNLOCK TABLES;

--
-- Table structure for table `reports_objects`
--

DROP TABLE IF EXISTS `reports_objects`;
/*!40101 SET @saved_cs_client     = @@character_set_client */;
/*!50503 SET character_set_client = utf8mb4 */;
CREATE TABLE `reports_objects` (
  `report_id` int NOT NULL,
  `report_location` varchar(255) DEFAULT NULL,
  `report_item` varchar(255) DEFAULT NULL,
  `report_user_id` int DEFAULT NULL,
  `report_note` varchar(255) DEFAULT NULL,
  `report_date` datetime DEFAULT NULL,
  `report_status` tinyint DEFAULT NULL,
  PRIMARY KEY (`report_id`)
) ENGINE=InnoDB DEFAULT CHARSET=utf8mb4 COLLATE=utf8mb4_0900_ai_ci;
/*!40101 SET character_set_client = @saved_cs_client */;

--
-- Dumping data for table `reports_objects`
--

LOCK TABLES `reports_objects` WRITE;
/*!40000 ALTER TABLE `reports_objects` DISABLE KEYS */;
/*!40000 ALTER TABLE `reports_objects` ENABLE KEYS */;
UNLOCK TABLES;

--
-- Table structure for table `settings`
--

DROP TABLE IF EXISTS `settings`;
/*!40101 SET @saved_cs_client     = @@character_set_client */;
/*!50503 SET character_set_client = utf8mb4 */;
CREATE TABLE `settings` (
  `settings_id` int NOT NULL,
  `settings_name` varchar(45) DEFAULT NULL,
  `settings_input` varchar(45) DEFAULT NULL,
  PRIMARY KEY (`settings_id`)
) ENGINE=InnoDB DEFAULT CHARSET=utf8mb4 COLLATE=utf8mb4_0900_ai_ci;
/*!40101 SET character_set_client = @saved_cs_client */;

--
-- Dumping data for table `settings`
--

LOCK TABLES `settings` WRITE;
/*!40000 ALTER TABLE `settings` DISABLE KEYS */;
INSERT INTO `settings` VALUES (1,'decimal',',');
/*!40000 ALTER TABLE `settings` ENABLE KEYS */;
UNLOCK TABLES;

--
-- Table structure for table `syncdatatable`
--

DROP TABLE IF EXISTS `syncdatatable`;
/*!40101 SET @saved_cs_client     = @@character_set_client */;
/*!50503 SET character_set_client = utf8mb4 */;
CREATE TABLE `syncdatatable` (
  `id` int DEFAULT NULL,
  `Art_Nr` text,
  `Bez_1` text,
  `Bez_2` text,
  `Suche_Stufe1` text,
  `Suche_Stufe2` text,
  `Suche_Stufe3` text,
  `Suche_Stufe4` text,
  `Suche_Stufe5` text,
  `Art_Suchbegriff` text,
  `Spare_Parts` text,
  `Total_Quantity` text,
  `Total_Quantity_New` text,
  `One_Time_Use` text,
  `Min_Quantity` text,
  `Order_Quantity` text,
  `Order_Status` text,
  `ImagePath` text,
  `updatedAt` text
) ENGINE=InnoDB DEFAULT CHARSET=utf8mb4 COLLATE=utf8mb4_0900_ai_ci;
/*!40101 SET character_set_client = @saved_cs_client */;

--
-- Dumping data for table `syncdatatable`
--

LOCK TABLES `syncdatatable` WRITE;
/*!40000 ALTER TABLE `syncdatatable` DISABLE KEYS */;
/*!40000 ALTER TABLE `syncdatatable` ENABLE KEYS */;
UNLOCK TABLES;

--
-- Table structure for table `user_privilege_relations`
--

DROP TABLE IF EXISTS `user_privilege_relations`;
/*!40101 SET @saved_cs_client     = @@character_set_client */;
/*!50503 SET character_set_client = utf8mb4 */;
CREATE TABLE `user_privilege_relations` (
  `id` int NOT NULL,
  `user_id` int DEFAULT NULL,
  `privilege_id` int DEFAULT NULL,
  PRIMARY KEY (`id`)
) ENGINE=InnoDB DEFAULT CHARSET=utf8mb4 COLLATE=utf8mb4_0900_ai_ci COMMENT='							';
/*!40101 SET character_set_client = @saved_cs_client */;

--
-- Dumping data for table `user_privilege_relations`
--

LOCK TABLES `user_privilege_relations` WRITE;
/*!40000 ALTER TABLE `user_privilege_relations` DISABLE KEYS */;
INSERT INTO `user_privilege_relations` VALUES (19,8,1),(20,8,2),(30,11,1),(31,11,2),(32,11,3),(33,11,4),(37,6,1),(38,6,2),(39,4,1),(40,4,2),(41,7,2),(49,9,1),(50,9,2),(51,9,3),(52,5,1),(53,5,2),(54,3,1),(55,3,2),(56,3,3),(57,3,4),(58,1,1),(59,1,2),(60,1,3),(61,1,4),(62,1,5);
/*!40000 ALTER TABLE `user_privilege_relations` ENABLE KEYS */;
UNLOCK TABLES;

--
-- Table structure for table `user_privileges`
--

DROP TABLE IF EXISTS `user_privileges`;
/*!40101 SET @saved_cs_client     = @@character_set_client */;
/*!50503 SET character_set_client = utf8mb4 */;
CREATE TABLE `user_privileges` (
  `privileges_id` int NOT NULL AUTO_INCREMENT,
  `privileges_name` varchar(45) DEFAULT NULL,
  `privileges_name_DE` varchar(45) DEFAULT NULL,
  PRIMARY KEY (`privileges_id`)
) ENGINE=InnoDB AUTO_INCREMENT=6 DEFAULT CHARSET=utf8mb4 COLLATE=utf8mb4_0900_ai_ci;
/*!40101 SET character_set_client = @saved_cs_client */;

--
-- Dumping data for table `user_privileges`
--

LOCK TABLES `user_privileges` WRITE;
/*!40000 ALTER TABLE `user_privileges` DISABLE KEYS */;
INSERT INTO `user_privileges` VALUES (1,'administration','Verwaltung'),(2,'rebooking','Umbuchung'),(3,'ordersystem','Bestellsystem'),(4,'statistics','Statistik'),(5,'measuring_equipment','Messmittelverwaltung');
/*!40000 ALTER TABLE `user_privileges` ENABLE KEYS */;
UNLOCK TABLES;

--
-- Table structure for table `user_roles`
--

DROP TABLE IF EXISTS `user_roles`;
/*!40101 SET @saved_cs_client     = @@character_set_client */;
/*!50503 SET character_set_client = utf8mb4 */;
CREATE TABLE `user_roles` (
  `role_id` int NOT NULL AUTO_INCREMENT,
  `name` varchar(45) DEFAULT NULL,
  PRIMARY KEY (`role_id`)
) ENGINE=InnoDB AUTO_INCREMENT=18 DEFAULT CHARSET=utf8mb4 COLLATE=utf8mb4_0900_ai_ci;
/*!40101 SET character_set_client = @saved_cs_client */;

--
-- Dumping data for table `user_roles`
--

LOCK TABLES `user_roles` WRITE;
/*!40000 ALTER TABLE `user_roles` DISABLE KEYS */;
INSERT INTO `user_roles` VALUES (1,'Hilfsarbeiter'),(2,'Zerspanungsmechaniker Drehtechnik'),(3,'Zerspanungsmechaniker Frstechnik'),(4,'Industriemechaniker'),(5,'Werkzeugmacher'),(6,'Feinwerkmechaniker'),(7,'Auszubildener'),(8,'Praktikant'),(9,'Produktionsleiter'),(10,'Geschftsfhrer'),(11,'Aushilfe'),(12,'Entwickler'),(13,'Administrator'),(14,'Mitarbeiter'),(15,'Mdchen fr allet'),(16,'Dreher'),(17,'Technische Zeichnerin');
/*!40000 ALTER TABLE `user_roles` ENABLE KEYS */;
UNLOCK TABLES;

--
-- Table structure for table `users`
--

DROP TABLE IF EXISTS `users`;
/*!40101 SET @saved_cs_client     = @@character_set_client */;
/*!50503 SET character_set_client = utf8mb4 */;
CREATE TABLE `users` (
  `user_id` int NOT NULL AUTO_INCREMENT,
  `user_ident` varchar(45) DEFAULT NULL,
  `username` varchar(45) DEFAULT NULL,
  `user_password` varchar(255) DEFAULT NULL,
  `name` varchar(45) DEFAULT NULL,
  `surname` varchar(45) DEFAULT NULL,
  `email` varchar(45) DEFAULT NULL,
  `role_id` int DEFAULT NULL,
  `culture_id` int DEFAULT NULL,
  `isDeactivated` tinyint(1) DEFAULT '1',
  PRIMARY KEY (`user_id`)
) ENGINE=InnoDB AUTO_INCREMENT=12 DEFAULT CHARSET=utf8mb4 COLLATE=utf8mb4_0900_ai_ci;
/*!40101 SET character_set_client = @saved_cs_client */;

--
-- Dumping data for table `users`
--

LOCK TABLES `users` WRITE;
/*!40000 ALTER TABLE `users` DISABLE KEYS */;
INSERT INTO `users` VALUES (1,'0000','Root','admin','Master','User','no-reply@toolpilot.info',12,4,0),(2,'9632','Lange','9632','Bartholomus','Lange','',15,4,1),(3,'4630','rs','4630','Rainer','Schmidts','info@schmidtsgmbh.de',10,4,0),(4,'1171','Stefan','1171','Stefan','Fehlberg','',3,4,0),(5,'6666','rf','6666','Ralf','Wiedermann','',3,4,0),(6,'1507','Eduard','1507','Eduard','Hoppe','',2,4,0),(7,'1904','Rolo','1904','Roland','Grabowski','',3,4,0),(8,'0815','Kai','0815','Kai','Jungbluth','',1,4,0),(9,'1112','mk','1112','Markus','Korwald','',3,4,0),(10,'2305','Cammaroto','2305','Francesco','Cammaroto','',2,4,0),(11,'2104','Bigus','2104','Conny','Bigus','',17,4,0);
/*!40000 ALTER TABLE `users` ENABLE KEYS */;
UNLOCK TABLES;

--
-- Table structure for table `vendor_objects`
--

DROP TABLE IF EXISTS `vendor_objects`;
/*!40101 SET @saved_cs_client     = @@character_set_client */;
/*!50503 SET character_set_client = utf8mb4 */;
CREATE TABLE `vendor_objects` (
  `vendor_id` int NOT NULL,
  `vendor_name` varchar(45) DEFAULT NULL,
  `vendor_adress` varchar(45) DEFAULT NULL,
  `vendor_postcode` varchar(45) DEFAULT NULL,
  `vendor_city` varchar(45) DEFAULT NULL,
  `vendor_country` varchar(45) DEFAULT NULL,
  `vendor_website` varchar(45) DEFAULT NULL,
  `vendor_phone` varchar(45) DEFAULT NULL,
  `vendor_mail` varchar(45) DEFAULT NULL,
  `vendor_contact` varchar(45) DEFAULT NULL,
  `vendor_auto_order` tinyint DEFAULT NULL,
  `vendor_customerid` varchar(255) DEFAULT NULL,
  PRIMARY KEY (`vendor_id`)
) ENGINE=InnoDB DEFAULT CHARSET=utf8mb4 COLLATE=utf8mb4_0900_ai_ci;
/*!40101 SET character_set_client = @saved_cs_client */;

--
-- Dumping data for table `vendor_objects`
--

LOCK TABLES `vendor_objects` WRITE;
/*!40000 ALTER TABLE `vendor_objects` DISABLE KEYS */;
INSERT INTO `vendor_objects` VALUES (0,'Schmidts GmbH','','','','DE','','','','',0,''),(1,'Schmidts GmbH','','','','DE','','','','',0,''),(2,'schrauben','','','','DE','','','','',0,''),(3,'rinaldi tools','','','','DE','','','','',0,''),(4,'Martin Isak Zerspanungstechnik','Gleiwitzer Strae 8','45665','Recklinghausen','DE','www.werkzeuge-isak.de','02361 27642','info@werkzeuge-isak.de','',0,''),(5,'Toologic GmbH','Witzlebenstr. 16','45472','Mlheim','DE','www.toologic.de','0208-780480','info@toologic.de','',0,''),(6,'DC Swiss GmbH','Graseggerstrae 125','50737','Kln','DE','www.dcswiss.de','0221 995532 0','info@dcswiss.de','',0,''),(7,'Pieper GmbH','Hseler Strae 22','42579','Heiligenhaus','DE','','02056.28 00','info@schleifmich.de','',0,''),(8,'Feike Przisionstechnik GmbH','Marie-Curie-Strae 1','26129','Oldenburg','DE','www.feike-pt.de','0441 9603140','c','',0,''),(9,'Jongen Werkzeugtechnik GmbH','Siemensring 11','47877','Willich','DE','www.jongen.de','02154 9285 0','info@jongen.de','',0,''),(10,'Gebo GmbH','','','','DE','','','','',0,''),(11,'CeramTec GmbH','Hauptstrasse 56','73061','Ebersbach','DE','https://www.ceramtec.de/','07163 166 0','','',0,''),(12,'Ghring KG','Herderstr. 50-54','72458','Albstadt','DE','www.guehring.de','07431 17 21584','matthias.bernath@guehring.de','',0,''),(13,'Paul Horn GmbH','Unter dem Holz 33-35','72072','Tbingen','DE','www.phorn.de','07071 7004 0','info@phorn.de','',0,''),(14,'Hahn + Kolb Werkzeuge GmbH','Schlieffenstrasse 40','71636','Ludwigsburg','DE','www.hahn-kolb.de','07141 498 0','info@hahn-kolb.de','',0,''),(15,'Wohlhaupter','Maybachstr 4','72635','Frickenhausen','DE','www.alliedmachine.com','07022 408 0','info@wohlhaupter.com','',0,''),(16,'Haas','','','','','','','','',0,''),(17,'Sartorius','','','','','','','','',0,'');
/*!40000 ALTER TABLE `vendor_objects` ENABLE KEYS */;
UNLOCK TABLES;
/*!40103 SET TIME_ZONE=@OLD_TIME_ZONE */;

/*!40101 SET SQL_MODE=@OLD_SQL_MODE */;
/*!40014 SET FOREIGN_KEY_CHECKS=@OLD_FOREIGN_KEY_CHECKS */;
/*!40014 SET UNIQUE_CHECKS=@OLD_UNIQUE_CHECKS */;
/*!40101 SET CHARACTER_SET_CLIENT=@OLD_CHARACTER_SET_CLIENT */;
/*!40101 SET CHARACTER_SET_RESULTS=@OLD_CHARACTER_SET_RESULTS */;
/*!40101 SET COLLATION_CONNECTION=@OLD_COLLATION_CONNECTION */;
/*!40111 SET SQL_NOTES=@OLD_SQL_NOTES */;

-- Dump completed on 2025-03-19  9:18:49
